Conflictos de formato.py — 2026-08-06 15:16:51
Input: nuevo/filter_gc_20260721.csv
BINs unicos: 89741  Combinaciones: 240594
Duplicados: 40  Conflictos columna: 7161
============================================================

[COL] BIN 1000007: 'House No' conflicto {'4', '25'}, usando '4'
[COL] BIN 1000007: 'Street Name' conflicto {'WATER STREET', 'NEW YORK PLAZA'}, usando 'NEW YORK PLAZA'
[COL] BIN 1000018: 'Street Name' conflicto {'STATE STREET PLAZA', 'STATE ST PLAZA', 'STATE STREET'}, usando 'STATE STREET'
[COL] BIN 1000301: 'House No' conflicto {'328', '350', '340'}, usando '350'
[COL] BIN 1000794: 'House No' conflicto {'84', '92', '88'}, usando '88'
[COL] BIN 1000803: 'House No' conflicto {'35', '39'}, usando '35'
[COL] BIN 1000808: 'House No' conflicto {'61', '57'}, usando '57'
[COL] BIN 1000815: 'House No' conflicto {'60', '1'}, usando '1'
[COL] BIN 1000815: 'Street Name' conflicto {'BROADWAY', 'WALL STREET'}, usando 'WALL STREET'
[COL] BIN 1000817: 'House No' conflicto {'60', '33', '25'}, usando '60'
[COL] BIN 1000817: 'Street Name' conflicto {'BEAVER STREET', 'BROAD STREET'}, usando 'BROAD STREET'
[COL] BIN 1000821: 'House No' conflicto {'55', '49'}, usando '49'
[COL] BIN 1000825: 'House No' conflicto {'40', '36'}, usando '40'
[COL] BIN 1000832: 'LOT' conflicto {'5', '7502'}, usando '7502'
[COL] BIN 1000833: 'Street Name' conflicto {'HANOVER SQUARE', 'HANOVER STREET'}, usando 'HANOVER SQUARE'
[COL] BIN 1000835: 'House No' conflicto {'82', '1'}, usando '1'
[COL] BIN 1000835: 'Street Name' conflicto {'BEAVER STREET', 'WALL STREET COURT'}, usando 'WALL STREET COURT'
[COL] BIN 1000849: 'House No' conflicto {'61', '75'}, usando '75'
[COL] BIN 1000855: 'House No' conflicto {'100', '7', '50'}, usando '7'
[COL] BIN 1000855: 'Street Name' conflicto {'HANOVER SQUARE', 'PEARL STREET', 'WATER STREET'}, usando 'HANOVER SQUARE'
[COL] BIN 1000863: 'House No' conflicto {'77', '1'}, usando '77'
[COL] BIN 1000863: 'Street Name' conflicto {'WATER STREET', 'GOUVERNEUR LANE'}, usando 'WATER STREET'
[COL] BIN 1000880: 'House No' conflicto {'80', '110'}, usando '110'
[COL] BIN 1000880: 'Street Name' conflicto {'PINE STREET', 'MAIDEN LANE'}, usando 'MAIDEN LANE'
[COL] BIN 1000884: 'House No' conflicto {'130', '164'}, usando '130'
[COL] BIN 1000884: 'Street Name' conflicto {'PEARL STREET', 'WATER STREET'}, usando 'WATER STREET'
[COL] BIN 1001040: 'House No' conflicto {'125', '120'}, usando '125'
[COL] BIN 1001040: 'Street Name' conflicto {'LIBERTY STREET', 'CEDAR STREET'}, usando 'CEDAR STREET'
[COL] BIN 1001060: 'House No' conflicto {'75', '71'}, usando '75'
[COL] BIN 1001079: 'House No' conflicto {'4', '173'}, usando '4'
[COL] BIN 1001079: 'Street Name' conflicto {'BROADWAY', 'CORTLANDT STREET'}, usando 'CORTLANDT STREET'
[COL] BIN 1001084: 'House No' conflicto {'45', '55'}, usando '55'
[COL] BIN 1001084: 'Street Name' conflicto {'LIBERTY STREET', 'NASSAU STREET'}, usando 'LIBERTY STREET'
[COL] BIN 1001095: 'House No' conflicto {'25', '59'}, usando '25'
[COL] BIN 1001095: 'Street Name' conflicto {'MAIDEN LANE', 'NASSAU STREET'}, usando 'MAIDEN LANE'
[COL] BIN 1001099: 'House No' conflicto {'174', '1'}, usando '1'
[COL] BIN 1001099: 'Street Name' conflicto {'BROADWAY', 'MAIDEN LANE'}, usando 'MAIDEN LANE'
[COL] BIN 1001100: 'House No' conflicto {'176', '3'}, usando '176'
[COL] BIN 1001100: 'Street Name' conflicto {'BROADWAY', 'MAIDEN LANE'}, usando 'BROADWAY'
[COL] BIN 1001134: 'House No' conflicto {'176', '228', '180'}, usando '180'
[COL] BIN 1001134: 'Street Name' conflicto {'PEARL STREET', 'WATER STREET'}, usando 'WATER STREET'
[COL] BIN 1001163: 'House No' conflicto {'200', '127'}, usando '200'
[COL] BIN 1001163: 'Street Name' conflicto {'JOHN STREET', 'WATER STREET'}, usando 'WATER STREET'
[COL] BIN 1001215: 'House No' conflicto {'25', '29', '71'}, usando '71'
[COL] BIN 1001215: 'Street Name' conflicto {'JOHN STREET', 'NASSAU STREET'}, usando 'NASSAU STREET'
[COL] BIN 1001228: 'House No' conflicto {'100', '140'}, usando '140'
[COL] BIN 1001228: 'Street Name' conflicto {'WEST STREET', 'BARCLAY STREET'}, usando 'WEST STREET'
[COL] BIN 1001242: 'House No' conflicto {'93', '139', '28'}, usando '93'
[COL] BIN 1001242: 'Street Name' conflicto {'FULTON STREET', 'ANN STREET', 'NASSAU STREET'}, usando 'NASSAU STREET'
[COL] BIN 1001245: 'House No' conflicto {'222', '212'}, usando '212'
[COL] BIN 1001258: 'House No' conflicto {'25', '105'}, usando '105'
[COL] BIN 1001258: 'Street Name' conflicto {'ANN STREET', 'NASSAU STREET'}, usando 'NASSAU STREET'
[COL] BIN 1001263: 'House No' conflicto {'111', '155'}, usando '111'
[COL] BIN 1001263: 'Street Name' conflicto {'FULTON STREET', 'WILLIAM STREET'}, usando 'FULTON STREET'
[COL] BIN 1001269: 'House No' conflicto {'163', '161'}, usando '161'
[COL] BIN 1001288: 'House No' conflicto {'61', '69'}, usando '69'
[COL] BIN 1001318: 'House No' conflicto {'11', '139'}, usando '139'
[COL] BIN 1001318: 'Street Name' conflicto {'FULTON STREET', 'BEEKMAN STREET'}, usando 'BEEKMAN STREET'
[COL] BIN 1001355: 'House No' conflicto {'35', '145'}, usando '145'
[COL] BIN 1001355: 'Street Name' conflicto {'PARK ROW', 'NASSAU STREET'}, usando 'NASSAU STREET'
[COL] BIN 1001394: 'Street Name' conflicto {'CENTRE STREET', 'CENTER STREET'}, usando 'CENTRE STREET'
[COL] BIN 1001399: 'House No' conflicto {'11', '10'}, usando '11'
[COL] BIN 1001399: 'Street Name' conflicto {'PARK PLACE', 'MURRAY STREET'}, usando 'PARK PLACE'
[COL] BIN 1001409: 'LOT' conflicto {'20', '7501'}, usando '20'
[COL] BIN 1001410: 'House No' conflicto {'120', '110'}, usando '120'
[COL] BIN 1001416: 'House No' conflicto {'240', '97'}, usando '240'
[COL] BIN 1001416: 'Street Name' conflicto {'GREENWICH STREET', 'BARCLAY STREET'}, usando 'GREENWICH STREET'
[COL] BIN 1001434: 'House No' conflicto {'37', '130'}, usando '37'
[COL] BIN 1001434: 'Street Name' conflicto {'CHURCH STREET', 'MURRAY STREET'}, usando 'MURRAY STREET'
[COL] BIN 1001440: 'Street Name' conflicto {'MURRAY STREET', 'WARREN STREET'}, usando 'WARREN STREET'
[COL] BIN 1001444: 'House No' conflicto {'37', '136'}, usando '136'
[COL] BIN 1001444: 'Street Name' conflicto {'CHURCH STREET', 'WARREN STREET'}, usando 'CHURCH STREET'
[COL] BIN 1001451: 'House No' conflicto {'23', '25'}, usando '23'
[COL] BIN 1001451: 'Street Name' conflicto {'MURRAY STREET', 'WARREN STREET'}, usando 'WARREN STREET'
[COL] BIN 1001477: 'House No' conflicto {'52', '122'}, usando '52'
[COL] BIN 1001477: 'Street Name' conflicto {'CHAMBERS STREET', 'WARREN STREET'}, usando 'WARREN STREET'
[COL] BIN 1001480: 'House No' conflicto {'60', '81'}, usando '81'
[COL] BIN 1001480: 'Street Name' conflicto {'WEST BROADWAY', 'WARREN STREET'}, usando 'WEST BROADWAY'
[COL] BIN 1001487: 'House No' conflicto {'108', '146'}, usando '108'
[COL] BIN 1001487: 'Street Name' conflicto {'CHAMBERS STREET', 'CHURCH STREET'}, usando 'CHAMBERS STREET'
[COL] BIN 1001511: 'House No' conflicto {'19', '13'}, usando '13'
[COL] BIN 1001520: 'House No' conflicto {'190A', '323A'}, usando '323A'
[COL] BIN 1001520: 'Street Name' conflicto {'DUANE STREET', 'GREENWICH STREET'}, usando 'GREENWICH STREET'
[COL] BIN 1001531: 'House No' conflicto {'25', '166'}, usando '166'
[COL] BIN 1001531: 'Street Name' conflicto {'DUANE STREET', 'HUDSON STREET'}, usando 'DUANE STREET'
[COL] BIN 1001543: 'House No' conflicto {'165', '165 #7A', '47'}, usando '165'
[COL] BIN 1001543: 'Street Name' conflicto {'DUANE STREET', 'HUDSON STREET'}, usando 'DUANE STREET'
[COL] BIN 1001556: 'House No' conflicto {'10', '8'}, usando '8'
[COL] BIN 1001589: 'House No' conflicto {'99', '97'}, usando '99'
[COL] BIN 1001591: 'House No' conflicto {'107', '168', '166'}, usando '166'
[COL] BIN 1001591: 'Street Name' conflicto {'CHAMBERS STREET', 'CHURCH STREET'}, usando 'CHURCH STREET'
[COL] BIN 1001596: 'House No' conflicto {'106', '108', '104'}, usando '108'
[COL] BIN 1001607: 'House No' conflicto {'141', '137', '62', '139'}, usando '137'
[COL] BIN 1001607: 'Street Name' conflicto {'DUANE STREET', 'THOMAS STREET'}, usando 'DUANE STREET'
[COL] BIN 1001619: 'House No' conflicto {'200', '52'}, usando '200'
[COL] BIN 1001619: 'Street Name' conflicto {'THOMAS STREET', 'CHURCH STREET'}, usando 'CHURCH STREET'
[COL] BIN 1001622: 'House No' conflicto {'40', '55'}, usando '40'
[COL] BIN 1001622: 'Street Name' conflicto {'WORTH STREET', 'THOMAS STREET'}, usando 'WORTH STREET'
[COL] BIN 1001625: 'House No' conflicto {'63', '61', '79'}, usando '61'
[COL] BIN 1001625: 'Street Name' conflicto {'CHAMBERS STREET', 'READE STREET'}, usando 'READE STREET'
[COL] BIN 1001627: 'House No' conflicto {'85', '67'}, usando '85'
[COL] BIN 1001627: 'Street Name' conflicto {'CHAMBERS STREET', 'READE STREET'}, usando 'CHAMBERS STREET'
[COL] BIN 1001631: 'House No' conflicto {'165', '159A'}, usando '165'
[COL] BIN 1001637: 'House No' conflicto {'62', '64'}, usando '64'
[COL] BIN 1001637: 'LOT' conflicto {'5', '4'}, usando '5'
[COL] BIN 1001642: 'House No' conflicto {'183', '179'}, usando '183'
[COL] BIN 1001643: 'House No' conflicto {'120', '118'}, usando '120'
[COL] BIN 1001645: 'House No' conflicto {'110', '108'}, usando '108'
[COL] BIN 1001650: 'House No' conflicto {'12', '105'}, usando '105'
[COL] BIN 1001650: 'Street Name' conflicto {'DUANE STREET', 'THOMAS STREET'}, usando 'DUANE STREET'
[COL] BIN 1001705: 'House No' conflicto {'11', '12'}, usando '11'
[COL] BIN 1001789: 'House No' conflicto {'50', '69'}, usando '69'
[COL] BIN 1001789: 'Street Name' conflicto {'MOTT STREET', 'BAYARD STREET'}, usando 'BAYARD STREET'
[COL] BIN 1001795: 'House No' conflicto {'55A', '55'}, usando '55A'
[COL] BIN 1001815: 'House No' conflicto {'47', '49'}, usando '49'
[COL] BIN 1001830: 'Street Name' conflicto {'CENTRE STREET', 'CENTER STREET'}, usando 'CENTER STREET'
[COL] BIN 1001835: 'House No' conflicto {'50', '108'}, usando '108'
[COL] BIN 1001835: 'Street Name' conflicto {'LAFAYETTE STREET', 'LEONARD STREET'}, usando 'LEONARD STREET'
[COL] BIN 1001838: 'House No' conflicto {'101', '350'}, usando '101'
[COL] BIN 1001838: 'Street Name' conflicto {'BROADWAY', 'LEONARD STREET'}, usando 'LEONARD STREET'
[COL] BIN 1001866: 'House No' conflicto {'378', '376'}, usando '378'
[COL] BIN 1001874: 'House No' conflicto {'80', '78', '79'}, usando '80'
[COL] BIN 1001874: 'Street Name' conflicto {'WORTH STREET', 'LEONARD STREET'}, usando 'LEONARD STREET'
[COL] BIN 1001883: 'House No' conflicto {'335', '93'}, usando '93'
[COL] BIN 1001883: 'Street Name' conflicto {'BROADWAY', 'WORTH STREET'}, usando 'WORTH STREET'
[COL] BIN 1001895: 'House No' conflicto {'95', '93'}, usando '95'
[COL] BIN 1001924: 'House No' conflicto {'90', '271'}, usando '90'
[COL] BIN 1001924: 'Street Name' conflicto {'CHURCH STREET', 'FRANKLIN STREET'}, usando 'FRANKLIN STREET'
[COL] BIN 1001937: 'House No' conflicto {'5', '371'}, usando '5'
[COL] BIN 1001937: 'Street Name' conflicto {'BROADWAY', 'FRANKLIN PLACE'}, usando 'FRANKLIN PLACE'
[COL] BIN 1001939: 'House No' conflicto {'68', '365'}, usando '365'
[COL] BIN 1001939: 'Street Name' conflicto {'BROADWAY', 'FRANKLIN STREET'}, usando 'BROADWAY'
[COL] BIN 1001988: 'House No' conflicto {'5', '221'}, usando '5'
[COL] BIN 1001988: 'Street Name' conflicto {'WHITE STREET', 'WEST BROADWAY'}, usando 'WHITE STREET'
[COL] BIN 1001990: 'House No' conflicto {'17', '13'}, usando '13'
[COL] BIN 1002008: 'House No' conflicto {'19', '21'}, usando '21'
[COL] BIN 1002012: 'House No' conflicto {'100', '96'}, usando '100'
[COL] BIN 1002045: 'House No' conflicto {'67', '3'}, usando '67'
[COL] BIN 1002045: 'Street Name' conflicto {'JAY STREET', 'HUDSON STREET'}, usando 'HUDSON STREET'
[COL] BIN 1002116: 'Street Name' conflicto {'NORTH MOORE STREET', 'NO MOORE STREET'}, usando 'NORTH MOORE STREET'
[COL] BIN 1002118: 'House No' conflicto {'117', '119'}, usando '117'
[COL] BIN 1002124: 'House No' conflicto {'387', '391', '62', '397'}, usando '62'
[COL] BIN 1002124: 'Street Name' conflicto {'GREENWICH STREET', 'BEACH STREET'}, usando 'BEACH STREET'
[COL] BIN 1002127: 'House No' conflicto {'125', '127', '121', '53'}, usando '121'
[COL] BIN 1002127: 'Street Name' conflicto {'NORTH MOORE STREET', 'HUDSON STREET'}, usando 'HUDSON STREET'
[COL] BIN 1002128: 'House No' conflicto {'142', '140'}, usando '140'
[COL] BIN 1002129: 'House No' conflicto {'144', '146'}, usando '144'
[COL] BIN 1002142: 'House No' conflicto {'38', '40'}, usando '40'
[COL] BIN 1002143: 'House No' conflicto {'34', '36'}, usando '34'
[COL] BIN 1002152: 'House No' conflicto {'228', '8'}, usando '228'
[COL] BIN 1002152: 'Street Name' conflicto {'WEST BROADWAY', 'NORTH MOORE STREET'}, usando 'WEST BROADWAY'
[COL] BIN 1002154: 'House No' conflicto {'222', '220', '6'}, usando '222'
[COL] BIN 1002154: 'Street Name' conflicto {'WEST BROADWAY', 'VARICK STREET'}, usando 'WEST BROADWAY'
[COL] BIN 1002192: 'Street Name' conflicto {'AVENUE OF THE AMERICAS', 'AVENUE OF AMERICAS', '6 AVENUE'}, usando 'AVENUE OF THE AMERICAS'
[COL] BIN 1002220: 'House No' conflicto {'68', '381'}, usando '68'
[COL] BIN 1002220: 'Street Name' conflicto {'BROADWAY', 'WHITE STREET'}, usando 'WHITE STREET'
[COL] BIN 1002348: 'House No' conflicto {'110', '106'}, usando '106'
[COL] BIN 1002382: 'House No' conflicto {'77', '106', '75'}, usando '75'
[COL] BIN 1002382: 'Street Name' conflicto {'BAXTER STREET', 'BAYARD STREET'}, usando 'BAXTER STREET'
[COL] BIN 1002385: 'House No' conflicto {'80', '78'}, usando '80'
[COL] BIN 1002395: 'House No' conflicto {'73', '75'}, usando '75'
[COL] BIN 1002399: 'LOT' conflicto {'24', '29'}, usando '29'
[COL] BIN 1002402: 'House No' conflicto {'56', '72'}, usando '72'
[COL] BIN 1002402: 'Street Name' conflicto {'MOTT STREET', 'BAYARD STREET'}, usando 'BAYARD STREET'
[COL] BIN 1002403: 'House No' conflicto {'64', '62', '60B'}, usando '60B'
[COL] BIN 1002415: 'House No' conflicto {'15', '13'}, usando '13'
[COL] BIN 1002421: 'House No' conflicto {'62', '64'}, usando '62'
[COL] BIN 1002428: 'House No' conflicto {'54', '58'}, usando '58'
[COL] BIN 1002429: 'House No' conflicto {'26A', '26'}, usando '26'
[COL] BIN 1002602: 'House No' conflicto {'163', '161'}, usando '163'
[COL] BIN 1002663: 'House No' conflicto {'235', '168'}, usando '168'
[COL] BIN 1002663: 'Street Name' conflicto {'CENTRE STREET', 'CANAL STREET'}, usando 'CENTRE STREET'
[COL] BIN 1002675: 'House No' conflicto {'189', '195', '191', '193', '241'}, usando '191'
[COL] BIN 1002675: 'Street Name' conflicto {'CENTRE STREET', 'CENTER STREET', 'CANAL STREET'}, usando 'CENTRE STREET'
[COL] BIN 1002680: 'House No' conflicto {'430', '428'}, usando '428'
[COL] BIN 1002692: 'House No' conflicto {'21', '267'}, usando '21'
[COL] BIN 1002692: 'Street Name' conflicto {'CANAL STREET', 'HOWARD STREET'}, usando 'HOWARD STREET'
[COL] BIN 1002695: 'House No' conflicto {'273', '31'}, usando '273'
[COL] BIN 1002695: 'Street Name' conflicto {'HOWARD STREET', 'CANAL STREET'}, usando 'CANAL STREET'
[COL] BIN 1002709: 'House No' conflicto {'326', '39'}, usando '326'
[COL] BIN 1002709: 'Street Name' conflicto {'LISPENARD STREET', 'CANAL STREET'}, usando 'CANAL STREET'
[COL] BIN 1002715: 'House No' conflicto {'304', '57'}, usando '57'
[COL] BIN 1002715: 'Street Name' conflicto {'LISPENARD STREET', 'CANAL STREET'}, usando 'LISPENARD STREET'
[COL] BIN 1002715: 'LOT' conflicto {'7503', '18'}, usando '7503'
[COL] BIN 1002736: 'House No' conflicto {'61', '1'}, usando '61'
[COL] BIN 1002736: 'Street Name' conflicto {'YORK STREET', '6 AVENUE'}, usando '6 AVENUE'
[COL] BIN 1002795: 'House No' conflicto {'55', '53'}, usando '55'
[COL] BIN 1002822: 'House No' conflicto {'74', '76'}, usando '74'
[COL] BIN 1002831: 'LOT' conflicto {'7505', '24'}, usando '24'
[COL] BIN 1002832: 'House No' conflicto {'416', '92'}, usando '92'
[COL] BIN 1002832: 'Street Name' conflicto {'LAIGHT STREET', 'WASHINGTON STREET'}, usando 'LAIGHT STREET'
[COL] BIN 1002836: 'House No' conflicto {'429', '62'}, usando '429'
[COL] BIN 1002836: 'Street Name' conflicto {'LAIGHT STREET', 'GREENWICH STREET'}, usando 'GREENWICH STREET'
[COL] BIN 1002843: 'House No' conflicto {'177', '27'}, usando '27'
[COL] BIN 1002843: 'Street Name' conflicto {'VESTRY STREET', 'HUDSON STREET'}, usando 'VESTRY STREET'
[COL] BIN 1002854: 'House No' conflicto {'200', '24'}, usando '24'
[COL] BIN 1002854: 'Street Name' conflicto {'VESTRY STREET', 'HUDSON STREET'}, usando 'VESTRY STREET'
[COL] BIN 1002921: 'House No' conflicto {'135', '451'}, usando '451'
[COL] BIN 1002921: 'Street Name' conflicto {'WASHINGTON STREET', 'WATTS STREET'}, usando 'WASHINGTON STREET'
[COL] BIN 1002929: 'House No' conflicto {'125', '18', '465', '463'}, usando '18'
[COL] BIN 1002929: 'Street Name' conflicto {'GREENWICH STREET', 'WATTS STREET', 'DESBROSSES STREET'}, usando 'DESBROSSES STREET'
[COL] BIN 1002933: 'House No' conflicto {'472', '480', '205'}, usando '205'
[COL] BIN 1002933: 'Street Name' conflicto {'HUDSON STREET', 'CANAL STREET'}, usando 'HUDSON STREET'
[COL] BIN 1002934: 'House No' conflicto {'73', '75'}, usando '75'
[COL] BIN 1002942: 'House No' conflicto {'35', '18'}, usando '18'
[COL] BIN 1002942: 'Street Name' conflicto {'GRAND STREET', 'THOMPSON STREET'}, usando 'THOMPSON STREET'
[COL] BIN 1002959: 'House No' conflicto {'301', '375'}, usando '375'
[COL] BIN 1002959: 'Street Name' conflicto {'WEST BROADWAY', 'CANAL STREET'}, usando 'CANAL STREET'
[COL] BIN 1002977: 'House No' conflicto {'23', '25'}, usando '25'
[COL] BIN 1002978: 'House No' conflicto {'19', '21'}, usando '21'
[COL] BIN 1002986: 'House No' conflicto {'329', '6'}, usando '6'
[COL] BIN 1002986: 'Street Name' conflicto {'CANAL STREET', 'GREENE STREET'}, usando 'GREENE STREET'
[COL] BIN 1002997: 'House No' conflicto {'103', '35'}, usando '35'
[COL] BIN 1002997: 'Street Name' conflicto {'GRAND STREET', 'MERCER STREET'}, usando 'MERCER STREET'
[COL] BIN 1003002: 'House No' conflicto {'11', '9'}, usando '9'
[COL] BIN 1003007: 'House No' conflicto {'47', '305'}, usando '305'
[COL] BIN 1003007: 'Street Name' conflicto {'HOWARD STREET', 'CANAL STREET'}, usando 'CANAL STREET'
[COL] BIN 1003023: 'House No' conflicto {'22', '443'}, usando '443'
[COL] BIN 1003023: 'Street Name' conflicto {'BROADWAY', 'MERCER STREET'}, usando 'BROADWAY'
[COL] BIN 1003028: 'House No' conflicto {'444', '12'}, usando '444'
[COL] BIN 1003028: 'Street Name' conflicto {'BROADWAY', 'CROSBY STREET'}, usando 'BROADWAY'
[COL] BIN 1003051: 'House No' conflicto {'148', '146'}, usando '148'
[COL] BIN 1003056: 'House No' conflicto {'221', '161'}, usando '161'
[COL] BIN 1003056: 'Street Name' conflicto {'GRAND STREET', 'CENTRE STREET'}, usando 'GRAND STREET'
[COL] BIN 1003071: 'House No' conflicto {'173', '179'}, usando '173'
[COL] BIN 1003090: 'House No' conflicto {'197', '201'}, usando '201'
[COL] BIN 1003091: 'House No' conflicto {'147', '145'}, usando '147'
[COL] BIN 1003103: 'House No' conflicto {'211', '209'}, usando '211'
[COL] BIN 1003105: 'House No' conflicto {'221', '219'}, usando '219'
[COL] BIN 1003106: 'House No' conflicto {'95', '95A'}, usando '95'
[COL] BIN 1003125: 'House No' conflicto {'116', '231'}, usando '231'
[COL] BIN 1003125: 'Street Name' conflicto {'GRAND STREET', 'BOWERY'}, usando 'GRAND STREET'
[COL] BIN 1003205: 'House No' conflicto {'210', '220'}, usando '220'
[COL] BIN 1003508: 'House No' conflicto {'57', '1'}, usando '57'
[COL] BIN 1003508: 'Street Name' conflicto {'DIVISION STREET', 'MARKET STREET'}, usando 'DIVISION STREET'
[COL] BIN 1003614: 'House No' conflicto {'16', '173'}, usando '173'
[COL] BIN 1003614: 'Street Name' conflicto {'JEFFERSON STREET', 'HENRY STREET'}, usando 'HENRY STREET'
[COL] BIN 1003864: 'House No' conflicto {'68', '37'}, usando '37'
[COL] BIN 1003864: 'Street Name' conflicto {'ORCHARD STREET', 'HESTER STREET'}, usando 'ORCHARD STREET'
[COL] BIN 1003865: 'House No' conflicto {'35', '34'}, usando '35'
[COL] BIN 1003865: 'Street Name' conflicto {'ORCHARD STREET', 'ALLEN STREET'}, usando 'ORCHARD STREET'
[COL] BIN 1003945: 'House No' conflicto {'73', '139'}, usando '73'
[COL] BIN 1003945: 'Street Name' conflicto {'CHRYSTIE STREET', 'HESTER STREET'}, usando 'CHRYSTIE STREET'
[COL] BIN 1003988: 'House No' conflicto {'59', '62', '64'}, usando '62'
[COL] BIN 1003988: 'Street Name' conflicto {'ORCHARD STREET', 'ALLEN STREET'}, usando 'ALLEN STREET'
[COL] BIN 1004064: 'House No' conflicto {'510', '504'}, usando '504'
[COL] BIN 1004065: 'House No' conflicto {'500', '500B', '500C'}, usando '500C'
[COL] BIN 1004302: 'House No' conflicto {'122', '131'}, usando '122'
[COL] BIN 1004302: 'Street Name' conflicto {'RIVINGTON STREET', 'NORFOLK STREET'}, usando 'NORFOLK STREET'
[COL] BIN 1004305: 'House No' conflicto {'142', '146'}, usando '146'
[COL] BIN 1004369: 'House No' conflicto {'11', '13'}, usando '11'
[COL] BIN 1004408: 'House No' conflicto {'54', '303'}, usando '54'
[COL] BIN 1004408: 'Street Name' conflicto {'EAST    4 STREET', 'AVENUE C'}, usando 'AVENUE C'
[COL] BIN 1004551: 'House No' conflicto {'444', '436'}, usando '444'
[COL] BIN 1004552: 'House No' conflicto {'143', '145'}, usando '145'
[COL] BIN 1004570: 'House No' conflicto {'15', '209'}, usando '209'
[COL] BIN 1004570: 'Street Name' conflicto {'EAST    2 STREET', 'AVENUE B'}, usando 'EAST    2 STREET'
[COL] BIN 1004658: 'House No' conflicto {'73', '75'}, usando '73'
[COL] BIN 1004733: 'LOT' conflicto {'7502', '1'}, usando '1'
[COL] BIN 1004986: 'House No' conflicto {'150', '24'}, usando '150'
[COL] BIN 1004986: 'Street Name' conflicto {'EAST    2 STREET', 'AVENUE A'}, usando 'EAST    2 STREET'
[COL] BIN 1005121: 'House No' conflicto {'500', '170'}, usando '500'
[COL] BIN 1005121: 'Street Name' conflicto {'EAST   11 STREET', 'AVENUE A'}, usando 'EAST   11 STREET'
[COL] BIN 1005203: 'House No' conflicto {'500', '208'}, usando '500'
[COL] BIN 1005203: 'Street Name' conflicto {'EAST   13 STREET', 'AVENUE A'}, usando 'EAST   13 STREET'
[COL] BIN 1005275: 'House No' conflicto {'249', '251'}, usando '251'
[COL] BIN 1005320: 'House No' conflicto {'101', '92', '96'}, usando '101'
[COL] BIN 1005320: 'Street Name' conflicto {'LUDLOW STREET', 'DELANCEY STREET'}, usando 'LUDLOW STREET'
[COL] BIN 1005440: 'House No' conflicto {'302', '71'}, usando '71'
[COL] BIN 1005440: 'Street Name' conflicto {'GRAND STREET', 'ALLEN STREET'}, usando 'ALLEN STREET'
[COL] BIN 1005447: 'House No' conflicto {'85', '261'}, usando '85'
[COL] BIN 1005447: 'Street Name' conflicto {'ORCHARD STREET', 'BROOME STREET'}, usando 'ORCHARD STREET'
[COL] BIN 1005451: 'House No' conflicto {'72', '318'}, usando '318'
[COL] BIN 1005451: 'Street Name' conflicto {'GRAND STREET', 'ALLEN STREET'}, usando 'GRAND STREET'
[COL] BIN 1005470: 'House No' conflicto {'79', '77'}, usando '79'
[COL] BIN 1005498: 'House No' conflicto {'143B', '81'}, usando '81'
[COL] BIN 1005498: 'Street Name' conflicto {'ORCHARD STREET', 'RIVINGTON STREET'}, usando 'RIVINGTON STREET'
[COL] BIN 1005508: 'House No' conflicto {'117', '80'}, usando '117'
[COL] BIN 1005508: 'Street Name' conflicto {'ORCHARD STREET', 'DELANCEY STREET'}, usando 'ORCHARD STREET'
[COL] BIN 1005528: 'House No' conflicto {'159', '164'}, usando '159'
[COL] BIN 1005528: 'Street Name' conflicto {'ORCHARD STREET', 'ALLEN STREET'}, usando 'ORCHARD STREET'
[COL] BIN 1005542: 'House No' conflicto {'159', '205'}, usando '159'
[COL] BIN 1005542: 'Street Name' conflicto {'EAST HOUSTON STREET', 'ALLEN STREET'}, usando 'EAST HOUSTON STREET'
[COL] BIN 1005548: 'House No' conflicto {'183', '199'}, usando '183'
[COL] BIN 1005548: 'Street Name' conflicto {'ORCHARD STREET', 'EAST HOUSTON STREET'}, usando 'EAST HOUSTON STREET'
[COL] BIN 1005558: 'House No' conflicto {'86', '173'}, usando '173'
[COL] BIN 1005558: 'Street Name' conflicto {'ORCHARD STREET', 'STANTON STREET'}, usando 'ORCHARD STREET'
[COL] BIN 1005559: 'House No' conflicto {'196', '198'}, usando '196'
[COL] BIN 1005568: 'House No' conflicto {'295', '297'}, usando '295'
[COL] BIN 1005589: 'House No' conflicto {'47', '49'}, usando '47'
[COL] BIN 1005735: 'House No' conflicto {'89', '26'}, usando '89'
[COL] BIN 1005735: 'Street Name' conflicto {'1 AVENUE', 'EAST    2 STREET'}, usando 'EAST    2 STREET'
[COL] BIN 1005762: 'House No' conflicto {'141', '43'}, usando '141'
[COL] BIN 1005762: 'Street Name' conflicto {'EAST    3 STREET', 'AVENUE A'}, usando 'EAST    3 STREET'
[COL] BIN 1005772: 'Street Name' conflicto {'1 AVENUE', 'FIRST AVENUE'}, usando 'FIRST AVENUE'
[COL] BIN 1005791: 'House No' conflicto {'109', '130'}, usando '109'
[COL] BIN 1005791: 'Street Name' conflicto {'AVENUE A', 'EAST    7 STREET'}, usando 'AVENUE A'
[COL] BIN 1005793: 'House No' conflicto {'103', '105'}, usando '103'
[COL] BIN 1005848: 'House No' conflicto {'117', '119'}, usando '119'
[COL] BIN 1005882: 'Street Name' conflicto {'SAINT MARKS PLACE', 'ST MARKS PLACE'}, usando 'ST MARKS PLACE'
[COL] BIN 1005892: 'Street Name' conflicto {'SAINT MARKS PLACE', 'ST MARKS PLACE'}, usando 'ST MARKS PLACE'
[COL] BIN 1005966: 'Street Name' conflicto {'1 AVENUE', 'FIRST AVENUE'}, usando '1 AVENUE'
[COL] BIN 1005968: 'Street Name' conflicto {'1 AVENUE', 'FIRST AVENUE'}, usando 'FIRST AVENUE'
[COL] BIN 1005981: 'Street Name' conflicto {'1 AVENUE', 'FIRST AVENUE'}, usando 'FIRST AVENUE'
[COL] BIN 1006009: 'Street Name' conflicto {'1 AVENUE', 'FIRST AVENUE'}, usando 'FIRST AVENUE'
[COL] BIN 1006095: 'House No' conflicto {'23', '21'}, usando '21'
[COL] BIN 1006132: 'House No' conflicto {'90', '45'}, usando '45'
[COL] BIN 1006132: 'Street Name' conflicto {'1 AVENUE', 'EAST    3 STREET'}, usando '1 AVENUE'
[COL] BIN 1006165: 'Street Name' conflicto {'2 AVENUE', 'SECOND AVENUE'}, usando 'SECOND AVENUE'
[COL] BIN 1006213: 'Street Name' conflicto {'1 AVENUE', 'FIRST AVENUE'}, usando 'FIRST AVENUE'
[COL] BIN 1006243: 'House No' conflicto {'344', '95'}, usando '344'
[COL] BIN 1006243: 'Street Name' conflicto {'EAST    6 STREET', 'FIRST AVENUE'}, usando 'EAST    6 STREET'
[COL] BIN 1006244: 'Street Name' conflicto {'1 AVENUE', 'FIRST AVENUE'}, usando '1 AVENUE'
[COL] BIN 1006285: 'Street Name' conflicto {'1 AVENUE', 'FIRST AVENUE'}, usando 'FIRST AVENUE'
[COL] BIN 1006286: 'Street Name' conflicto {'1 AVENUE', 'FIRST AVENUE'}, usando '1 AVENUE'
[COL] BIN 1006307: 'House No' conflicto {'47', '118'}, usando '47'
[COL] BIN 1006307: 'Street Name' conflicto {'2 AVENUE', 'EAST    7 STREET'}, usando 'EAST    7 STREET'
[COL] BIN 1006312: 'Street Name' conflicto {'2 AVENUE', 'SECOND AVENUE'}, usando '2 AVENUE'
[COL] BIN 1006363: 'Street Name' conflicto {'2 AVENUE', 'SECOND AVENUE'}, usando 'SECOND AVENUE'
[COL] BIN 1006434: 'Street Name' conflicto {'2 AVENUE', 'SECOND AVENUE'}, usando 'SECOND AVENUE'
[COL] BIN 1006435: 'Street Name' conflicto {'2 AVENUE', 'SECOND AVENUE'}, usando 'SECOND AVENUE'
[COL] BIN 1006454: 'Street Name' conflicto {'1 AVENUE', 'FIRST AVENUE'}, usando '1 AVENUE'
[COL] BIN 1006455: 'House No' conflicto {'163', '241'}, usando '163'
[COL] BIN 1006455: 'Street Name' conflicto {'1 AVENUE', 'EAST   10 STREET'}, usando '1 AVENUE'
[COL] BIN 1006522: 'Street Name' conflicto {'1 AVENUE', 'FIRST AVENUE'}, usando 'FIRST AVENUE'
[COL] BIN 1006527: 'Street Name' conflicto {'1 AVENUE', 'FIRST AVENUE'}, usando 'FIRST AVENUE'
[COL] BIN 1006574: 'House No' conflicto {'65', '82'}, usando '65'
[COL] BIN 1006574: 'Street Name' conflicto {'EAST    4 STREET', '2 AVENUE'}, usando '2 AVENUE'
[COL] BIN 1006671: 'Street Name' conflicto {'SAINT MARKS PLACE', 'ST MARKS PLACE'}, usando 'SAINT MARKS PLACE'
[COL] BIN 1006677: 'House No' conflicto {'131', '36'}, usando '36'
[COL] BIN 1006677: 'Street Name' conflicto {'SAINT MARKS PLACE', '2 AVENUE', 'ST MARKS PLACE'}, usando 'ST MARKS PLACE'
[COL] BIN 1006698: 'House No' conflicto {'63', '65', '67'}, usando '65'
[COL] BIN 1006748: 'House No' conflicto {'37', '133'}, usando '133'
[COL] BIN 1006748: 'Street Name' conflicto {'ST MARKS PLACE', '2 AVENUE'}, usando '2 AVENUE'
[COL] BIN 1006764: 'House No' conflicto {'39', '45', '33'}, usando '45'
[COL] BIN 1006764: 'Street Name' conflicto {'3 AVENUE', 'THIRD AVENUE'}, usando '3 AVENUE'
[COL] BIN 1006798: 'House No' conflicto {'151', '153'}, usando '151'
[COL] BIN 1006798: 'Street Name' conflicto {'2 AVENUE', 'SECOND AVENUE'}, usando '2 AVENUE'
[COL] BIN 1006826: 'House No' conflicto {'77', '83', '75'}, usando '83'
[COL] BIN 1006826: 'Street Name' conflicto {'3 AVENUE', 'THIRD AVENUE'}, usando '3 AVENUE'
[COL] BIN 1006905: 'House No' conflicto {'238', '240'}, usando '238'
[COL] BIN 1006929: 'House No' conflicto {'119', '121'}, usando '119'
[COL] BIN 1006938: 'House No' conflicto {'150', '152'}, usando '150'
[COL] BIN 1006985: 'House No' conflicto {'173', '373', '371'}, usando '173'
[COL] BIN 1006985: 'Street Name' conflicto {'MOTT STREET', 'BROOME STREET'}, usando 'MOTT STREET'
[COL] BIN 1007001: 'House No' conflicto {'187', '409'}, usando '187'
[COL] BIN 1007001: 'Street Name' conflicto {'LAFAYETTE STREET', 'BROOME STREET'}, usando 'LAFAYETTE STREET'
[COL] BIN 1007013: 'House No' conflicto {'38', '476'}, usando '38'
[COL] BIN 1007013: 'Street Name' conflicto {'BROADWAY', 'CROSBY STREET'}, usando 'CROSBY STREET'
[COL] BIN 1007034: 'LOT' conflicto {'10', '9'}, usando '9'
[COL] BIN 1007041: 'House No' conflicto {'47', '49'}, usando '47'
[COL] BIN 1007047: 'House No' conflicto {'487', '451'}, usando '487'
[COL] BIN 1007047: 'Street Name' conflicto {'BROADWAY', 'BROOME STREET'}, usando 'BROADWAY'
[COL] BIN 1007049: 'House No' conflicto {'54', '481'}, usando '54'
[COL] BIN 1007049: 'Street Name' conflicto {'BROADWAY', 'MERCER STREET'}, usando 'MERCER STREET'
[COL] BIN 1007050: 'House No' conflicto {'52', '477'}, usando '52'
[COL] BIN 1007050: 'Street Name' conflicto {'BROADWAY', 'MERCER STREET'}, usando 'MERCER STREET'
[COL] BIN 1007052: 'House No' conflicto {'473', '46'}, usando '46'
[COL] BIN 1007052: 'Street Name' conflicto {'BROADWAY', 'MERCER STREET'}, usando 'MERCER STREET'
[COL] BIN 1007056: 'House No' conflicto {'337', '337B'}, usando '337'
[COL] BIN 1007080: 'House No' conflicto {'47', '49'}, usando '49'
[COL] BIN 1007098: 'Street Name' conflicto {'AVENUE OF THE AMERICAS', '6 AVENUE'}, usando 'AVENUE OF THE AMERICAS'
[COL] BIN 1007101: 'House No' conflicto {'527', '525'}, usando '525'
[COL] BIN 1007109: 'House No' conflicto {'40', '15'}, usando '15'
[COL] BIN 1007109: 'Street Name' conflicto {'WATTS STREET', 'THOMPSON STREET'}, usando 'WATTS STREET'
[COL] BIN 1007113: 'House No' conflicto {'50', '340'}, usando '340'
[COL] BIN 1007113: 'Street Name' conflicto {'WEST BROADWAY', 'GRAND STREET'}, usando 'WEST BROADWAY'
[COL] BIN 1007119: 'Street Name' conflicto {'AVENUE OF THE AMERICAS', '6 AVENUE'}, usando 'AVENUE OF THE AMERICAS'
[COL] BIN 1007129: 'House No' conflicto {'354', '348', '146'}, usando '146'
[COL] BIN 1007129: 'Street Name' conflicto {'BROOME STREET', 'ELIZABETH STREET'}, usando 'ELIZABETH STREET'
[COL] BIN 1007158: 'House No' conflicto {'41', '192'}, usando '41'
[COL] BIN 1007158: 'Street Name' conflicto {'MOTT STREET', 'KENMARE STREET'}, usando 'KENMARE STREET'
[COL] BIN 1007178: 'House No' conflicto {'72', '70'}, usando '70'
[COL] BIN 1007179: 'House No' conflicto {'204', '75'}, usando '75'
[COL] BIN 1007179: 'Street Name' conflicto {'MULBERRY STREET', 'KENMARE STREET'}, usando 'KENMARE STREET'
[COL] BIN 1007190: 'House No' conflicto {'374', '372'}, usando '372'
[COL] BIN 1007192: 'LOT' conflicto {'7505', '7501', '40'}, usando '7501'
[COL] BIN 1007193: 'House No' conflicto {'398', '100', '400'}, usando '398'
[COL] BIN 1007193: 'Street Name' conflicto {'BROOME STREET', 'KENMARE STREET'}, usando 'BROOME STREET'
[COL] BIN 1007204: 'House No' conflicto {'394', '390'}, usando '394'
[COL] BIN 1007234: 'House No' conflicto {'512', '56'}, usando '56'
[COL] BIN 1007234: 'Street Name' conflicto {'BROADWAY', 'CROSBY STREET'}, usando 'CROSBY STREET'
[COL] BIN 1007235: 'House No' conflicto {'66', '62', '514'}, usando '66'
[COL] BIN 1007235: 'Street Name' conflicto {'BROADWAY', 'CROSBY STREET'}, usando 'CROSBY STREET'
[COL] BIN 1007238: 'House No' conflicto {'80', '524'}, usando '524'
[COL] BIN 1007238: 'Street Name' conflicto {'BROADWAY', 'SPRING STREET'}, usando 'BROADWAY'
[COL] BIN 1007251: 'House No' conflicto {'76', '503'}, usando '503'
[COL] BIN 1007251: 'Street Name' conflicto {'BROADWAY', 'MERCER STREET'}, usando 'BROADWAY'
[COL] BIN 1007266: 'House No' conflicto {'110', '106'}, usando '106'
[COL] BIN 1007280: 'House No' conflicto {'466', '56'}, usando '466'
[COL] BIN 1007280: 'Street Name' conflicto {'BROOME STREET', 'GREENE STREET'}, usando 'BROOME STREET'
[COL] BIN 1007288: 'House No' conflicto {'128', '132'}, usando '128'
[COL] BIN 1007307: 'House No' conflicto {'367', '500'}, usando '367'
[COL] BIN 1007307: 'Street Name' conflicto {'WEST BROADWAY', 'BROOME STREET'}, usando 'WEST BROADWAY'
[COL] BIN 1007308: 'House No' conflicto {'63', '375'}, usando '375'
[COL] BIN 1007308: 'Street Name' conflicto {'WEST BROADWAY', 'WOOSTER STREET'}, usando 'WEST BROADWAY'
[COL] BIN 1007310: 'House No' conflicto {'383', '69'}, usando '383'
[COL] BIN 1007310: 'Street Name' conflicto {'WEST BROADWAY', 'WOOSTER STREET'}, usando 'WEST BROADWAY'
[COL] BIN 1007311: 'House No' conflicto {'73', '387'}, usando '73'
[COL] BIN 1007311: 'Street Name' conflicto {'WEST BROADWAY', 'WOOSTER STREET'}, usando 'WOOSTER STREET'
[COL] BIN 1007314: 'House No' conflicto {'152', '154'}, usando '152'
[COL] BIN 1007333: 'House No' conflicto {'394', '392'}, usando '394'
[COL] BIN 1007335: 'House No' conflicto {'386', '388'}, usando '386'
[COL] BIN 1007360: 'House No' conflicto {'79', '81'}, usando '81'
[COL] BIN 1007413: 'House No' conflicto {'8', '14'}, usando '8'
[COL] BIN 1007494: 'House No' conflicto {'250', '46'}, usando '250'
[COL] BIN 1007494: 'Street Name' conflicto {'MULBERRY STREET', 'PRINCE STREET'}, usando 'MULBERRY STREET'
[COL] BIN 1007530: 'House No' conflicto {'227', '229'}, usando '227'
[COL] BIN 1007549: 'House No' conflicto {'89', '250'}, usando '250'
[COL] BIN 1007549: 'Street Name' conflicto {'LAFAYETTE STREET', 'CROSBY STREET'}, usando 'LAFAYETTE STREET'
[COL] BIN 1007568: 'House No' conflicto {'76', '81'}, usando '76'
[COL] BIN 1007568: 'Street Name' conflicto {'CROSBY STREET', 'SPRING STREET'}, usando 'CROSBY STREET'
[COL] BIN 1007574: 'House No' conflicto {'561', '88'}, usando '561'
[COL] BIN 1007574: 'Street Name' conflicto {'BROADWAY', 'PRINCE STREET'}, usando 'BROADWAY'
[COL] BIN 1007576: 'House No' conflicto {'120', '555'}, usando '555'
[COL] BIN 1007576: 'Street Name' conflicto {'BROADWAY', 'MERCER STREET'}, usando 'BROADWAY'
[COL] BIN 1007579: 'House No' conflicto {'543', '114'}, usando '543'
[COL] BIN 1007579: 'Street Name' conflicto {'BROADWAY', 'MERCER STREET'}, usando 'BROADWAY'
[COL] BIN 1007610: 'House No' conflicto {'98', '96'}, usando '98'
[COL] BIN 1007622: 'House No' conflicto {'111', '107'}, usando '107'
[COL] BIN 1007622: 'Street Name' conflicto {'MERCER STREET', 'SPRING STREET'}, usando 'MERCER STREET'
[COL] BIN 1007638: 'House No' conflicto {'104', '102'}, usando '104'
[COL] BIN 1007639: 'House No' conflicto {'112', '110', '108', '114'}, usando '108'
[COL] BIN 1007654: 'House No' conflicto {'135', '131'}, usando '131'
[COL] BIN 1007654: 'LOT' conflicto {'38', '36'}, usando '36'
[COL] BIN 1007657: 'House No' conflicto {'116', '118'}, usando '118'
[COL] BIN 1007673: 'House No' conflicto {'95', '93', '97'}, usando '95'
[COL] BIN 1007703: 'House No' conflicto {'415', '413'}, usando '415'
[COL] BIN 1007711: 'House No' conflicto {'138', '435'}, usando '138'
[COL] BIN 1007711: 'Street Name' conflicto {'WEST BROADWAY', 'PRINCE STREET'}, usando 'PRINCE STREET'
[COL] BIN 1007713: 'House No' conflicto {'111', '113', '105'}, usando '113'
[COL] BIN 1007722: 'House No' conflicto {'411', '155'}, usando '155'
[COL] BIN 1007722: 'Street Name' conflicto {'WEST BROADWAY', 'SPRING STREET'}, usando 'SPRING STREET'
[COL] BIN 1007736: 'House No' conflicto {'167', '169'}, usando '169'
[COL] BIN 1007802: 'Street Name' conflicto {'SIXTH AVENUE', '6 AVENUE'}, usando '6 AVENUE'
[COL] BIN 1007822: 'Street Name' conflicto {'AVENUE OF AMERICAS', 'SIXTH AVENUE', 'AVENUE OF THE AMERICAS'}, usando 'AVENUE OF AMERICAS'
[COL] BIN 1007824: 'House No' conflicto {'233', '223', '12', '161'}, usando '233'
[COL] BIN 1007824: 'Street Name' conflicto {'SPRING STREET', 'AVENUE OF THE AMERICAS', 'AVENUE OF AMERICAS', 'VANDAM STREET', '6 AVENUE'}, usando 'SPRING STREET'
[COL] BIN 1007824: 'LOT' conflicto {'36', '31'}, usando '31'
[COL] BIN 1007827: 'House No' conflicto {'40', '34'}, usando '34'
[COL] BIN 1007832: 'House No' conflicto {'197', '2'}, usando '2'
[COL] BIN 1007832: 'Street Name' conflicto {'CHARLTON STREET', '6 AVENUE'}, usando 'CHARLTON STREET'
[COL] BIN 1007845: 'House No' conflicto {'226', '13'}, usando '13'
[COL] BIN 1007845: 'Street Name' conflicto {'PRINCE STREET', 'ELIZABETH STREET'}, usando 'PRINCE STREET'
[COL] BIN 1007863: 'House No' conflicto {'282', '284'}, usando '284'
[COL] BIN 1007873: 'House No' conflicto {'260', '258'}, usando '260'
[COL] BIN 1007929: 'House No' conflicto {'113', '67', '270'}, usando '270'
[COL] BIN 1007929: 'Street Name' conflicto {'LAFAYETTE STREET', 'CROSBY STREET', 'PRINCE STREET'}, usando 'LAFAYETTE STREET'
[COL] BIN 1007930: 'House No' conflicto {'125', '282', '284', '286'}, usando '284'
[COL] BIN 1007930: 'Street Name' conflicto {'LAFAYETTE STREET', 'CROSBY STREET'}, usando 'LAFAYETTE STREET'
[COL] BIN 1007931: 'House No' conflicto {'293', '285'}, usando '285'
[COL] BIN 1007941: 'House No' conflicto {'275', '295'}, usando '295'
[COL] BIN 1007941: 'Street Name' conflicto {'LAFAYETTE STREET', 'MULBERRY STREET'}, usando 'LAFAYETTE STREET'
[COL] BIN 1007942: 'House No' conflicto {'578', '568', '75'}, usando '568'
[COL] BIN 1007942: 'Street Name' conflicto {'BROADWAY', 'PRINCE STREET'}, usando 'BROADWAY'
[COL] BIN 1007944: 'House No' conflicto {'130', '594'}, usando '594'
[COL] BIN 1007944: 'Street Name' conflicto {'BROADWAY', 'CROSBY STREET'}, usando 'BROADWAY'
[COL] BIN 1007946: 'House No' conflicto {'136', '600'}, usando '136'
[COL] BIN 1007946: 'Street Name' conflicto {'BROADWAY', 'CROSBY STREET'}, usando 'CROSBY STREET'
[COL] BIN 1007953: 'House No' conflicto {'152', '579'}, usando '152'
[COL] BIN 1007953: 'Street Name' conflicto {'BROADWAY', 'MERCER STREET'}, usando 'MERCER STREET'
[COL] BIN 1007954: 'House No' conflicto {'148', '577'}, usando '148'
[COL] BIN 1007954: 'Street Name' conflicto {'BROADWAY', 'MERCER STREET'}, usando 'MERCER STREET'
[COL] BIN 1007955: 'House No' conflicto {'158', '583'}, usando '158'
[COL] BIN 1007955: 'Street Name' conflicto {'BROADWAY', 'MERCER STREET'}, usando 'MERCER STREET'
[COL] BIN 1007973: 'House No' conflicto {'148', '150'}, usando '148'
[COL] BIN 1007983: 'House No' conflicto {'147', '99'}, usando '147'
[COL] BIN 1007983: 'Street Name' conflicto {'MERCER STREET', 'PRINCE STREET'}, usando 'MERCER STREET'
[COL] BIN 1007997: 'House No' conflicto {'135', '133'}, usando '133'
[COL] BIN 1008011: 'House No' conflicto {'73', '65', '77', '71'}, usando '71'
[COL] BIN 1008018: 'House No' conflicto {'135', '131', '133'}, usando '133'
[COL] BIN 1008024: 'House No' conflicto {'468', '140'}, usando '468'
[COL] BIN 1008024: 'Street Name' conflicto {'WEST BROADWAY', 'THOMPSON STREET'}, usando 'WEST BROADWAY'
[COL] BIN 1008028: 'House No' conflicto {'150', '478'}, usando '150'
[COL] BIN 1008028: 'Street Name' conflicto {'WEST BROADWAY', 'THOMPSON STREET'}, usando 'THOMPSON STREET'
[COL] BIN 1008067: 'House No' conflicto {'56', '58'}, usando '58'
[COL] BIN 1008099: 'House No' conflicto {'16', '213'}, usando '16'
[COL] BIN 1008099: 'Street Name' conflicto {'KING STREET', '6 AVENUE'}, usando 'KING STREET'
[COL] BIN 1008118: 'LOT' conflicto {'7503', '1'}, usando '1'
[COL] BIN 1008181: 'Street Name' conflicto {'BLEEKER STREET', 'BLEECKER STREET'}, usando 'BLEEKER STREET'
[COL] BIN 1008186: 'Street Name' conflicto {'BLEEKER STREET', 'BLEECKER STREET'}, usando 'BLEEKER STREET'
[COL] BIN 1008212: 'House No' conflicto {'632', '166'}, usando '632'
[COL] BIN 1008212: 'Street Name' conflicto {'BROADWAY', 'CROSBY STREET'}, usando 'BROADWAY'
[COL] BIN 1008213: 'House No' conflicto {'168', '636', '170'}, usando '636'
[COL] BIN 1008213: 'Street Name' conflicto {'BROADWAY', 'CROSBY STREET'}, usando 'BROADWAY'
[COL] BIN 1008214: 'House No' conflicto {'68', '640'}, usando '640'
[COL] BIN 1008214: 'Street Name' conflicto {'BROADWAY', 'BLEECKER STREET'}, usando 'BROADWAY'
[COL] BIN 1008222: 'House No' conflicto {'319', '315'}, usando '315'
[COL] BIN 1008223: 'House No' conflicto {'330', '54'}, usando '330'
[COL] BIN 1008223: 'Street Name' conflicto {'LAFAYETTE STREET', 'BLEECKER STREET'}, usando 'LAFAYETTE STREET'
[COL] BIN 1008236: 'Street Name' conflicto {'BLEEKER STREET', 'BLEECKER STREET'}, usando 'BLEECKER STREET'
[COL] BIN 1008237: 'House No' conflicto {'627', '194'}, usando '194'
[COL] BIN 1008237: 'Street Name' conflicto {'BROADWAY', 'MERCER STREET'}, usando 'MERCER STREET'
[COL] BIN 1008266: 'House No' conflicto {'154', '184'}, usando '154'
[COL] BIN 1008266: 'Street Name' conflicto {'THOMPSON STREET', 'BLEECKER STREET'}, usando 'BLEECKER STREET'
[COL] BIN 1008268: 'Street Name' conflicto {'LAGUARDIA PLACE', 'LA GUARDIA PLACE'}, usando 'LA GUARDIA PLACE'
[COL] BIN 1008281: 'Street Name' conflicto {'LAGUARDIA PLACE', 'LA GUARDIA PLACE'}, usando 'LA GUARDIA PLACE'
[COL] BIN 1008295: 'House No' conflicto {'262', '260'}, usando '262'
[COL] BIN 1008304: 'House No' conflicto {'85', '83'}, usando '83'
[COL] BIN 1008308: 'Street Name' conflicto {'MAC DOUGAL STREET', 'MACDOUGAL STREET'}, usando 'MAC DOUGAL STREET'
[COL] BIN 1008403: 'House No' conflicto {'76', '78'}, usando '76'
[COL] BIN 1008408: 'House No' conflicto {'37A', '58', '62', '64'}, usando '62'
[COL] BIN 1008408: 'Street Name' conflicto {'BEDFORD STREET', 'CARMINE STREET'}, usando 'CARMINE STREET'
[COL] BIN 1008412: 'House No' conflicto {'49', '51'}, usando '49'
[COL] BIN 1008448: 'House No' conflicto {'27', '29'}, usando '27'
[COL] BIN 1008448: 'Street Name' conflicto {'BLEEKER STREET', 'BLEECKER STREET'}, usando 'BLEECKER STREET'
[COL] BIN 1008488: 'House No' conflicto {'340', '338'}, usando '338'
[COL] BIN 1008529: 'House No' conflicto {'692', '14'}, usando '14'
[COL] BIN 1008529: 'Street Name' conflicto {'BROADWAY', 'EAST    4 STREET'}, usando 'EAST    4 STREET'
[COL] BIN 1008627: 'House No' conflicto {'17', '251'}, usando '251'
[COL] BIN 1008627: 'Street Name' conflicto {'MERCER STREET', 'WEST    3 STREET'}, usando 'MERCER STREET'
[COL] BIN 1008629: 'House No' conflicto {'250', '689', '683', '1', '248'}, usando '250'
[COL] BIN 1008629: 'Street Name' conflicto {'BROADWAY', 'MERCER STREET', 'WEST    3 STREET'}, usando 'MERCER STREET'
[COL] BIN 1008650: 'Street Name' conflicto {'LAGUARDIA PLACE', 'LA GUARDIA PLACE'}, usando 'LAGUARDIA PLACE'
[COL] BIN 1008651: 'Street Name' conflicto {'LAGUARDIA PLACE', 'LA GUARDIA PLACE'}, usando 'LA GUARDIA PLACE'
[COL] BIN 1008674: 'Street Name' conflicto {'WEST THIRD STREET', 'WEST    3 STREET'}, usando 'WEST    3 STREET'
[COL] BIN 1008681: 'House No' conflicto {'205', '203', '155'}, usando '205'
[COL] BIN 1008681: 'Street Name' conflicto {'THOMPSON STREET', 'BLEECKER STREET'}, usando 'THOMPSON STREET'
[COL] BIN 1008687: 'House No' conflicto {'201', '169'}, usando '169'
[COL] BIN 1008687: 'Street Name' conflicto {'SULLIVAN STREET', 'BLEECKER STREET'}, usando 'BLEECKER STREET'
[COL] BIN 1008694: 'Street Name' conflicto {'MAC DOUGAL STREET', 'MACDOUGAL STREET'}, usando 'MACDOUGAL STREET'
[COL] BIN 1008695: 'Street Name' conflicto {'MAC DOUGAL STREET', 'MACDOUGAL STREET'}, usando 'MAC DOUGAL STREET'
[COL] BIN 1008696: 'Street Name' conflicto {'MAC DOUGAL STREET', 'MACDOUGAL STREET'}, usando 'MAC DOUGAL STREET'
[COL] BIN 1008701: 'Street Name' conflicto {'WEST THIRD STREET', 'WEST    3 STREET'}, usando 'WEST    3 STREET'
[COL] BIN 1008709: 'House No' conflicto {'206', '171'}, usando '206'
[COL] BIN 1008709: 'Street Name' conflicto {'SULLIVAN STREET', 'BLEECKER STREET'}, usando 'SULLIVAN STREET'
[COL] BIN 1008715: 'House No' conflicto {'185', '102'}, usando '102'
[COL] BIN 1008715: 'Street Name' conflicto {'MACDOUGAL STREET', 'BLEECKER STREET'}, usando 'MACDOUGAL STREET'
[COL] BIN 1008733: 'Street Name' conflicto {'MAC DOUGAL STREET', 'MACDOUGAL STREET'}, usando 'MACDOUGAL STREET'
[COL] BIN 1008735: 'Street Name' conflicto {'MAC DOUGAL STREET', 'MACDOUGAL STREET'}, usando 'MAC DOUGAL STREET'
[COL] BIN 1008806: 'House No' conflicto {'750', '1'}, usando '1'
[COL] BIN 1008806: 'Street Name' conflicto {'BROADWAY', 'ASTOR PLACE'}, usando 'ASTOR PLACE'
[COL] BIN 1008808: 'House No' conflicto {'32', '82'}, usando '32'
[COL] BIN 1008808: 'Street Name' conflicto {'WASHINGTON SQUARE EAST', 'WASHINGTON PLACE'}, usando 'WASHINGTON PLACE'
[COL] BIN 1008817: 'House No' conflicto {'2', '713'}, usando '2'
[COL] BIN 1008817: 'Street Name' conflicto {'BROADWAY', 'WASHINGTON PLACE'}, usando 'WASHINGTON PLACE'
[COL] BIN 1008818: 'House No' conflicto {'270', '707'}, usando '707'
[COL] BIN 1008818: 'Street Name' conflicto {'BROADWAY', 'MERCER STREET'}, usando 'BROADWAY'
[COL] BIN 1008823: 'House No' conflicto {'23', '29'}, usando '23'
[COL] BIN 1008826: 'House No' conflicto {'10', '285'}, usando '10'
[COL] BIN 1008826: 'Street Name' conflicto {'MERCER STREET', 'WAVERLY PLACE'}, usando 'WAVERLY PLACE'
[COL] BIN 1008829: 'House No' conflicto {'21', '244'}, usando '21'
[COL] BIN 1008829: 'Street Name' conflicto {'GREENE STREET', 'WASHINGTON PLACE'}, usando 'WASHINGTON PLACE'
[COL] BIN 1008831: 'House No' conflicto {'719', '715', '1'}, usando '715'
[COL] BIN 1008831: 'Street Name' conflicto {'BROADWAY', 'WASHINGTON PLACE'}, usando 'BROADWAY'
[COL] BIN 1008834: 'House No' conflicto {'42', '36', '269'}, usando '42'
[COL] BIN 1008834: 'Street Name' conflicto {'EAST    8 STREET', 'GREENE STREET'}, usando 'EAST    8 STREET'
[COL] BIN 1008837: 'House No' conflicto {'52', '54', '50', '46'}, usando '54'
[COL] BIN 1008838: 'House No' conflicto {'11', '295'}, usando '11'
[COL] BIN 1008838: 'Street Name' conflicto {'MERCER STREET', 'WAVERLY PLACE'}, usando 'WAVERLY PLACE'
[COL] BIN 1008839: 'House No' conflicto {'23', '19', '15', '21'}, usando '23'
[COL] BIN 1008840: 'House No' conflicto {'741', '300'}, usando '741'
[COL] BIN 1008840: 'Street Name' conflicto {'BROADWAY', 'MERCER STREET'}, usando 'BROADWAY'
[COL] BIN 1008847: 'House No' conflicto {'ONE', '1'}, usando '1'
[COL] BIN 1008847: 'Street Name' conflicto {'5 AVENUE', 'FIFTH AVENUE'}, usando 'FIFTH AVENUE'
[COL] BIN 1008850: 'Street Name' conflicto {'5 AVENUE', 'FIFTH AVENUE'}, usando '5 AVENUE'
[COL] BIN 1008859: 'House No' conflicto {'18', '16'}, usando '18'
[COL] BIN 1008904: 'House No' conflicto {'374', '126'}, usando '126'
[COL] BIN 1008904: 'Street Name' conflicto {'WAVERLY PLACE', '6 AVENUE'}, usando 'WAVERLY PLACE'
[COL] BIN 1008933: 'Street Name' conflicto {'SIXTH AVENUE', '6 AVENUE'}, usando '6 AVENUE'
[COL] BIN 1008939: 'Street Name' conflicto {'WEST 8 STREET', 'WEST    8 STREET'}, usando 'WEST    8 STREET'
[COL] BIN 1008954: 'House No' conflicto {'784', '774', '70'}, usando '70'
[COL] BIN 1008954: 'Street Name' conflicto {'BROADWAY', 'EAST   10 STREET'}, usando 'EAST   10 STREET'
[COL] BIN 1008955: 'Street Name' conflicto {'4 AVENUE', 'FOURTH AVENUE'}, usando 'FOURTH AVENUE'
[COL] BIN 1008962: 'House No' conflicto {'115', '36'}, usando '115'
[COL] BIN 1008962: 'Street Name' conflicto {'3 AVENUE', 'EAST    9 STREET'}, usando 'EAST    9 STREET'
[COL] BIN 1008968: 'House No' conflicto {'85', '79', '77'}, usando '85'
[COL] BIN 1008968: 'Street Name' conflicto {'EAST   10 STREET', 'FOURTH AVENUE', '4 AVENUE'}, usando 'FOURTH AVENUE'
[COL] BIN 1008977: 'Street Name' conflicto {'4 AVENUE', 'FOURTH AVENUE'}, usando '4 AVENUE'
[COL] BIN 1008997: 'House No' conflicto {'802', '86'}, usando '802'
[COL] BIN 1008997: 'Street Name' conflicto {'4 AVENUE', 'BROADWAY', 'FOURTH AVENUE'}, usando 'BROADWAY'
[COL] BIN 1009001: 'House No' conflicto {'820', '60'}, usando '60'
[COL] BIN 1009001: 'Street Name' conflicto {'BROADWAY', 'EAST   12 STREET'}, usando 'EAST   12 STREET'
[COL] BIN 1009005: 'Street Name' conflicto {'4 AVENUE', 'FOURTH AVENUE'}, usando '4 AVENUE'
[COL] BIN 1009021: 'Street Name' conflicto {'3 AVENUE', 'THIRD AVENUE'}, usando '3 AVENUE'
[COL] BIN 1009025: 'House No' conflicto {'88', '139'}, usando '139'
[COL] BIN 1009025: 'Street Name' conflicto {'3 AVENUE', 'EAST   12 STREET'}, usando 'EAST   12 STREET'
[COL] BIN 1009090: 'House No' conflicto {'30', '45', '49', '31', '33', '37'}, usando '49'
[COL] BIN 1009090: 'Street Name' conflicto {'EAST    8 STREET', 'UNIVERSITY PLACE', 'EAST    9 STREET'}, usando 'EAST    8 STREET'
[COL] BIN 1009091: 'House No' conflicto {'40', '51'}, usando '51'
[COL] BIN 1009091: 'Street Name' conflicto {'EAST    8 STREET', 'EAST    9 STREET'}, usando 'EAST    8 STREET'
[COL] BIN 1009092: 'House No' conflicto {'65', '60'}, usando '60'
[COL] BIN 1009092: 'Street Name' conflicto {'EAST    8 STREET', 'EAST    9 STREET'}, usando 'EAST    9 STREET'
[COL] BIN 1009095: 'House No' conflicto {'51', '28'}, usando '28'
[COL] BIN 1009095: 'Street Name' conflicto {'EAST   10 STREET', 'UNIVERSITY PLACE'}, usando 'EAST   10 STREET'
[COL] BIN 1009098: 'House No' conflicto {'38', '40'}, usando '40'
[COL] BIN 1009099: 'House No' conflicto {'63', '781', '785'}, usando '63'
[COL] BIN 1009099: 'Street Name' conflicto {'BROADWAY', 'EAST    9 STREET'}, usando 'EAST    9 STREET'
[COL] BIN 1009101: 'House No' conflicto {'35', '45'}, usando '35'
[COL] BIN 1009127: 'House No' conflicto {'93', '83', '41'}, usando '83'
[COL] BIN 1009127: 'Street Name' conflicto {'EAST   11 STREET', 'UNIVERSITY PLACE'}, usando 'UNIVERSITY PLACE'
[COL] BIN 1009138: 'House No' conflicto {'801', '67'}, usando '67'
[COL] BIN 1009138: 'Street Name' conflicto {'EAST   11 STREET', 'BROADWAY'}, usando 'EAST   11 STREET'
[COL] BIN 1009196: 'House No' conflicto {'111', '107'}, usando '107'
[COL] BIN 1009206: 'House No' conflicto {'35', '48'}, usando '48'
[COL] BIN 1009206: 'Street Name' conflicto {'EAST   13 STREET', 'EAST   12 STREET'}, usando 'EAST   13 STREET'
[COL] BIN 1009209: 'House No' conflicto {'838', '836'}, usando '836'
[COL] BIN 1009211: 'House No' conflicto {'132', '134'}, usando '134'
[COL] BIN 1009211: 'Street Name' conflicto {'4 AVENUE', 'FOURTH AVENUE'}, usando 'FOURTH AVENUE'
[COL] BIN 1009212: 'House No' conflicto {'126', '77'}, usando '77'
[COL] BIN 1009212: 'Street Name' conflicto {'4 AVENUE', 'EAST   12 STREET'}, usando 'EAST   12 STREET'
[COL] BIN 1009216: 'House No' conflicto {'125', '4', '40'}, usando '40'
[COL] BIN 1009216: 'Street Name' conflicto {'UNION SQUARE SOUTH', 'EAST   14 STREET', 'UNIVERSITY PLACE'}, usando 'EAST   14 STREET'
[COL] BIN 1009217: 'House No' conflicto {'52', '144'}, usando '52'
[COL] BIN 1009217: 'Street Name' conflicto {'EAST   14 STREET', 'FOURTH AVENUE'}, usando 'EAST   14 STREET'
[COL] BIN 1009222: 'Street Name' conflicto {'5 AVENUE', 'FIFTH AVENUE'}, usando 'FIFTH AVENUE'
[COL] BIN 1009224: 'Street Name' conflicto {'5 AVENUE', 'FIFTH AVENUE'}, usando '5 AVENUE'
[COL] BIN 1009226: 'Street Name' conflicto {'5 AVENUE', 'FIFTH AVENUE'}, usando 'FIFTH AVENUE'
[COL] BIN 1009238: 'House No' conflicto {'42', '26', '25'}, usando '42'
[COL] BIN 1009238: 'Street Name' conflicto {'EAST   10 STREET', 'UNIVERSITY PLACE', 'EAST    9 STREET'}, usando 'UNIVERSITY PLACE'
[COL] BIN 1009250: 'Street Name' conflicto {'5 AVENUE', 'FIFTH AVENUE'}, usando 'FIFTH AVENUE'
[COL] BIN 1009251: 'Street Name' conflicto {'5 AVENUE', 'FIFTH AVENUE'}, usando 'FIFTH AVENUE'
[COL] BIN 1009252: 'Street Name' conflicto {'5 AVENUE', 'FIFTH AVENUE'}, usando 'FIFTH AVENUE'
[COL] BIN 1009272: 'Street Name' conflicto {'5 AVENUE', 'FIFTH AVENUE'}, usando '5 AVENUE'
[COL] BIN 1009273: 'Street Name' conflicto {'5 AVENUE', 'FIFTH AVENUE'}, usando 'FIFTH AVENUE'
[COL] BIN 1009275: 'Street Name' conflicto {'5 AVENUE', 'FIFTH AVENUE'}, usando '5 AVENUE'
[COL] BIN 1009281: 'House No' conflicto {'32', '94'}, usando '32'
[COL] BIN 1009281: 'Street Name' conflicto {'EAST   12 STREET', 'UNIVERSITY PLACE'}, usando 'EAST   12 STREET'
[COL] BIN 1009373: 'Street Name' conflicto {'5 AVENUE', 'FIFTH AVENUE'}, usando 'FIFTH AVENUE'
[COL] BIN 1009382: 'House No' conflicto {'24', '26'}, usando '24'
[COL] BIN 1009386: 'House No' conflicto {'110', '21'}, usando '110'
[COL] BIN 1009386: 'Street Name' conflicto {'EAST   12 STREET', 'UNIVERSITY PLACE'}, usando 'UNIVERSITY PLACE'
[COL] BIN 1009394: 'House No' conflicto {'22', '25', '21'}, usando '25'
[COL] BIN 1009394: 'Street Name' conflicto {'EAST   13 STREET', 'EAST   14 STREET'}, usando 'EAST   13 STREET'
[COL] BIN 1009403: 'House No' conflicto {'12', '9', '7'}, usando '12'
[COL] BIN 1009403: 'Street Name' conflicto {'EAST   13 STREET', 'EAST   14 STREET'}, usando 'EAST   14 STREET'
[COL] BIN 1009410: 'House No' conflicto {'66', '418'}, usando '66'
[COL] BIN 1009410: 'Street Name' conflicto {'WEST    9 STREET', '6 AVENUE'}, usando 'WEST    9 STREET'
[COL] BIN 1009430: 'House No' conflicto {'16', '14'}, usando '14'
[COL] BIN 1009432: 'Street Name' conflicto {'5 AVENUE', 'FIFTH AVENUE'}, usando 'FIFTH AVENUE'
[COL] BIN 1009481: 'Street Name' conflicto {'5 AVENUE', 'FIFTH AVENUE'}, usando 'FIFTH AVENUE'
[COL] BIN 1009482: 'Street Name' conflicto {'5 AVENUE', 'FIFTH AVENUE'}, usando '5 AVENUE'
[COL] BIN 1009539: 'Street Name' conflicto {'5 AVENUE', 'FIFTH AVENUE'}, usando 'FIFTH AVENUE'
[COL] BIN 1009615: 'House No' conflicto {'38', '40'}, usando '40'
[COL] BIN 1009617: 'House No' conflicto {'2', '70'}, usando '2'
[COL] BIN 1009617: 'Street Name' conflicto {'5 AVENUE', 'WEST   13 STREET'}, usando 'WEST   13 STREET'
[COL] BIN 1009619: 'Street Name' conflicto {'5 AVENUE', 'FIFTH AVENUE'}, usando '5 AVENUE'
[COL] BIN 1009620: 'Street Name' conflicto {'5 AVENUE', 'FIFTH AVENUE'}, usando '5 AVENUE'
[COL] BIN 1009713: 'Block' conflicto {'577', '0'}, usando '577'
[COL] BIN 1009714: 'House No' conflicto {'18', '20', '13'}, usando '18'
[COL] BIN 1009714: 'Street Name' conflicto {'WEST   14 STREET', 'WEST   13 STREET'}, usando 'WEST   14 STREET'
[COL] BIN 1009716: 'House No' conflicto {'5', '8'}, usando '5'
[COL] BIN 1009716: 'Street Name' conflicto {'WEST   14 STREET', 'WEST   13 STREET'}, usando 'WEST   13 STREET'
[COL] BIN 1009719: 'House No' conflicto {'74', '1'}, usando '74'
[COL] BIN 1009719: 'Street Name' conflicto {'WEST   13 STREET', '5 AVENUE', 'FIFTH AVENUE'}, usando '5 AVENUE'
[COL] BIN 1009738: 'House No' conflicto {'290', '286'}, usando '286'
[COL] BIN 1009738: 'Street Name' conflicto {'HUDSON STREET', 'SPRING STREET'}, usando 'SPRING STREET'
[COL] BIN 1009740: 'House No' conflicto {'125', '260', '131'}, usando '260'
[COL] BIN 1009740: 'Street Name' conflicto {'VARICK STREET', 'SPRING STREET'}, usando 'SPRING STREET'
[COL] BIN 1009749: 'House No' conflicto {'163', '60'}, usando '60'
[COL] BIN 1009749: 'Street Name' conflicto {'VARICK STREET', 'CHARLTON STREET'}, usando 'CHARLTON STREET'
[COL] BIN 1009751: 'House No' conflicto {'86', '77'}, usando '77'
[COL] BIN 1009751: 'Street Name' conflicto {'KING STREET', 'CHARLTON STREET'}, usando 'CHARLTON STREET'
[COL] BIN 1009758: 'House No' conflicto {'225', '8'}, usando '225'
[COL] BIN 1009758: 'Street Name' conflicto {'VARICK STREET', 'CLARKSON STREET'}, usando 'VARICK STREET'
[COL] BIN 1009810: 'Street Name' conflicto {"ST LUKE'S PLACE", 'SAINT LUKES PLACE'}, usando 'ST LUKE'S PLACE'
[COL] BIN 1009925: 'House No' conflicto {'254', '1'}, usando '1'
[COL] BIN 1009925: 'Street Name' conflicto {'BLEECKER STREET', 'LEROY STREET'}, usando 'LEROY STREET'
[COL] BIN 1009934: 'House No' conflicto {'27 1/2', '27', '62'}, usando '62'
[COL] BIN 1009934: 'Street Name' conflicto {'BEDFORD STREET', 'MORTON STREET'}, usando 'BEDFORD STREET'
[COL] BIN 1009949: 'Street Name' conflicto {'BLEEKER STREET', 'BLEECKER STREET'}, usando 'BLEECKER STREET'
[COL] BIN 1009954: 'House No' conflicto {'47', '13'}, usando '13'
[COL] BIN 1009954: 'Street Name' conflicto {'MORTON STREET', '7 AVENUE SOUTH'}, usando 'MORTON STREET'
[COL] BIN 1009961: 'House No' conflicto {'23', '19'}, usando '19'
[COL] BIN 1010020: 'Street Name' conflicto {'BLEEKER STREET', 'BLEECKER STREET'}, usando 'BLEECKER STREET'
[COL] BIN 1010039: 'House No' conflicto {'104', '102'}, usando '102'
[COL] BIN 1010086: 'House No' conflicto {'2', '333'}, usando '2'
[COL] BIN 1010086: 'Street Name' conflicto {'CORNELIA STREET', '6 AVENUE'}, usando 'CORNELIA STREET'
[COL] BIN 1010129: 'Street Name' conflicto {'BLEEKER STREET', 'BLEECKER STREET'}, usando 'BLEEKER STREET'
[COL] BIN 1010133: 'Street Name' conflicto {'BLEEKER STREET', 'BLEECKER STREET'}, usando 'BLEEKER STREET'
[COL] BIN 1010153: 'Street Name' conflicto {'BLEEKER STREET', 'BLEECKER STREET'}, usando 'BLEECKER STREET'
[COL] BIN 1010183: 'House No' conflicto {'92', '98'}, usando '92'
[COL] BIN 1010189: 'House No' conflicto {'16', '89'}, usando '16'
[COL] BIN 1010189: 'Street Name' conflicto {'7 AVENUE SOUTH', 'BARROW STREET'}, usando 'BARROW STREET'
[COL] BIN 1010193: 'House No' conflicto {'323', '325'}, usando '325'
[COL] BIN 1010218: 'House No' conflicto {'361', '102'}, usando '361'
[COL] BIN 1010218: 'Street Name' conflicto {'WASHINGTON PLACE', '6 AVENUE'}, usando '6 AVENUE'
[COL] BIN 1010249: 'House No' conflicto {'375', '136'}, usando '136'
[COL] BIN 1010249: 'Street Name' conflicto {'WAVERLY PLACE', '6 AVENUE'}, usando 'WAVERLY PLACE'
[COL] BIN 1010251: 'Street Name' conflicto {'SIXTH AVENUE', '6 AVENUE'}, usando 'SIXTH AVENUE'
[COL] BIN 1010288: 'House No' conflicto {'515', '481'}, usando '515'
[COL] BIN 1010288: 'Street Name' conflicto {'GREENWICH STREET', 'CANAL STREET'}, usando 'CANAL STREET'
[COL] BIN 1010290: 'House No' conflicto {'497', '491'}, usando '491'
[COL] BIN 1010327: 'House No' conflicto {'466', '470'}, usando '466'
[COL] BIN 1010356: 'LOT' conflicto {'2', '7502'}, usando '7502'
[COL] BIN 1010358: 'House No' conflicto {'317', '315'}, usando '315'
[COL] BIN 1010368: 'House No' conflicto {'112', '549'}, usando '112'
[COL] BIN 1010368: 'Street Name' conflicto {'GREENWICH STREET', 'CHARLTON STREET'}, usando 'CHARLTON STREET'
[COL] BIN 1010398: 'House No' conflicto {'611', '96'}, usando '96'
[COL] BIN 1010398: 'Street Name' conflicto {'WASHINGTON STREET', 'MORTON STREET'}, usando 'MORTON STREET'
[COL] BIN 1010416: 'House No' conflicto {'150', '144'}, usando '144'
[COL] BIN 1010421: 'House No' conflicto {'670', '666'}, usando '666'
[COL] BIN 1010577: 'House No' conflicto {'100', '475'}, usando '100'
[COL] BIN 1010577: 'Street Name' conflicto {'WEST   12 STREET', '6 AVENUE'}, usando 'WEST   12 STREET'
[COL] BIN 1010582: 'House No' conflicto {'101', '465'}, usando '101'
[COL] BIN 1010582: 'Street Name' conflicto {'WEST   11 STREET', '6 AVENUE'}, usando 'WEST   11 STREET'
[COL] BIN 1010598: 'House No' conflicto {'37', '162'}, usando '162'
[COL] BIN 1010598: 'Street Name' conflicto {'7 AVENUE', 'WEST   13 STREET'}, usando 'WEST   13 STREET'
[COL] BIN 1010619: 'House No' conflicto {'487', '101', '491', '493', '501'}, usando '101'
[COL] BIN 1010619: 'Street Name' conflicto {'WEST   12 STREET', '6 AVENUE'}, usando 'WEST   12 STREET'
[COL] BIN 1010629: 'House No' conflicto {'165', '161'}, usando '165'
[COL] BIN 1010632: 'House No' conflicto {'175', '45'}, usando '175'
[COL] BIN 1010632: 'Street Name' conflicto {'7 AVENUE', 'WEST   13 STREET'}, usando 'WEST   13 STREET'
[COL] BIN 1010641: 'House No' conflicto {'112', '112=114'}, usando '112'
[COL] BIN 1010641: 'Street Name' conflicto {'WEST   14 STREET', 'WEST 14 STREET'}, usando 'WEST   14 STREET'
[COL] BIN 1010653: 'House No' conflicto {'509', '105'}, usando '105'
[COL] BIN 1010653: 'Street Name' conflicto {'WEST   13 STREET', '6 AVENUE'}, usando 'WEST   13 STREET'
[COL] BIN 1010658: 'House No' conflicto {'141', '145'}, usando '141'
[COL] BIN 1010884: 'House No' conflicto {'159', '12'}, usando '12'
[COL] BIN 1010884: 'Street Name' conflicto {'7 AVENUE SOUTH', 'PERRY STREET'}, usando 'PERRY STREET'
[COL] BIN 1010919: 'House No' conflicto {'220', '17'}, usando '17'
[COL] BIN 1010919: 'Street Name' conflicto {'PERRY STREET', 'WAVERLY PLACE'}, usando 'PERRY STREET'
[COL] BIN 1010937: 'Street Name' conflicto {'SEVENTH AVENUE SOUTH', '7 AVENUE SOUTH'}, usando '7 AVENUE SOUTH'
[COL] BIN 1010989: 'House No' conflicto {'201', '75'}, usando '75'
[COL] BIN 1010989: 'Street Name' conflicto {'GREENWICH AVENUE', 'WEST   11 STREET'}, usando 'GREENWICH AVENUE'
[COL] BIN 1011018: 'House No' conflicto {'93', '89', '95', '1'}, usando '93'
[COL] BIN 1011018: 'Street Name' conflicto {'GREENWICH AVENUE', 'BANK STREET'}, usando 'GREENWICH AVENUE'
[COL] BIN 1011064: 'House No' conflicto {'31', '46'}, usando '31'
[COL] BIN 1011064: 'Street Name' conflicto {'8 AVENUE', 'JANE STREET'}, usando 'JANE STREET'
[COL] BIN 1011068: 'House No' conflicto {'119', '1'}, usando '1'
[COL] BIN 1011068: 'Street Name' conflicto {'GREENWICH AVENUE', 'JANE STREET'}, usando 'JANE STREET'
[COL] BIN 1011094: 'House No' conflicto {'30', '20'}, usando '20'
[COL] BIN 1011106: 'House No' conflicto {'216', '214'}, usando '214'
[COL] BIN 1011189: 'Street Name' conflicto {'BLEEKER STREET', 'BLEECKER STREET'}, usando 'BLEECKER STREET'
[COL] BIN 1011232: 'House No' conflicto {'92', '384'}, usando '92'
[COL] BIN 1011232: 'Street Name' conflicto {'PERRY STREET', 'BLEECKER STREET'}, usando 'PERRY STREET'
[COL] BIN 1011242: 'Street Name' conflicto {'BLEEKER STREET', 'BLEECKER STREET'}, usando 'BLEECKER STREET'
[COL] BIN 1011281: 'House No' conflicto {'556', '552'}, usando '556'
[COL] BIN 1011287: 'Street Name' conflicto {'BLEEKER STREET', 'BLEECKER STREET'}, usando 'BLEECKER STREET'
[COL] BIN 1011331: 'House No' conflicto {'576', '295'}, usando '295'
[COL] BIN 1011331: 'Street Name' conflicto {'WEST   11 STREET', 'HUDSON STREET'}, usando 'WEST   11 STREET'
[COL] BIN 1011638: 'House No' conflicto {'65', '809'}, usando '65'
[COL] BIN 1011638: 'Street Name' conflicto {'JANE STREET', 'GREENWICH STREET'}, usando 'JANE STREET'
[COL] BIN 1011674: 'House No' conflicto {'30', '649'}, usando '30'
[COL] BIN 1011674: 'Street Name' conflicto {'HUDSON STREET', 'GANSEVOORT STREET'}, usando 'GANSEVOORT STREET'
[COL] BIN 1011690: 'House No' conflicto {'652', '654'}, usando '652'
[COL] BIN 1011712: 'Street Name' conflicto {'8 AVENUE', 'EIGHTH AVENUE'}, usando '8 AVENUE'
[COL] BIN 1011736: 'House No' conflicto {'515', '254'}, usando '254'
[COL] BIN 1011736: 'Street Name' conflicto {'WEST   10 STREET', 'HUDSON STREET'}, usando 'WEST   10 STREET'
[COL] BIN 1011756: 'House No' conflicto {'116', '533'}, usando '116'
[COL] BIN 1011756: 'Street Name' conflicto {'CHARLES STREET', 'HUDSON STREET'}, usando 'CHARLES STREET'
[COL] BIN 1011760: 'House No' conflicto {'708', '710'}, usando '708'
[COL] BIN 1011761: 'House No' conflicto {'140', '677'}, usando '140'
[COL] BIN 1011761: 'Street Name' conflicto {'CHARLES STREET', 'WASHINGTON STREET'}, usando 'CHARLES STREET'
[COL] BIN 1011919: 'House No' conflicto {'90', '581'}, usando '581'
[COL] BIN 1011919: 'Street Name' conflicto {'BANK STREET', 'HUDSON STREET'}, usando 'HUDSON STREET'
[COL] BIN 1011921: 'House No' conflicto {'573', '571'}, usando '571'
[COL] BIN 1011930: 'House No' conflicto {'43', '753'}, usando '753'
[COL] BIN 1011930: 'Street Name' conflicto {'WASHINGTON STREET', 'BETHUNE STREET'}, usando 'WASHINGTON STREET'
[COL] BIN 1011949: 'House No' conflicto {'35', '33'}, usando '35'
[COL] BIN 1011999: 'House No' conflicto {'690', '684'}, usando '690'
[COL] BIN 1012000: 'House No' conflicto {'8', '151A'}, usando '151A'
[COL] BIN 1012000: 'Street Name' conflicto {'CHARLES STREET', 'CHARLES LANE'}, usando 'CHARLES STREET'
[COL] BIN 1012047: 'House No' conflicto {'151', '55', '155', '451', '137'}, usando '155'
[COL] BIN 1012047: 'Street Name' conflicto {'BANK STREET', 'BETHUNE STREET', 'WEST STREET'}, usando 'BANK STREET'
[COL] BIN 1012047: 'LOT' conflicto {'7501', '1'}, usando '7501'
[COL] BIN 1012048: 'House No' conflicto {'469', '400'}, usando '400'
[COL] BIN 1012048: 'Street Name' conflicto {'WEST   12 STREET', 'WEST STREET'}, usando 'WEST   12 STREET'
[COL] BIN 1012133: 'House No' conflicto {'90', '92'}, usando '92'
[COL] BIN 1012154: 'House No' conflicto {'113', '94', '812', '82', '95', '107'}, usando '82'
[COL] BIN 1012154: 'Street Name' conflicto {'WASHINGTON STREET', 'HORATIO STREET', 'GANSEVOORT STREET'}, usando 'GANSEVOORT STREET'
[COL] BIN 1012183: 'House No' conflicto {'817', '73', '821', '71'}, usando '73'
[COL] BIN 1012183: 'Street Name' conflicto {'WASHINGTON STREET', 'GANSEVOORT STREET'}, usando 'GANSEVOORT STREET'
[COL] BIN 1012214: 'Street Name' conflicto {'9 AVENUE', 'NINTH AVENUE'}, usando 'NINTH AVENUE'
[COL] BIN 1012229: 'House No' conflicto {'863', '428', '875'}, usando '875'
[COL] BIN 1012229: 'Street Name' conflicto {'WASHINGTON STREET', 'WEST   14 STREET'}, usando 'WASHINGTON STREET'
[COL] BIN 1012236: 'House No' conflicto {'406', '408'}, usando '406'
[COL] BIN 1012237: 'House No' conflicto {'400', '45'}, usando '400'
[COL] BIN 1012237: 'Street Name' conflicto {'WEST   14 STREET', '9 AVENUE'}, usando 'WEST   14 STREET'
[COL] BIN 1012238: 'House No' conflicto {'33', '29'}, usando '29'
[COL] BIN 1012238: 'Street Name' conflicto {'9 AVENUE', 'NINTH AVENUE'}, usando '9 AVENUE'
[COL] BIN 1012241: 'House No' conflicto {'421', '425'}, usando '421'
[COL] BIN 1012253: 'House No' conflicto {'29', '1'}, usando '29'
[COL] BIN 1012253: 'Street Name' conflicto {'11 AVENUE', 'PIER   57'}, usando '11 AVENUE'
[COL] BIN 1012277: 'Street Name' conflicto {'TENTH AVENUE', '10 AVENUE'}, usando '10 AVENUE'
[COL] BIN 1012292: 'House No' conflicto {'545', '120'}, usando '120'
[COL] BIN 1012292: 'Street Name' conflicto {'11 AVENUE', 'WEST   20 STREET'}, usando '11 AVENUE'
[COL] BIN 1012296: 'House No' conflicto {'515', '513'}, usando '515'
[COL] BIN 1012331: 'House No' conflicto {'203', '503'}, usando '503'
[COL] BIN 1012331: 'Street Name' conflicto {'10 AVENUE', 'WEST   22 STREET'}, usando 'WEST   22 STREET'
[COL] BIN 1012332: 'Street Name' conflicto {'TENTH AVENUE', '10 AVENUE'}, usando '10 AVENUE'
[COL] BIN 1012347: 'House No' conflicto {'529', '530', '533', '527'}, usando '529'
[COL] BIN 1012347: 'Street Name' conflicto {'WEST   23 STREET', 'WEST   24 STREET'}, usando 'WEST   23 STREET'
[COL] BIN 1012365: 'House No' conflicto {'537', '541'}, usando '541'
[COL] BIN 1012368: 'House No' conflicto {'515', '513', '523'}, usando '523'
[COL] BIN 1012378: 'House No' conflicto {'210', '564'}, usando '564'
[COL] BIN 1012378: 'Street Name' conflicto {'WEST   25 STREET', '11 AVENUE'}, usando 'WEST   25 STREET'
[COL] BIN 1012384: 'Street Name' conflicto {'TENTH AVENUE', '10 AVENUE'}, usando 'TENTH AVENUE'
[COL] BIN 1012403: 'House No' conflicto {'548', '547'}, usando '547'
[COL] BIN 1012403: 'Street Name' conflicto {'WEST   27 STREET', 'WEST   28 STREET'}, usando 'WEST   27 STREET'
[COL] BIN 1012447: 'House No' conflicto {'329', '501'}, usando '329'
[COL] BIN 1012447: 'Street Name' conflicto {'10 AVENUE', 'WEST   29 STREET'}, usando '10 AVENUE'
[COL] BIN 1012483: 'House No' conflicto {'467', '500'}, usando '467'
[COL] BIN 1012483: 'Street Name' conflicto {'10 AVENUE', 'WEST   36 STREET'}, usando '10 AVENUE'
[COL] BIN 1012493: 'Street Name' conflicto {'TENTH AVENUE', '10 AVENUE'}, usando '10 AVENUE'
[COL] BIN 1012531: 'House No' conflicto {'421', '423'}, usando '421'
[COL] BIN 1012541: 'House No' conflicto {'88', '75'}, usando '75'
[COL] BIN 1012541: 'Street Name' conflicto {'10 AVENUE', '9 AVENUE', 'NINTH AVENUE'}, usando '9 AVENUE'
[COL] BIN 1012642: 'House No' conflicto {'195', '400'}, usando '195'
[COL] BIN 1012642: 'Street Name' conflicto {'9 AVENUE', 'WEST   22 STREET'}, usando '9 AVENUE'
[COL] BIN 1012799: 'House No' conflicto {'401', '229'}, usando '229'
[COL] BIN 1012799: 'Street Name' conflicto {'9 AVENUE', 'WEST   24 STREET', 'NINTH AVENUE'}, usando '9 AVENUE'
[COL] BIN 1012804: 'House No' conflicto {'243', '400'}, usando '400'
[COL] BIN 1012804: 'Street Name' conflicto {'WEST   25 STREET', '9 AVENUE'}, usando 'WEST   25 STREET'
[COL] BIN 1012827: 'House No' conflicto {'441', '436'}, usando '436'
[COL] BIN 1012827: 'Street Name' conflicto {'WEST   27 STREET', 'WEST   26 STREET'}, usando 'WEST   27 STREET'
[COL] BIN 1012843: 'House No' conflicto {'410', '460'}, usando '410'
[COL] BIN 1012843: 'Street Name' conflicto {'WEST   34 STREET', '10 AVENUE'}, usando '10 AVENUE'
[COL] BIN 1012851: 'House No' conflicto {'420', '419'}, usando '420'
[COL] BIN 1012851: 'Street Name' conflicto {'WEST   34 STREET', 'WEST   33 STREET'}, usando 'WEST   34 STREET'
[COL] BIN 1012857: 'House No' conflicto {'453', '455'}, usando '455'
[COL] BIN 1012859: 'LOT' conflicto {'7502', '25'}, usando '7502'
[COL] BIN 1012892: 'Street Name' conflicto {'WEST 37 STREET', 'WEST   37 STREET'}, usando 'WEST 37 STREET'
[COL] BIN 1012896: 'House No' conflicto {'448', '438'}, usando '448'
[COL] BIN 1013043: 'House No' conflicto {'111', '325'}, usando '111'
[COL] BIN 1013043: 'Street Name' conflicto {'8 AVENUE', 'EIGHTH AVENUE', 'WEST   15 STREET'}, usando 'EIGHTH AVENUE'
[COL] BIN 1013076: 'House No' conflicto {'301', '143'}, usando '301'
[COL] BIN 1013076: 'Street Name' conflicto {'WEST   17 STREET', '8 AVENUE'}, usando 'WEST   17 STREET'
[COL] BIN 1013080: 'House No' conflicto {'153', '151'}, usando '153'
[COL] BIN 1013089: 'House No' conflicto {'112', '120', '364'}, usando '364'
[COL] BIN 1013089: 'Street Name' conflicto {'9 AVENUE', 'WEST   18 STREET'}, usando 'WEST   18 STREET'
[COL] BIN 1013110: 'Street Name' conflicto {'8 AVENUE', 'EIGHTH AVENUE'}, usando 'EIGHTH AVENUE'
[COL] BIN 1013219: 'House No' conflicto {'177', '301'}, usando '301'
[COL] BIN 1013219: 'Street Name' conflicto {'8 AVENUE', 'WEST   19 STREET'}, usando 'WEST   19 STREET'
[COL] BIN 1013241: 'Street Name' conflicto {'9 AVENUE', 'NINTH AVENUE'}, usando 'NINTH AVENUE'
[COL] BIN 1013243: 'House No' conflicto {'365', '164'}, usando '365'
[COL] BIN 1013243: 'Street Name' conflicto {'WEST   20 STREET', '9 AVENUE'}, usando 'WEST   20 STREET'
[COL] BIN 1013265: 'Street Name' conflicto {'8 AVENUE', 'EIGHTH AVENUE'}, usando 'EIGHTH AVENUE'
[COL] BIN 1013332: 'House No' conflicto {'360', '188'}, usando '360'
[COL] BIN 1013332: 'Street Name' conflicto {'9 AVENUE', 'WEST   22 STREET'}, usando 'WEST   22 STREET'
[COL] BIN 1013361: 'House No' conflicto {'301', '239'}, usando '301'
[COL] BIN 1013361: 'Street Name' conflicto {'8 AVENUE', 'WEST   22 STREET'}, usando 'WEST   22 STREET'
[COL] BIN 1013429: 'House No' conflicto {'257', '251', '300'}, usando '300'
[COL] BIN 1013429: 'Street Name' conflicto {'8 AVENUE', 'WEST   23 STREET'}, usando 'WEST   23 STREET'
[COL] BIN 1013540: 'House No' conflicto {'368', '360', '21'}, usando '368'
[COL] BIN 1013540: 'Street Name' conflicto {'PENN PLAZA', '9 AVENUE', 'NINTH AVENUE', 'WEST   31 STREET'}, usando '9 AVENUE'
[COL] BIN 1013552: 'House No' conflicto {'316', '315', '312'}, usando '315'
[COL] BIN 1013552: 'Street Name' conflicto {'WEST   34 STREET', 'WEST   33 STREET'}, usando 'WEST   33 STREET'
[COL] BIN 1013553: 'House No' conflicto {'330', '341'}, usando '330'
[COL] BIN 1013553: 'Street Name' conflicto {'WEST   34 STREET', 'WEST   33 STREET'}, usando 'WEST   34 STREET'
[COL] BIN 1013559: 'House No' conflicto {'323', '325'}, usando '325'
[COL] BIN 1013560: 'House No' conflicto {'322', '311'}, usando '311'
[COL] BIN 1013560: 'Street Name' conflicto {'WEST   34 STREET', 'WEST   35 STREET'}, usando 'WEST   34 STREET'
[COL] BIN 1013575: 'Street Name' conflicto {'8 AVENUE', 'EIGHTH AVENUE'}, usando 'EIGHTH AVENUE'
[COL] BIN 1013589: 'House No' conflicto {'355', '357'}, usando '355'
[COL] BIN 1013592: 'House No' conflicto {'341', '339'}, usando '341'
[COL] BIN 1013617: 'House No' conflicto {'323', '325'}, usando '325'
[COL] BIN 1013618: 'House No' conflicto {'321', '313'}, usando '321'
[COL] BIN 1013620: 'House No' conflicto {'301', '541'}, usando '541'
[COL] BIN 1013620: 'Street Name' conflicto {'8 AVENUE', 'WEST   37 STREET'}, usando '8 AVENUE'
[COL] BIN 1013622: 'Street Name' conflicto {'8 AVENUE', 'EIGHTH AVENUE'}, usando '8 AVENUE'
[COL] BIN 1013628: 'House No' conflicto {'344', '348'}, usando '348'
[COL] BIN 1013643: 'LOT' conflicto {'7503', '0', '25'}, usando '7503'
[COL] BIN 1013688: 'House No' conflicto {'300', '615'}, usando '615'
[COL] BIN 1013688: 'Street Name' conflicto {'WEST   40 STREET', 'EIGHTH AVENUE'}, usando 'EIGHTH AVENUE'
[COL] BIN 1013711: 'Street Name' conflicto {'8 AVENUE', 'EIGHTH AVENUE'}, usando '8 AVENUE'
[COL] BIN 1013732: 'House No' conflicto {'201', '64'}, usando '201'
[COL] BIN 1013732: 'Street Name' conflicto {'WEST   14 STREET', '7 AVENUE'}, usando 'WEST   14 STREET'
[COL] BIN 1013776: 'House No' conflicto {'90', '94'}, usando '90'
[COL] BIN 1013777: 'House No' conflicto {'210', '204'}, usando '204'
[COL] BIN 1013813: 'House No' conflicto {'201', '100', '104'}, usando '201'
[COL] BIN 1013813: 'Street Name' conflicto {'WEST   16 STREET', '7 AVENUE'}, usando 'WEST   16 STREET'
[COL] BIN 1013848: 'House No' conflicto {'236', '249'}, usando '236'
[COL] BIN 1013848: 'Street Name' conflicto {'WEST   17 STREET', 'WEST   18 STREET'}, usando 'WEST   18 STREET'
[COL] BIN 1013854: 'House No' conflicto {'210', '212', '215'}, usando '212'
[COL] BIN 1013854: 'Street Name' conflicto {'WEST   17 STREET', 'WEST   18 STREET'}, usando 'WEST   18 STREET'
[COL] BIN 1013857: 'Street Name' conflicto {'WEST 18 STREET', 'WEST   18 STREET'}, usando 'WEST   18 STREET'
[COL] BIN 1013863: 'House No' conflicto {'162', '261'}, usando '162'
[COL] BIN 1013863: 'Street Name' conflicto {'8 AVENUE', 'WEST   18 STREET'}, usando '8 AVENUE'
[COL] BIN 1013964: 'Street Name' conflicto {'8 AVENUE', 'EIGHTH AVENUE'}, usando '8 AVENUE'
[COL] BIN 1013977: 'House No' conflicto {'219', '217'}, usando '219'
[COL] BIN 1014075: 'House No' conflicto {'201', '188'}, usando '201'
[COL] BIN 1014075: 'Street Name' conflicto {'7 AVENUE', 'WEST   21 STREET'}, usando 'WEST   21 STREET'
[COL] BIN 1014076: 'House No' conflicto {'212', '196'}, usando '196'
[COL] BIN 1014076: 'Street Name' conflicto {'7 AVENUE', 'WEST   22 STREET'}, usando '7 AVENUE'
[COL] BIN 1014174: 'House No' conflicto {'225', '233'}, usando '225'
[COL] BIN 1014176: 'House No' conflicto {'250', '252'}, usando '252'
[COL] BIN 1014194: 'Street Name' conflicto {'8 AVENUE', 'EIGHTH AVENUE'}, usando '8 AVENUE'
[COL] BIN 1014225: 'House No' conflicto {'253', '322'}, usando '253'
[COL] BIN 1014225: 'Street Name' conflicto {'8 AVENUE', 'WEST   26 STREET'}, usando 'WEST   26 STREET'
[COL] BIN 1014241: 'House No' conflicto {'250', '244'}, usando '244'
[COL] BIN 1014251: 'House No' conflicto {'227', '220'}, usando '220'
[COL] BIN 1014251: 'Street Name' conflicto {'WEST   27 STREET', 'WEST   28 STREET'}, usando 'WEST   28 STREET'
[COL] BIN 1014254: 'House No' conflicto {'248', '241', '243'}, usando '241'
[COL] BIN 1014254: 'Street Name' conflicto {'WEST   29 STREET', 'WEST   28 STREET'}, usando 'WEST   28 STREET'
[COL] BIN 1014262: 'House No' conflicto {'205', '322'}, usando '205'
[COL] BIN 1014262: 'Street Name' conflicto {'7 AVENUE', 'WEST   28 STREET'}, usando 'WEST   28 STREET'
[COL] BIN 1014264: 'House No' conflicto {'330', '328'}, usando '330'
[COL] BIN 1014277: 'House No' conflicto {'382', '261'}, usando '382'
[COL] BIN 1014277: 'Street Name' conflicto {'8 AVENUE', 'WEST   29 STREET'}, usando '8 AVENUE'
[COL] BIN 1014290: 'House No' conflicto {'350', '209'}, usando '350'
[COL] BIN 1014290: 'Street Name' conflicto {'SEVENTH AVENUE', '7 AVENUE', 'WEST   29 STREET'}, usando '7 AVENUE'
[COL] BIN 1014333: 'Street Name' conflicto {'8 AVENUE', 'EIGHTH AVENUE'}, usando 'EIGHTH AVENUE'
[COL] BIN 1014343: 'House No' conflicto {'370', '7'}, usando '370'
[COL] BIN 1014343: 'Street Name' conflicto {'PENN PLAZA', '7 AVENUE'}, usando '7 AVENUE'
[COL] BIN 1014385: 'House No' conflicto {'201', '420'}, usando '420'
[COL] BIN 1014385: 'Street Name' conflicto {'SEVENTH AVENUE', 'WEST   33 STREET'}, usando 'SEVENTH AVENUE'
[COL] BIN 1014387: 'House No' conflicto {'242', 'ONE', '1'}, usando '1'
[COL] BIN 1014387: 'Street Name' conflicto {'PENNSYLVANIA PLAZA', 'PENN PLAZA', 'WEST   34 STREET'}, usando 'PENN PLAZA'
[COL] BIN 1014392: 'House No' conflicto {'12', '261', '263'}, usando '12'
[COL] BIN 1014392: 'Street Name' conflicto {'PENN PLAZA', 'WEST   34 STREET'}, usando 'PENN PLAZA'
[COL] BIN 1014402: 'House No' conflicto {'225', '14'}, usando '225'
[COL] BIN 1014402: 'Street Name' conflicto {'PENN PLAZA', 'WEST   34 STREET'}, usando 'WEST   34 STREET'
[COL] BIN 1014408: 'House No' conflicto {'450', '203'}, usando '450'
[COL] BIN 1014408: 'Street Name' conflicto {'7 AVENUE', 'WEST   34 STREET'}, usando '7 AVENUE'
[COL] BIN 1014410: 'Street Name' conflicto {'SEVENTH AVENUE', '7 AVENUE'}, usando '7 AVENUE'
[COL] BIN 1014428: 'House No' conflicto {'213', '215'}, usando '215'
[COL] BIN 1014430: 'Street Name' conflicto {'SEVENTH AVENUE', '7 AVENUE'}, usando 'SEVENTH AVENUE'
[COL] BIN 1014437: 'House No' conflicto {'270', '516'}, usando '516'
[COL] BIN 1014437: 'Street Name' conflicto {'EIGHTH AVENUE', 'WEST   36 STREET'}, usando 'EIGHTH AVENUE'
[COL] BIN 1014444: 'Street Name' conflicto {'SEVENTH AVENUE', '7 AVENUE'}, usando 'SEVENTH AVENUE'
[COL] BIN 1014445: 'Street Name' conflicto {'SEVENTH AVENUE', '7 AVENUE'}, usando '7 AVENUE'
[COL] BIN 1014453: 'House No' conflicto {'265', '550'}, usando '550'
[COL] BIN 1014453: 'Street Name' conflicto {'8 AVENUE', 'WEST   37 STREET'}, usando '8 AVENUE'
[COL] BIN 1014484: 'House No' conflicto {'526', '520'}, usando '520'
[COL] BIN 1014485: 'Street Name' conflicto {'SEVENTH AVENUE', '7 AVENUE'}, usando 'SEVENTH AVENUE'
[COL] BIN 1014499: 'House No' conflicto {'239', '231'}, usando '231'
[COL] BIN 1014501: 'Street Name' conflicto {'SEVENTH AVENUE', '7 AVENUE'}, usando 'SEVENTH AVENUE'
[COL] BIN 1014512: 'House No' conflicto {'274', '618'}, usando '618'
[COL] BIN 1014512: 'Street Name' conflicto {'8 AVENUE', 'WEST   40 STREET'}, usando '8 AVENUE'
[COL] BIN 1014513: 'House No' conflicto {'616', '612'}, usando '612'
[COL] BIN 1014515: 'Street Name' conflicto {'SEVENTH AVENUE', '7 AVENUE'}, usando '7 AVENUE'
[COL] BIN 1014525: 'House No' conflicto {'103', '109', '107', '108'}, usando '107'
[COL] BIN 1014525: 'Street Name' conflicto {'WEST   14 STREET', 'WEST   15 STREET'}, usando 'WEST   14 STREET'
[COL] BIN 1014528: 'Street Name' conflicto {'AVENUE OF THE AMERICAS', '6 AVENUE'}, usando '6 AVENUE'
[COL] BIN 1014560: 'House No' conflicto {'101', '555'}, usando '555'
[COL] BIN 1014560: 'Street Name' conflicto {'WEST   15 STREET', '6 AVENUE'}, usando '6 AVENUE'
[COL] BIN 1014572: 'House No' conflicto {'101', '161'}, usando '101'
[COL] BIN 1014572: 'Street Name' conflicto {'WEST   16 STREET', '7 AVENUE'}, usando '7 AVENUE'
[COL] BIN 1014579: 'Street Name' conflicto {'SIXTH AVENUE', '6 AVENUE'}, usando 'SIXTH AVENUE'
[COL] BIN 1014648: 'Street Name' conflicto {'SEVENTH AVENUE', '7 AVENUE'}, usando 'SEVENTH AVENUE'
[COL] BIN 1014658: 'House No' conflicto {'599', '601'}, usando '601'
[COL] BIN 1014674: 'House No' conflicto {'112', '117'}, usando '112'
[COL] BIN 1014674: 'Street Name' conflicto {'WEST   17 STREET', 'WEST   18 STREET'}, usando 'WEST   18 STREET'
[COL] BIN 1014717: 'House No' conflicto {'115', '123'}, usando '115'
[COL] BIN 1014718: 'House No' conflicto {'625', '615'}, usando '625'
[COL] BIN 1014718: 'Street Name' conflicto {'AVENUE OF THE AMERICAS', '6 AVENUE'}, usando '6 AVENUE'
[COL] BIN 1014731: 'Street Name' conflicto {'AVENUE OF THE AMERICAS', 'SIXTH AVENUE'}, usando 'AVENUE OF THE AMERICAS'
[COL] BIN 1014732: 'Street Name' conflicto {'AVENUE OF THE AMERICAS', 'SIXTH AVENUE', '6 AVENUE'}, usando 'AVENUE OF THE AMERICAS'
[COL] BIN 1014742: 'House No' conflicto {'177', '165', '173', '171'}, usando '165'
[COL] BIN 1014742: 'Street Name' conflicto {'WEST   20 STREET', '7 AVENUE'}, usando 'WEST   20 STREET'
[COL] BIN 1014774: 'Street Name' conflicto {'AVENUE OF THE AMERICAS', '6 AVENUE'}, usando 'AVENUE OF THE AMERICAS'
[COL] BIN 1014810: 'House No' conflicto {'144', '142'}, usando '144'
[COL] BIN 1014985: 'House No' conflicto {'110', '108'}, usando '110'
[COL] BIN 1014992: 'House No' conflicto {'150', '146'}, usando '150'
[COL] BIN 1015000: 'House No' conflicto {'160', '275'}, usando '275'
[COL] BIN 1015000: 'Street Name' conflicto {'SEVENTH AVENUE', 'WEST   26 STREET', '7 AVENUE'}, usando 'SEVENTH AVENUE'
[COL] BIN 1015001: 'House No' conflicto {'159', '157'}, usando '159'
[COL] BIN 1015006: 'House No' conflicto {'127', '131'}, usando '131'
[COL] BIN 1015032: 'House No' conflicto {'293', '291'}, usando '291'
[COL] BIN 1015060: 'Street Name' conflicto {'SEVENTH AVENUE', '7 AVENUE'}, usando '7 AVENUE'
[COL] BIN 1015061: 'Street Name' conflicto {'SEVENTH AVENUE', '7 AVENUE'}, usando '7 AVENUE'
[COL] BIN 1015096: 'Street Name' conflicto {'SEVENTH AVENUE', '7 AVENUE'}, usando 'SEVENTH AVENUE'
[COL] BIN 1015097: 'House No' conflicto {'333', '339'}, usando '333'
[COL] BIN 1015105: 'House No' conflicto {'131', '133'}, usando '133'
[COL] BIN 1015137: 'House No' conflicto {'345', '347'}, usando '345'
[COL] BIN 1015146: 'House No' conflicto {'851', '835', '839'}, usando '851'
[COL] BIN 1015146: 'Street Name' conflicto {'AVENUE OF THE AMERICAS', '6 AVENUE'}, usando 'AVENUE OF THE AMERICAS'
[COL] BIN 1015153: 'House No' conflicto {'160', '355'}, usando '355'
[COL] BIN 1015153: 'Street Name' conflicto {'7 AVENUE', 'WEST   30 STREET'}, usando '7 AVENUE'
[COL] BIN 1015161: 'House No' conflicto {'115', '119'}, usando '119'
[COL] BIN 1015171: 'House No' conflicto {'133', '31', '127', '132'}, usando '127'
[COL] BIN 1015171: 'Street Name' conflicto {'PENN PLAZA', 'WEST   30 STREET', 'WEST   31 STREET'}, usando 'WEST   30 STREET'
[COL] BIN 1015172: 'House No' conflicto {'138', '140'}, usando '140'
[COL] BIN 1015175: 'House No' conflicto {'11', '157'}, usando '11'
[COL] BIN 1015175: 'Street Name' conflicto {'PENNSYLVANIA PLAZA', 'PENN PLAZA', 'WEST   31 STREET'}, usando 'PENN PLAZA'
[COL] BIN 1015181: 'House No' conflicto {'119', '116'}, usando '119'
[COL] BIN 1015181: 'Street Name' conflicto {'WEST   31 STREET', 'WEST   32 STREET'}, usando 'WEST   31 STREET'
[COL] BIN 1015182: 'Street Name' conflicto {'AVENUE OF THE AMERICAS', 'SIXTH AVENUE', '6 AVENUE'}, usando 'AVENUE OF THE AMERICAS'
[COL] BIN 1015190: 'House No' conflicto {'100', '110'}, usando '100'
[COL] BIN 1015192: 'House No' conflicto {'159', '157', '421'}, usando '159'
[COL] BIN 1015192: 'Street Name' conflicto {'7 AVENUE', 'WEST   33 STREET'}, usando 'WEST   33 STREET'
[COL] BIN 1015198: 'House No' conflicto {'131', '133'}, usando '133'
[COL] BIN 1015199: 'LOT' conflicto {'45', '7502'}, usando '7502'
[COL] BIN 1015201: 'House No' conflicto {'112', '111'}, usando '112'
[COL] BIN 1015201: 'Street Name' conflicto {'WEST   34 STREET', 'WEST   33 STREET'}, usando 'WEST   34 STREET'
[COL] BIN 1015222: 'Street Name' conflicto {'SEVENTH AVENUE', '7 AVENUE'}, usando '7 AVENUE'
[COL] BIN 1015234: 'Street Name' conflicto {'SEVENTH AVENUE', '7 AVENUE'}, usando '7 AVENUE'
[COL] BIN 1015236: 'Street Name' conflicto {'SEVENTH AVENUE', '7 AVENUE'}, usando 'SEVENTH AVENUE'
[COL] BIN 1015263: 'House No' conflicto {'515', '150', '156'}, usando '150'
[COL] BIN 1015263: 'Street Name' conflicto {'7 AVENUE', 'WEST   38 STREET'}, usando 'WEST   38 STREET'
[COL] BIN 1015264: 'Street Name' conflicto {'SEVENTH AVENUE', '7 AVENUE'}, usando '7 AVENUE'
[COL] BIN 1015272: 'House No' conflicto {'100', '1029', '1021'}, usando '1029'
[COL] BIN 1015272: 'Street Name' conflicto {'AVENUE OF THE AMERICAS', 'SIXTH AVENUE', 'WEST   39 STREET', '6 AVENUE'}, usando '6 AVENUE'
[COL] BIN 1015274: 'House No' conflicto {'120', '1410'}, usando '1410'
[COL] BIN 1015274: 'Street Name' conflicto {'BROADWAY', 'WEST   39 STREET'}, usando 'BROADWAY'
[COL] BIN 1015289: 'LOT' conflicto {'22', '20'}, usando '22'
[COL] BIN 1015291: 'Street Name' conflicto {'5 AVENUE', 'FIFTH AVENUE'}, usando 'FIFTH AVENUE'
[COL] BIN 1015303: 'House No' conflicto {'546', '64'}, usando '546'
[COL] BIN 1015303: 'Street Name' conflicto {'WEST   15 STREET', '6 AVENUE'}, usando '6 AVENUE'
[COL] BIN 1015318: 'Street Name' conflicto {'5 AVENUE', 'FIFTH AVENUE'}, usando 'FIFTH AVENUE'
[COL] BIN 1015393: 'Street Name' conflicto {'5 AVENUE', 'FIFTH AVENUE'}, usando 'FIFTH AVENUE'
[COL] BIN 1015394: 'House No' conflicto {'116', '114'}, usando '114'
[COL] BIN 1015419: 'Street Name' conflicto {'5 AVENUE', 'FIFTH AVENUE'}, usando 'FIFTH AVENUE'
[COL] BIN 1015420: 'Street Name' conflicto {'5 AVENUE', 'FIFTH AVENUE'}, usando '5 AVENUE'
[COL] BIN 1015421: 'Street Name' conflicto {'5 AVENUE', 'FIFTH AVENUE'}, usando '5 AVENUE'
[COL] BIN 1015451: 'Street Name' conflicto {'5 AVENUE', 'FIFTH AVENUE'}, usando 'FIFTH AVENUE'
[COL] BIN 1015455: 'House No' conflicto {'4', '140'}, usando '140'
[COL] BIN 1015455: 'Street Name' conflicto {'5 AVENUE', 'WEST   19 STREET'}, usando '5 AVENUE'
[COL] BIN 1015460: 'Street Name' conflicto {'AVENUE OF THE AMERICAS', '6 AVENUE'}, usando 'AVENUE OF THE AMERICAS'
[COL] BIN 1015475: 'House No' conflicto {'5', '142', '1'}, usando '1'
[COL] BIN 1015475: 'Street Name' conflicto {'5 AVENUE', 'FIFTH AVENUE', 'WEST   19 STREET'}, usando 'WEST   19 STREET'
[COL] BIN 1015476: 'Street Name' conflicto {'5 AVENUE', 'FIFTH AVENUE'}, usando 'FIFTH AVENUE'
[COL] BIN 1015478: 'Street Name' conflicto {'5 AVENUE', 'FIFTH AVENUE'}, usando 'FIFTH AVENUE'
[COL] BIN 1015487: 'House No' conflicto {'650', '60'}, usando '60'
[COL] BIN 1015487: 'Street Name' conflicto {'WEST   20 STREET', '6 AVENUE'}, usando 'WEST   20 STREET'
[COL] BIN 1015499: 'Street Name' conflicto {'5 AVENUE', 'FIFTH AVENUE'}, usando '5 AVENUE'
[COL] BIN 1015500: 'Street Name' conflicto {'5 AVENUE', 'FIFTH AVENUE'}, usando '5 AVENUE'
[COL] BIN 1015517: 'Street Name' conflicto {'AVENUE OF THE AMERICAS', '6 AVENUE'}, usando '6 AVENUE'
[COL] BIN 1015531: 'House No' conflicto {'16', '15'}, usando '16'
[COL] BIN 1015531: 'Street Name' conflicto {'WEST   21 STREET', 'WEST   22 STREET'}, usando 'WEST   22 STREET'
[COL] BIN 1015534: 'Street Name' conflicto {'5 AVENUE', 'FIFTH AVENUE'}, usando '5 AVENUE'
[COL] BIN 1015538: 'Street Name' conflicto {'5 AVENUE', 'FIFTH AVENUE'}, usando '5 AVENUE'
[COL] BIN 1015541: 'House No' conflicto {'30', '28'}, usando '28'
[COL] BIN 1015561: 'Street Name' conflicto {'5 AVENUE', 'FIFTH AVENUE'}, usando '5 AVENUE'
[COL] BIN 1015563: 'House No' conflicto {'178', '180'}, usando '180'
[COL] BIN 1015564: 'Street Name' conflicto {'5 AVENUE', 'FIFTH AVENUE'}, usando '5 AVENUE'
[COL] BIN 1015565: 'Street Name' conflicto {'5 AVENUE', 'FIFTH AVENUE'}, usando '5 AVENUE'
[COL] BIN 1015583: 'Street Name' conflicto {'5 AVENUE', 'FIFTH AVENUE'}, usando 'FIFTH AVENUE'
[COL] BIN 1015587: 'House No' conflicto {'42', '40'}, usando '40'
[COL] BIN 1015602: 'House No' conflicto {'10', '1107'}, usando '10'
[COL] BIN 1015602: 'Street Name' conflicto {'BROADWAY', 'MADISON SQUARE WEST'}, usando 'MADISON SQUARE WEST'
[COL] BIN 1015604: 'House No' conflicto {'16', '1115', '6'}, usando '16'
[COL] BIN 1015604: 'Street Name' conflicto {'BROADWAY', 'WEST   25 STREET', 'MADISON SQUARE WEST'}, usando 'MADISON SQUARE WEST'
[COL] BIN 1015623: 'Street Name' conflicto {'5 AVENUE', 'FIFTH AVENUE'}, usando '5 AVENUE'
[COL] BIN 1015624: 'Street Name' conflicto {'5 AVENUE', 'FIFTH AVENUE'}, usando '5 AVENUE'
[COL] BIN 1015632: 'House No' conflicto {'55', '776'}, usando '776'
[COL] BIN 1015632: 'Street Name' conflicto {'AVENUE OF THE AMERICAS', 'WEST   26 STREET', 'SIXTH AVENUE', '6 AVENUE'}, usando 'SIXTH AVENUE'
[COL] BIN 1015643: 'House No' conflicto {'15', '17'}, usando '15'
[COL] BIN 1015650: 'Street Name' conflicto {'5 AVENUE', 'FIFTH AVENUE'}, usando 'FIFTH AVENUE'
[COL] BIN 1015654: 'Street Name' conflicto {'5 AVENUE', 'FIFTH AVENUE'}, usando '5 AVENUE'
[COL] BIN 1015655: 'House No' conflicto {'1153', '1151'}, usando '1151'
[COL] BIN 1015685: 'House No' conflicto {'15', '13'}, usando '15'
[COL] BIN 1015687: 'Street Name' conflicto {'5 AVENUE', 'FIFTH AVENUE'}, usando 'FIFTH AVENUE'
[COL] BIN 1015690: 'Street Name' conflicto {'5 AVENUE', 'FIFTH AVENUE'}, usando '5 AVENUE'
[COL] BIN 1015727: 'House No' conflicto {'1178', '17'}, usando '1178'
[COL] BIN 1015727: 'Street Name' conflicto {'BROADWAY', 'WEST   28 STREET'}, usando 'BROADWAY'
[COL] BIN 1015728: 'House No' conflicto {'15', '13'}, usando '15'
[COL] BIN 1015732: 'Street Name' conflicto {'5 AVENUE', 'FIFTH AVENUE'}, usando 'FIFTH AVENUE'
[COL] BIN 1015739: 'House No' conflicto {'1186', '20'}, usando '1186'
[COL] BIN 1015739: 'Street Name' conflicto {'BROADWAY', 'WEST   29 STREET'}, usando 'BROADWAY'
[COL] BIN 1015765: 'Street Name' conflicto {'5 AVENUE', 'FIFTH AVENUE'}, usando '5 AVENUE'
[COL] BIN 1015778: 'House No' conflicto {'37', '1220'}, usando '1220'
[COL] BIN 1015778: 'Street Name' conflicto {'BROADWAY', 'WEST   30 STREET'}, usando 'BROADWAY'
[COL] BIN 1015785: 'Street Name' conflicto {'5 AVENUE', 'FIFTH AVENUE'}, usando '5 AVENUE'
[COL] BIN 1015791: 'Street Name' conflicto {'5 AVENUE', 'FIFTH AVENUE'}, usando 'FIFTH AVENUE'
[COL] BIN 1015803: 'House No' conflicto {'1255', '1261'}, usando '1261'
[COL] BIN 1015804: 'House No' conflicto {'884', '1263'}, usando '1263'
[COL] BIN 1015804: 'Street Name' conflicto {'BROADWAY', '6 AVENUE'}, usando 'BROADWAY'
[COL] BIN 1015806: 'House No' conflicto {'39', '38'}, usando '38'
[COL] BIN 1015806: 'Street Name' conflicto {'WEST   31 STREET', 'WEST   32 STREET'}, usando 'WEST   32 STREET'
[COL] BIN 1015834: 'House No' conflicto {'894', '1271'}, usando '1271'
[COL] BIN 1015834: 'Street Name' conflicto {'BROADWAY', '6 AVENUE'}, usando 'BROADWAY'
[COL] BIN 1015846: 'House No' conflicto {'32', '34'}, usando '34'
[COL] BIN 1015852: 'House No' conflicto {'320', '324'}, usando '320'
[COL] BIN 1015853: 'Street Name' conflicto {'5 AVENUE', 'FIFTH AVENUE'}, usando '5 AVENUE'
[COL] BIN 1015859: 'House No' conflicto {'50', '60', '1282'}, usando '50'
[COL] BIN 1015859: 'Street Name' conflicto {'BROADWAY', 'WEST   34 STREET'}, usando 'WEST   34 STREET'
[COL] BIN 1015873: 'House No' conflicto {'17', '19'}, usando '19'
[COL] BIN 1015878: 'Street Name' conflicto {'5 AVENUE', 'FIFTH AVENUE'}, usando '5 AVENUE'
[COL] BIN 1015881: 'House No' conflicto {'42', '40'}, usando '40'
[COL] BIN 1015898: 'House No' conflicto {'380', '378', '372'}, usando '372'
[COL] BIN 1015898: 'Street Name' conflicto {'5 AVENUE', 'FIFTH AVENUE'}, usando 'FIFTH AVENUE'
[COL] BIN 1015900: 'Street Name' conflicto {'5 AVENUE', 'FIFTH AVENUE'}, usando 'FIFTH AVENUE'
[COL] BIN 1015919: 'House No' conflicto {'986', '980', '990', '70'}, usando '980'
[COL] BIN 1015919: 'Street Name' conflicto {'AVENUE OF THE AMERICAS', 'WEST   37 STREET', '6 AVENUE'}, usando '6 AVENUE'
[COL] BIN 1015923: 'House No' conflicto {'45', '47'}, usando '45'
[COL] BIN 1015938: 'Street Name' conflicto {'5 AVENUE', 'FIFTH AVENUE'}, usando '5 AVENUE'
[COL] BIN 1015989: 'House No' conflicto {'63', '62'}, usando '62'
[COL] BIN 1015989: 'Street Name' conflicto {'WEST   38 STREET', 'WEST   39 STREET'}, usando 'WEST   39 STREET'
[COL] BIN 1016004: 'Street Name' conflicto {'5 AVENUE', 'FIFTH AVENUE'}, usando 'FIFTH AVENUE'
[COL] BIN 1016034: 'Street Name' conflicto {'AVENUE OF THE AMERICAS', 'AVENUE OF AMERICAS'}, usando 'AVENUE OF THE AMERICAS'
[COL] BIN 1016046: 'House No' conflicto {'450', '4'}, usando '4'
[COL] BIN 1016046: 'Street Name' conflicto {'WEST   40 STREET', 'FIFTH AVENUE'}, usando 'WEST   40 STREET'
[COL] BIN 1016047: 'Street Name' conflicto {'5 AVENUE', 'FIFTH AVENUE'}, usando 'FIFTH AVENUE'
[COL] BIN 1016061: 'Street Name' conflicto {'5 AVENUE', 'FIFTH AVENUE'}, usando '5 AVENUE'
[COL] BIN 1016068: 'House No' conflicto {'2', '71'}, usando '71'
[COL] BIN 1016068: 'Street Name' conflicto {'5 AVENUE', 'EAST   15 STREET', 'FIFTH AVENUE'}, usando '5 AVENUE'
[COL] BIN 1016069: 'Street Name' conflicto {'5 AVENUE', 'FIFTH AVENUE'}, usando '5 AVENUE'
[COL] BIN 1016074: 'House No' conflicto {'17', '19'}, usando '19'
[COL] BIN 1016074: 'Street Name' conflicto {'UNION SQUARE WEST', 'UNION SQUARE'}, usando 'UNION SQUARE WEST'
[COL] BIN 1016075: 'House No' conflicto {'32', '34', '29', '28'}, usando '28'
[COL] BIN 1016075: 'Street Name' conflicto {'UNION SQUARE WEST', 'EAST   16 STREET'}, usando 'EAST   16 STREET'
[COL] BIN 1016079: 'Street Name' conflicto {'5 AVENUE', 'FIFTH AVENUE'}, usando '5 AVENUE'
[COL] BIN 1016080: 'Street Name' conflicto {'5 AVENUE', 'FIFTH AVENUE'}, usando '5 AVENUE'
[COL] BIN 1016081: 'Street Name' conflicto {'5 AVENUE', 'FIFTH AVENUE'}, usando '5 AVENUE'
[COL] BIN 1016084: 'House No' conflicto {'15', '17'}, usando '15'
[COL] BIN 1016094: 'Street Name' conflicto {'5 AVENUE', 'FIFTH AVENUE'}, usando 'FIFTH AVENUE'
[COL] BIN 1016110: 'Street Name' conflicto {'5 AVENUE', 'FIFTH AVENUE'}, usando '5 AVENUE'
[COL] BIN 1016122: 'House No' conflicto {'25', '857'}, usando '25'
[COL] BIN 1016122: 'Street Name' conflicto {'BROADWAY', 'EAST   17 STREET'}, usando 'EAST   17 STREET'
[COL] BIN 1016144: 'Street Name' conflicto {'5 AVENUE', 'FIFTH AVENUE'}, usando '5 AVENUE'
[COL] BIN 1016145: 'Street Name' conflicto {'5 AVENUE', 'FIFTH AVENUE'}, usando 'FIFTH AVENUE'
[COL] BIN 1016156: 'Street Name' conflicto {'5 AVENUE', 'FIFTH AVENUE'}, usando '5 AVENUE'
[COL] BIN 1016183: 'House No' conflicto {'24', '20'}, usando '20'
[COL] BIN 1016184: 'House No' conflicto {'900', '894'}, usando '900'
[COL] BIN 1016187: 'House No' conflicto {'131', '129'}, usando '129'
[COL] BIN 1016195: 'Street Name' conflicto {'5 AVENUE', 'FIFTH AVENUE'}, usando '5 AVENUE'
[COL] BIN 1016208: 'House No' conflicto {'35', '37'}, usando '35'
[COL] BIN 1016212: 'House No' conflicto {'254', '252'}, usando '254'
[COL] BIN 1016226: 'House No' conflicto {'10', '915'}, usando '915'
[COL] BIN 1016226: 'Street Name' conflicto {'BROADWAY', 'EAST   21 STREET'}, usando 'BROADWAY'
[COL] BIN 1016227: 'House No' conflicto {'141', '145'}, usando '141'
[COL] BIN 1016227: 'Street Name' conflicto {'5 AVENUE', 'FIFTH AVENUE'}, usando '5 AVENUE'
[COL] BIN 1016239: 'House No' conflicto {'921', '149'}, usando '149'
[COL] BIN 1016239: 'Street Name' conflicto {'BROADWAY', '5 AVENUE', 'FIFTH AVENUE'}, usando 'FIFTH AVENUE'
[COL] BIN 1016240: 'Street Name' conflicto {'5 AVENUE', 'FIFTH AVENUE'}, usando '5 AVENUE'
[COL] BIN 1016278: 'House No' conflicto {'175', '171'}, usando '175'
[COL] BIN 1016278: 'Street Name' conflicto {'5 AVENUE', 'FIFTH AVENUE'}, usando '5 AVENUE'
[COL] BIN 1016304: 'House No' conflicto {'5', '940', '6'}, usando '5'
[COL] BIN 1016304: 'Street Name' conflicto {'BROADWAY', 'EAST   23 STREET', 'EAST   22 STREET'}, usando 'EAST   22 STREET'
[COL] BIN 1016750: 'House No' conflicto {'45', '51'}, usando '45'
[COL] BIN 1016884: 'Street Name' conflicto {'5 AVENUE', 'FIFTH AVENUE'}, usando 'FIFTH AVENUE'
[COL] BIN 1016889: 'House No' conflicto {'63', '28'}, usando '63'
[COL] BIN 1016889: 'Street Name' conflicto {'EAST   28 STREET', 'MADISON AVENUE'}, usando 'MADISON AVENUE'
[COL] BIN 1016896: 'House No' conflicto {'243', '245', '2'}, usando '245'
[COL] BIN 1016896: 'Street Name' conflicto {'EAST   28 STREET', '5 AVENUE', 'FIFTH AVENUE'}, usando '5 AVENUE'
[COL] BIN 1016936: 'House No' conflicto {'38', '44'}, usando '38'
[COL] BIN 1016951: 'Street Name' conflicto {'5 AVENUE', 'FIFTH AVENUE'}, usando '5 AVENUE'
[COL] BIN 1017006: 'House No' conflicto {'319', '1'}, usando '319'
[COL] BIN 1017006: 'Street Name' conflicto {'EAST   32 STREET', '5 AVENUE', 'FIFTH AVENUE'}, usando 'FIFTH AVENUE'
[COL] BIN 1017082: 'House No' conflicto {'173', '171'}, usando '171'
[COL] BIN 1017089: 'House No' conflicto {'181', '183'}, usando '183'
[COL] BIN 1017096: 'Street Name' conflicto {'5 AVENUE', 'FIFTH AVENUE'}, usando '5 AVENUE'
[COL] BIN 1017097: 'Street Name' conflicto {'5 AVENUE', 'FIFTH AVENUE'}, usando 'FIFTH AVENUE'
[COL] BIN 1017105: 'House No' conflicto {'61', '10', '12'}, usando '10'
[COL] BIN 1017105: 'Street Name' conflicto {'PARK AVENUE', 'EAST   34 STREET'}, usando 'PARK AVENUE'
[COL] BIN 1017114: 'House No' conflicto {'199', '189', '20', '193'}, usando '20'
[COL] BIN 1017114: 'Street Name' conflicto {'EAST   35 STREET', 'MADISON AVENUE'}, usando 'EAST   35 STREET'
[COL] BIN 1017116: 'Street Name' conflicto {'5 AVENUE', 'FIFTH AVENUE'}, usando 'FIFTH AVENUE'
[COL] BIN 1017128: 'House No' conflicto {'36', '28'}, usando '36'
[COL] BIN 1017175: 'House No' conflicto {'389', '7', '3'}, usando '389'
[COL] BIN 1017175: 'Street Name' conflicto {'5 AVENUE', 'FIFTH AVENUE', 'EAST   36 STREET'}, usando '5 AVENUE'
[COL] BIN 1017176: 'Street Name' conflicto {'5 AVENUE', 'FIFTH AVENUE'}, usando '5 AVENUE'
[COL] BIN 1017190: 'Street Name' conflicto {'5 AVENUE', 'FIFTH AVENUE'}, usando '5 AVENUE'
[COL] BIN 1017191: 'Street Name' conflicto {'5 AVENUE', 'FIFTH AVENUE'}, usando 'FIFTH AVENUE'
[COL] BIN 1017220: 'House No' conflicto {'22', '241'}, usando '22'
[COL] BIN 1017220: 'Street Name' conflicto {'EAST   38 STREET', 'MADISON AVENUE'}, usando 'EAST   38 STREET'
[COL] BIN 1017224: 'House No' conflicto {'415', '417'}, usando '417'
[COL] BIN 1017228: 'House No' conflicto {'7', '10'}, usando '10'
[COL] BIN 1017228: 'Street Name' conflicto {'EAST   38 STREET', 'EAST   39 STREET'}, usando 'EAST   39 STREET'
[COL] BIN 1017244: 'House No' conflicto {'2', '437'}, usando '437'
[COL] BIN 1017244: 'Street Name' conflicto {'5 AVENUE', 'FIFTH AVENUE', 'EAST   39 STREET'}, usando 'FIFTH AVENUE'
[COL] BIN 1017361: 'House No' conflicto {'80', '36'}, usando '36'
[COL] BIN 1017361: 'Street Name' conflicto {'PARK AVENUE', 'EAST   39 STREET'}, usando 'EAST   39 STREET'
[COL] BIN 1017588: 'LOT' conflicto {'16', '7502'}, usando '16'
[COL] BIN 1017599: 'House No' conflicto {'280', '278'}, usando '278'
[COL] BIN 1017603: 'Street Name' conflicto {'5 AVENUE', 'FIFTH AVENUE'}, usando '5 AVENUE'
[COL] BIN 1017788: 'House No' conflicto {'101', '20'}, usando '20'
[COL] BIN 1017788: 'Street Name' conflicto {'UNION SQUARE EAST', 'EAST   15 STREET'}, usando 'UNION SQUARE EAST'
[COL] BIN 1017822: 'House No' conflicto {'176', '145'}, usando '145'
[COL] BIN 1017822: 'Street Name' conflicto {'THIRD AVENUE', 'EAST   16 STREET'}, usando 'EAST   16 STREET'
[COL] BIN 1017861: 'House No' conflicto {'225', '111'}, usando '225'
[COL] BIN 1017861: 'Street Name' conflicto {'PARK AVENUE SOUTH', 'EAST   18 STREET'}, usando 'PARK AVENUE SOUTH'
[COL] BIN 1017947: 'LOT' conflicto {'7504', '6'}, usando '7504'
[COL] BIN 1017953: 'Street Name' conflicto {'GRAMERCY PARK', 'GRAMERCY PARK EAST'}, usando 'GRAMERCY PARK EAST'
[COL] BIN 1017956: 'House No' conflicto {'38', '146'}, usando '38'
[COL] BIN 1017956: 'Street Name' conflicto {'GRAMERCY PARK NORTH', 'GRAMERCY PARK EAST', 'EAST   21 STREET'}, usando 'GRAMERCY PARK NORTH'
[COL] BIN 1017957: 'House No' conflicto {'152', '258'}, usando '152'
[COL] BIN 1017957: 'Street Name' conflicto {'3 AVENUE', 'EAST   21 STREET'}, usando 'EAST   21 STREET'
[COL] BIN 1017964: 'Street Name' conflicto {'GRAMERCY PARK WEST', 'GRAMERCY PARK'}, usando 'GRAMERCY PARK WEST'
[COL] BIN 1017989: 'Street Name' conflicto {'GRAMERCY PARK', 'GRAMERCY PARK NORTH'}, usando 'GRAMERCY PARK NORTH'
[COL] BIN 1017991: 'House No' conflicto {'ONE', '1'}, usando '1'
[COL] BIN 1017993: 'House No' conflicto {'45V', '45'}, usando '45V'
[COL] BIN 1017997: 'Street Name' conflicto {'GRAMERCY PARK', 'GRAMERCY PARK NORTH'}, usando 'GRAMERCY PARK NORTH'
[COL] BIN 1018011: 'House No' conflicto {'295', '297'}, usando '295'
[COL] BIN 1018022: 'Street Name' conflicto {'3 AVENUE', 'THIRD AVENUE'}, usando 'THIRD AVENUE'
[COL] BIN 1018033: 'House No' conflicto {'103', '111', '113', '303'}, usando '303'
[COL] BIN 1018033: 'Street Name' conflicto {'PARK AVENUE SOUTH', 'EAST   23 STREET'}, usando 'PARK AVENUE SOUTH'
[COL] BIN 1018044: 'House No' conflicto {'143', '145'}, usando '145'
[COL] BIN 1018069: 'House No' conflicto {'121', '123'}, usando '123'
[COL] BIN 1018088: 'House No' conflicto {'110', '104'}, usando '110'
[COL] BIN 1018107: 'House No' conflicto {'141', '151', '152'}, usando '151'
[COL] BIN 1018107: 'Street Name' conflicto {'EAST   26 STREET', 'EAST   25 STREET'}, usando 'EAST   25 STREET'
[COL] BIN 1018114: 'Street Name' conflicto {'3 AVENUE', 'THIRD AVENUE'}, usando 'THIRD AVENUE'
[COL] BIN 1018164: 'House No' conflicto {'119', '118'}, usando '119'
[COL] BIN 1018164: 'Street Name' conflicto {'EAST   28 STREET', 'EAST   27 STREET'}, usando 'EAST   27 STREET'
[COL] BIN 1018180: 'Street Name' conflicto {'3 AVENUE', 'THIRD AVENUE'}, usando '3 AVENUE'
[COL] BIN 1018216: 'House No' conflicto {'141', '151'}, usando '151'
[COL] BIN 1018236: 'House No' conflicto {'415', '419'}, usando '419'
[COL] BIN 1018238: 'House No' conflicto {'425', '423'}, usando '425'
[COL] BIN 1018263: 'House No' conflicto {'416', '155'}, usando '155'
[COL] BIN 1018263: 'Street Name' conflicto {'3 AVENUE', 'EAST   29 STREET'}, usando 'EAST   29 STREET'
[COL] BIN 1018311: 'LOT' conflicto {'7504', '28'}, usando '7504'
[COL] BIN 1018467: 'House No' conflicto {'131', '184'}, usando '131'
[COL] BIN 1018467: 'Street Name' conflicto {'EAST   31 STREET', 'LEXINGTON AVENUE'}, usando 'EAST   31 STREET'
[COL] BIN 1018480: 'House No' conflicto {'472', '163', '165', '470'}, usando '472'
[COL] BIN 1018480: 'Street Name' conflicto {'3 AVENUE', 'EAST   32 STREET'}, usando '3 AVENUE'
[COL] BIN 1018483: 'House No' conflicto {'482', '484'}, usando '484'
[COL] BIN 1018492: 'House No' conflicto {'220', '139'}, usando '139'
[COL] BIN 1018492: 'Street Name' conflicto {'LEXINGTON AVENUE', 'EAST   33 STREET'}, usando 'EAST   33 STREET'
[COL] BIN 1018494: 'House No' conflicto {'141', '221'}, usando '141'
[COL] BIN 1018494: 'Street Name' conflicto {'LEXINGTON AVENUE', 'EAST   33 STREET'}, usando 'EAST   33 STREET'
[COL] BIN 1018502: 'House No' conflicto {'488', '500', '166'}, usando '166'
[COL] BIN 1018502: 'Street Name' conflicto {'3 AVENUE', 'EAST   34 STREET'}, usando 'EAST   34 STREET'
[COL] BIN 1018530: 'House No' conflicto {'166', '522'}, usando '522'
[COL] BIN 1018530: 'Street Name' conflicto {'3 AVENUE', 'EAST   35 STREET'}, usando '3 AVENUE'
[COL] BIN 1018967: 'House No' conflicto {'554', '556'}, usando '556'
[COL] BIN 1018967: 'Street Name' conflicto {'3 AVENUE', 'THIRD AVENUE'}, usando 'THIRD AVENUE'
[COL] BIN 1018978: 'House No' conflicto {'136', '285'}, usando '285'
[COL] BIN 1018978: 'Street Name' conflicto {'EAST   37 STREET', 'LEXINGTON AVENUE'}, usando 'LEXINGTON AVENUE'
[COL] BIN 1019099: 'House No' conflicto {'160', '560'}, usando '560'
[COL] BIN 1019099: 'Street Name' conflicto {'3 AVENUE', 'EAST   38 STREET'}, usando '3 AVENUE'
[COL] BIN 1019480: 'House No' conflicto {'135', '139'}, usando '135'
[COL] BIN 1019483: 'Street Name' conflicto {'3 AVENUE', 'THIRD AVENUE'}, usando 'THIRD AVENUE'
[COL] BIN 1019495: 'House No' conflicto {'110', '104'}, usando '110'
[COL] BIN 1019519: 'House No' conflicto {'222', '230'}, usando '222'
[COL] BIN 1019522: 'House No' conflicto {'200', '145'}, usando '200'
[COL] BIN 1019522: 'Street Name' conflicto {'THIRD AVENUE', 'EAST   15 STREET'}, usando 'EAST   15 STREET'
[COL] BIN 1019523: 'House No' conflicto {'201', '147', '155'}, usando '201'
[COL] BIN 1019523: 'Street Name' conflicto {'3 AVENUE', 'EAST   15 STREET'}, usando 'EAST   15 STREET'
[COL] BIN 1019531: 'House No' conflicto {'200', '165'}, usando '200'
[COL] BIN 1019531: 'Street Name' conflicto {'3 AVENUE', 'EAST   16 STREET'}, usando 'EAST   16 STREET'
[COL] BIN 1019551: 'House No' conflicto {'201', '195'}, usando '201'
[COL] BIN 1019551: 'Street Name' conflicto {'3 AVENUE', 'EAST   17 STREET'}, usando 'EAST   17 STREET'
[COL] BIN 1019580: 'Street Name' conflicto {'3 AVENUE', 'THIRD AVENUE'}, usando '3 AVENUE'
[COL] BIN 1019620: 'Street Name' conflicto {'2 AVENUE', 'SECOND AVENUE'}, usando 'SECOND AVENUE'
[COL] BIN 1019633: 'House No' conflicto {'275', '201'}, usando '201'
[COL] BIN 1019633: 'Street Name' conflicto {'3 AVENUE', 'EAST   21 STREET'}, usando 'EAST   21 STREET'
[COL] BIN 1019668: 'House No' conflicto {'205', '291'}, usando '205'
[COL] BIN 1019668: 'Street Name' conflicto {'3 AVENUE', 'EAST   22 STREET'}, usando 'EAST   22 STREET'
[COL] BIN 1019731: 'House No' conflicto {'383', '235'}, usando '235'
[COL] BIN 1019731: 'Street Name' conflicto {'SECOND AVENUE', 'EAST   22 STREET'}, usando 'EAST   22 STREET'
[COL] BIN 1019791: 'House No' conflicto {'245', '421'}, usando '245'
[COL] BIN 1019791: 'Street Name' conflicto {'EAST   24 STREET', '2 AVENUE'}, usando 'EAST   24 STREET'
[COL] BIN 1019795: 'House No' conflicto {'238', '240'}, usando '238'
[COL] BIN 1019845: 'House No' conflicto {'201', '359'}, usando '201'
[COL] BIN 1019845: 'Street Name' conflicto {'EAST   26 STREET', '3 AVENUE'}, usando 'EAST   26 STREET'
[COL] BIN 1019864: 'House No' conflicto {'200', '367'}, usando '200'
[COL] BIN 1019864: 'Street Name' conflicto {'EAST   27 STREET', 'THIRD AVENUE'}, usando 'EAST   27 STREET'
[COL] BIN 1019888: 'House No' conflicto {'401', '201', '399', '405'}, usando '201'
[COL] BIN 1019888: 'Street Name' conflicto {'3 AVENUE', 'EAST   28 STREET'}, usando 'EAST   28 STREET'
[COL] BIN 1019914: 'Street Name' conflicto {'3 AVENUE', 'THIRD AVENUE'}, usando 'THIRD AVENUE'
[COL] BIN 1019930: 'Street Name' conflicto {'EAST   30 STREET', 'EAST 30 STREET'}, usando 'EAST   30 STREET'
[COL] BIN 1019959: 'Street Name' conflicto {'2 AVENUE', 'SECOND AVENUE'}, usando 'SECOND AVENUE'
[COL] BIN 1019960: 'Street Name' conflicto {'2 AVENUE', 'SECOND AVENUE'}, usando '2 AVENUE'
[COL] BIN 1019971: 'House No' conflicto {'447', '443'}, usando '447'
[COL] BIN 1020028: 'House No' conflicto {'201', '451'}, usando '451'
[COL] BIN 1020028: 'Street Name' conflicto {'3 AVENUE', 'EAST   31 STREET'}, usando '3 AVENUE'
[COL] BIN 1020078: 'House No' conflicto {'200', '485'}, usando '200'
[COL] BIN 1020078: 'Street Name' conflicto {'3 AVENUE', 'EAST   33 STREET'}, usando 'EAST   33 STREET'
[COL] BIN 1020080: 'House No' conflicto {'210', '208'}, usando '210'
[COL] BIN 1020092: 'House No' conflicto {'251', '585'}, usando '585'
[COL] BIN 1020092: 'Street Name' conflicto {'EAST   32 STREET', '2 AVENUE'}, usando '2 AVENUE'
[COL] BIN 1020103: 'House No' conflicto {'491', '201'}, usando '491'
[COL] BIN 1020103: 'Street Name' conflicto {'3 AVENUE', 'EAST   33 STREET'}, usando '3 AVENUE'
[COL] BIN 1020129: 'House No' conflicto {'250', '621'}, usando '621'
[COL] BIN 1020129: 'Street Name' conflicto {'2 AVENUE', 'EAST   34 STREET'}, usando '2 AVENUE'
[COL] BIN 1020178: 'House No' conflicto {'529', '201'}, usando '201'
[COL] BIN 1020178: 'Street Name' conflicto {'3 AVENUE', 'EAST   35 STREET'}, usando 'EAST   35 STREET'
[COL] BIN 1020191: 'Street Name' conflicto {'2 AVENUE', 'SECOND AVENUE'}, usando '2 AVENUE'
[COL] BIN 1020357: 'House No' conflicto {'243', '707'}, usando '707'
[COL] BIN 1020357: 'Street Name' conflicto {'EAST   38 STREET', '2 AVENUE'}, usando '2 AVENUE'
[COL] BIN 1020359: 'House No' conflicto {'719', '250'}, usando '719'
[COL] BIN 1020359: 'Street Name' conflicto {'2 AVENUE', 'EAST   39 STREET'}, usando '2 AVENUE'
[COL] BIN 1020387: 'Street Name' conflicto {'2 AVENUE', 'SECOND AVENUE'}, usando '2 AVENUE'
[COL] BIN 1020424: 'Street Name' conflicto {'1 AVENUE', 'FIRST AVENUE'}, usando '1 AVENUE'
[COL] BIN 1020543: 'House No' conflicto {'301', '362'}, usando '301'
[COL] BIN 1020543: 'Street Name' conflicto {'2 AVENUE', 'EAST   21 STREET'}, usando 'EAST   21 STREET'
[COL] BIN 1020556: 'Street Name' conflicto {'1 AVENUE', 'FIRST AVENUE'}, usando 'FIRST AVENUE'
[COL] BIN 1020567: 'House No' conflicto {'380', '310'}, usando '380'
[COL] BIN 1020567: 'Street Name' conflicto {'EAST   22 STREET', '2 AVENUE', 'SECOND AVENUE'}, usando '2 AVENUE'
[COL] BIN 1020569: 'House No' conflicto {'382', '386', '301', '390'}, usando '301'
[COL] BIN 1020569: 'Street Name' conflicto {'2 AVENUE', 'EAST   22 STREET'}, usando 'EAST   22 STREET'
[COL] BIN 1020579: 'House No' conflicto {'336', '340', '338'}, usando '338'
[COL] BIN 1020599: 'House No' conflicto {'301', '305'}, usando '305'
[COL] BIN 1020613: 'House No' conflicto {'479', '485'}, usando '485'
[COL] BIN 1020613: 'Street Name' conflicto {'1 AVENUE', 'FIRST AVENUE'}, usando 'FIRST AVENUE'
[COL] BIN 1020613: 'LOT' conflicto {'24', '7501'}, usando '24'
[COL] BIN 1021925: 'House No' conflicto {'673', '333'}, usando '333'
[COL] BIN 1021925: 'Street Name' conflicto {'1 AVENUE', 'EAST   38 STREET'}, usando 'EAST   38 STREET'
[COL] BIN 1022060: 'Street Name' conflicto {'1 AVENUE', 'FIRST AVENUE'}, usando '1 AVENUE'
[COL] BIN 1022547: 'Street Name' conflicto {'1 AVENUE', 'FIRST AVENUE'}, usando '1 AVENUE'
[COL] BIN 1022553: 'House No' conflicto {'230', '801'}, usando '230'
[COL] BIN 1022553: 'Street Name' conflicto {'AVENUE C', 'EAST   14 STREET'}, usando 'AVENUE C'
[COL] BIN 1022558: 'Street Name' conflicto {'SEVENTH AVENUE', '7 AVENUE'}, usando '7 AVENUE'
[COL] BIN 1022563: 'House No' conflicto {'1444', '1440'}, usando '1440'
[COL] BIN 1022564: 'House No' conflicto {'119', '114'}, usando '119'
[COL] BIN 1022564: 'Street Name' conflicto {'WEST   40 STREET', 'WEST   41 STREET'}, usando 'WEST   40 STREET'
[COL] BIN 1022573: 'House No' conflicto {'8', '1460'}, usando '1460'
[COL] BIN 1022573: 'Street Name' conflicto {'BROADWAY', 'TIMES SQUARE'}, usando 'BROADWAY'
[COL] BIN 1022577: 'House No' conflicto {'135', '130'}, usando '135'
[COL] BIN 1022577: 'Street Name' conflicto {'WEST   42 STREET', 'WEST   41 STREET'}, usando 'WEST   41 STREET'
[COL] BIN 1022579: 'House No' conflicto {'1466', '6'}, usando '1466'
[COL] BIN 1022579: 'Street Name' conflicto {'BROADWAY', 'TIMES SQUARE'}, usando 'BROADWAY'
[COL] BIN 1022612: 'House No' conflicto {'141', '146'}, usando '146'
[COL] BIN 1022612: 'Street Name' conflicto {'WEST   44 STREET', 'WEST   43 STREET'}, usando 'WEST   44 STREET'
[COL] BIN 1022624: 'House No' conflicto {'1530', '1528'}, usando '1530'
[COL] BIN 1022631: 'House No' conflicto {'102', '1155'}, usando '1155'
[COL] BIN 1022631: 'Street Name' conflicto {'AVENUE OF THE AMERICAS', 'WEST   45 STREET', '6 AVENUE'}, usando '6 AVENUE'
[COL] BIN 1022668: 'House No' conflicto {'128', '130'}, usando '130'
[COL] BIN 1022678: 'Street Name' conflicto {'AVENUE OF AMERICAS', 'AVENUE OF THE AMERICAS', '6 AVENUE'}, usando 'AVENUE OF AMERICAS'
[COL] BIN 1022693: 'House No' conflicto {'1221', '137'}, usando '1221'
[COL] BIN 1022693: 'Street Name' conflicto {'AVENUE OF THE AMERICAS', 'AVENUE OF AMERICAS', 'WEST   48 STREET'}, usando 'AVENUE OF THE AMERICAS'
[COL] BIN 1022706: 'House No' conflicto {'123', '1251'}, usando '1251'
[COL] BIN 1022706: 'Street Name' conflicto {'AVENUE OF THE AMERICAS', 'AVENUE OF AMERICAS', 'WEST   49 STREET', '6 AVENUE'}, usando '6 AVENUE'
[COL] BIN 1022709: 'Street Name' conflicto {'AVENUE OF THE AMERICAS', 'AVENUE OF AMERICAS', '6 AVENUE'}, usando 'AVENUE OF THE AMERICAS'
[COL] BIN 1022710: 'House No' conflicto {'150', '148', '159', '761', '777'}, usando '150'
[COL] BIN 1022710: 'Street Name' conflicto {'7 AVENUE', 'WEST   50 STREET', 'WEST   51 STREET'}, usando 'WEST   51 STREET'
[COL] BIN 1023157: 'House No' conflicto {'147', '787'}, usando '787'
[COL] BIN 1023157: 'Street Name' conflicto {'SEVENTH AVENUE', 'WEST   51 STREET', '7 AVENUE'}, usando 'SEVENTH AVENUE'
[COL] BIN 1023158: 'Street Name' conflicto {'AVENUE OF THE AMERICAS', 'AVENUE OF AMERICAS'}, usando 'AVENUE OF THE AMERICAS'
[COL] BIN 1023159: 'House No' conflicto {'811', '140'}, usando '811'
[COL] BIN 1023159: 'Street Name' conflicto {'7 AVENUE', 'WEST   53 STREET'}, usando '7 AVENUE'
[COL] BIN 1023161: 'Street Name' conflicto {'AVENUE OF THE AMERICAS', 'AVENUE OF AMERICAS', '6 AVENUE'}, usando 'AVENUE OF THE AMERICAS'
[COL] BIN 1023163: 'Street Name' conflicto {'AVENUE OF THE AMERICAS', '6 AVENUE'}, usando 'AVENUE OF THE AMERICAS'
[COL] BIN 1023165: 'House No' conflicto {'837', '831', '839'}, usando '839'
[COL] BIN 1023165: 'Street Name' conflicto {'SEVENTH AVENUE', '7 AVENUE'}, usando 'SEVENTH AVENUE'
[COL] BIN 1023166: 'House No' conflicto {'159', '825'}, usando '825'
[COL] BIN 1023166: 'Street Name' conflicto {'7 AVENUE', 'WEST   53 STREET'}, usando '7 AVENUE'
[COL] BIN 1023382: 'House No' conflicto {'159', '161', '843'}, usando '843'
[COL] BIN 1023382: 'Street Name' conflicto {'7 AVENUE', 'WEST   54 STREET'}, usando '7 AVENUE'
[COL] BIN 1023394: 'House No' conflicto {'101', '1363', '1361', '1375', '1371'}, usando '1375'
[COL] BIN 1023394: 'Street Name' conflicto {'WEST   55 STREET', '6 AVENUE'}, usando '6 AVENUE'
[COL] BIN 1023398: 'House No' conflicto {'112', '110'}, usando '112'
[COL] BIN 1023449: 'Street Name' conflicto {'SEVENTH AVENUE', '7 AVENUE'}, usando '7 AVENUE'
[COL] BIN 1023730: 'LOT' conflicto {'7508', '29'}, usando '29'
[COL] BIN 1023740: 'House No' conflicto {'182', '180'}, usando '180'
[COL] BIN 1023756: 'Street Name' conflicto {'CPS', 'CENTRAL PARK SOUTH'}, usando 'CPS'
[COL] BIN 1023759: 'Street Name' conflicto {'CENTRAL PARK SOUTH', 'CPS'}, usando 'CENTRAL PARK SOUTH'
[COL] BIN 1024648: 'Street Name' conflicto {'SEVENTH AVENUE', '7 AVENUE'}, usando 'SEVENTH AVENUE'
[COL] BIN 1024649: 'House No' conflicto {'200', '9'}, usando '200'
[COL] BIN 1024649: 'Street Name' conflicto {'WEST   41 STREET', 'TIMES SQUARE'}, usando 'WEST   41 STREET'
[COL] BIN 1024656: 'House No' conflicto {'5', '592'}, usando '592'
[COL] BIN 1024656: 'Street Name' conflicto {'7 AVENUE', 'TIMES SQUARE'}, usando '7 AVENUE'
[COL] BIN 1024683: 'House No' conflicto {'225', '227', '229'}, usando '229'
[COL] BIN 1024686: 'House No' conflicto {'205', '3'}, usando '3'
[COL] BIN 1024686: 'Street Name' conflicto {'WEST   42 STREET', 'TIMES SQUARE'}, usando 'TIMES SQUARE'
[COL] BIN 1024703: 'House No' conflicto {'684', '255'}, usando '255'
[COL] BIN 1024703: 'Street Name' conflicto {'8 AVENUE', 'WEST   43 STREET'}, usando 'WEST   43 STREET'
[COL] BIN 1024711: 'Street Name' conflicto {'8 AVENUE', 'EIGHTH AVENUE'}, usando '8 AVENUE'
[COL] BIN 1024736: 'House No' conflicto {'247', '750'}, usando '247'
[COL] BIN 1024736: 'Street Name' conflicto {'8 AVENUE', 'WEST   46 STREET'}, usando 'WEST   46 STREET'
[COL] BIN 1024757: 'House No' conflicto {'2', '720', '1584', '1580'}, usando '2'
[COL] BIN 1024757: 'Street Name' conflicto {'BROADWAY', '7 AVENUE', 'TIMES SQUARE'}, usando 'TIMES SQUARE'
[COL] BIN 1024779: 'House No' conflicto {'732', '1604'}, usando '732'
[COL] BIN 1024779: 'Street Name' conflicto {'BROADWAY', '7 AVENUE'}, usando '7 AVENUE'
[COL] BIN 1024795: 'Street Name' conflicto {'SEVENTH AVENUE', '7 AVENUE'}, usando 'SEVENTH AVENUE'
[COL] BIN 1024817: 'House No' conflicto {'226', '1657'}, usando '226'
[COL] BIN 1024817: 'Street Name' conflicto {'BROADWAY', 'WEST   52 STREET'}, usando 'WEST   52 STREET'
[COL] BIN 1024818: 'House No' conflicto {'1652', '790', '1668', '1656', '1666'}, usando '1652'
[COL] BIN 1024818: 'Street Name' conflicto {'BROADWAY', '7 AVENUE', 'SEVENTH AVENUE'}, usando 'BROADWAY'
[COL] BIN 1024828: 'Street Name' conflicto {'SEVENTH AVENUE', '7 AVENUE'}, usando '7 AVENUE'
[COL] BIN 1024835: 'House No' conflicto {'1693B', '1693', '1695'}, usando '1693'
[COL] BIN 1024836: 'House No' conflicto {'826', '1700'}, usando '1700'
[COL] BIN 1024836: 'Street Name' conflicto {'BROADWAY', '7 AVENUE'}, usando 'BROADWAY'
[COL] BIN 1024845: 'House No' conflicto {'243', '245'}, usando '243'
[COL] BIN 1024854: 'Street Name' conflicto {'SEVENTH AVENUE', '7 AVENUE'}, usando '7 AVENUE'
[COL] BIN 1024877: 'House No' conflicto {'1740', '1730'}, usando '1740'
[COL] BIN 1024899: 'House No' conflicto {'250', '254'}, usando '250'
[COL] BIN 1024900: 'House No' conflicto {'1775', '241', '3'}, usando '241'
[COL] BIN 1024900: 'Street Name' conflicto {'BROADWAY', 'WEST   57 STREET', 'COLUMBUS CIRCLE'}, usando 'WEST   57 STREET'
[COL] BIN 1024903: 'House No' conflicto {'205', '209'}, usando '205'
[COL] BIN 1024904: 'House No' conflicto {'200', '910', '916'}, usando '200'
[COL] BIN 1024904: 'Street Name' conflicto {'7 AVENUE', 'WEST   58 STREET'}, usando 'WEST   58 STREET'
[COL] BIN 1024909: 'House No' conflicto {'5', '1784', '1790'}, usando '5'
[COL] BIN 1024909: 'Street Name' conflicto {'BROADWAY', 'COLUMBUS CIRCLE'}, usando 'COLUMBUS CIRCLE'
[COL] BIN 1024922: 'House No' conflicto {'240', '1792'}, usando '240'
[COL] BIN 1024922: 'Street Name' conflicto {'BROADWAY', 'CENTRAL PARK SOUTH'}, usando 'CENTRAL PARK SOUTH'
[COL] BIN 1024929: 'House No' conflicto {'578', '360'}, usando '578'
[COL] BIN 1024929: 'Street Name' conflicto {'WEST   42 STREET', 'NINTH AVENUE'}, usando 'NINTH AVENUE'
[COL] BIN 1024935: 'House No' conflicto {'590', '582'}, usando '582'
[COL] BIN 1024982: 'House No' conflicto {'357', '630'}, usando '630'
[COL] BIN 1024982: 'Street Name' conflicto {'WEST   44 STREET', '9 AVENUE'}, usando '9 AVENUE'
[COL] BIN 1025002: 'House No' conflicto {'642', '359'}, usando '359'
[COL] BIN 1025002: 'Street Name' conflicto {'9 AVENUE', 'WEST   45 STREET'}, usando 'WEST   45 STREET'
[COL] BIN 1025041: 'Street Name' conflicto {'9 AVENUE', 'NINTH AVENUE'}, usando '9 AVENUE'
[COL] BIN 1025119: 'House No' conflicto {'358', '698'}, usando '698'
[COL] BIN 1025119: 'Street Name' conflicto {'9 AVENUE', 'WEST   48 STREET'}, usando '9 AVENUE'
[COL] BIN 1025136: 'House No' conflicto {'337', '339'}, usando '339'
[COL] BIN 1025144: 'House No' conflicto {'805', '300', '813'}, usando '813'
[COL] BIN 1025144: 'Street Name' conflicto {'8 AVENUE', 'WEST   49 STREET'}, usando '8 AVENUE'
[COL] BIN 1025169: 'Street Name' conflicto {'9 AVENUE', 'NINTH AVENUE'}, usando 'NINTH AVENUE'
[COL] BIN 1025191: 'House No' conflicto {'369', '762'}, usando '369'
[COL] BIN 1025191: 'Street Name' conflicto {'9 AVENUE', 'WEST   51 STREET'}, usando 'WEST   51 STREET'
[COL] BIN 1025211: 'House No' conflicto {'869', '851'}, usando '851'
[COL] BIN 1025257: 'House No' conflicto {'877', '305', '871'}, usando '305'
[COL] BIN 1025257: 'Street Name' conflicto {'8 AVENUE', 'WEST   52 STREET'}, usando 'WEST   52 STREET'
[COL] BIN 1025323: 'House No' conflicto {'300', '885'}, usando '300'
[COL] BIN 1025323: 'Street Name' conflicto {'8 AVENUE', 'WEST   53 STREET'}, usando 'WEST   53 STREET'
[COL] BIN 1025400: 'House No' conflicto {'901', '301', '891', '907', '897'}, usando '891'
[COL] BIN 1025400: 'Street Name' conflicto {'8 AVENUE', 'WEST   53 STREET'}, usando '8 AVENUE'
[COL] BIN 1025416: 'House No' conflicto {'925', '300', '917'}, usando '925'
[COL] BIN 1025416: 'Street Name' conflicto {'8 AVENUE', 'WEST   55 STREET'}, usando '8 AVENUE'
[COL] BIN 1025421: 'House No' conflicto {'840', '830', '360'}, usando '360'
[COL] BIN 1025421: 'Street Name' conflicto {'9 AVENUE', 'WEST   55 STREET'}, usando 'WEST   55 STREET'
[COL] BIN 1025422: 'House No' conflicto {'357', '850'}, usando '357'
[COL] BIN 1025422: 'Street Name' conflicto {'9 AVENUE', 'WEST   55 STREET'}, usando 'WEST   55 STREET'
[COL] BIN 1025424: 'House No' conflicto {'353', '347'}, usando '347'
[COL] BIN 1025425: 'House No' conflicto {'345', '339'}, usando '345'
[COL] BIN 1025450: 'House No' conflicto {'320', '322'}, usando '322'
[COL] BIN 1026054: 'House No' conflicto {'981', '4', '1000'}, usando '4'
[COL] BIN 1026054: 'Street Name' conflicto {'8 AVENUE', 'COLUMBUS CIRCLE'}, usando 'COLUMBUS CIRCLE'
[COL] BIN 1026056: 'House No' conflicto {'314', '312'}, usando '312'
[COL] BIN 1026058: 'House No' conflicto {'356', '347'}, usando '347'
[COL] BIN 1026058: 'Street Name' conflicto {'WEST   57 STREET', 'WEST   58 STREET'}, usando 'WEST   57 STREET'
[COL] BIN 1026318: 'House No' conflicto {'80', '60', '10', '25'}, usando '10'
[COL] BIN 1026567: 'House No' conflicto {'401', '683'}, usando '683'
[COL] BIN 1026567: 'Street Name' conflicto {'WEST   47 STREET', '9 AVENUE', 'NINTH AVENUE'}, usando 'NINTH AVENUE'
[COL] BIN 1026647: 'Street Name' conflicto {'9 AVENUE', 'NINTH AVENUE'}, usando 'NINTH AVENUE'
[COL] BIN 1026676: 'House No' conflicto {'430', '425'}, usando '425'
[COL] BIN 1026676: 'Street Name' conflicto {'WEST   50 STREET', 'WEST   51 STREET'}, usando 'WEST   50 STREET'
[COL] BIN 1026710: 'House No' conflicto {'465', '750'}, usando '465'
[COL] BIN 1026710: 'Street Name' conflicto {'10 AVENUE', 'WEST   51 STREET'}, usando 'WEST   51 STREET'
[COL] BIN 1026752: 'House No' conflicto {'795', '400'}, usando '400'
[COL] BIN 1026752: 'Street Name' conflicto {'9 AVENUE', 'WEST   53 STREET'}, usando 'WEST   53 STREET'
[COL] BIN 1026793: 'House No' conflicto {'817', '401'}, usando '401'
[COL] BIN 1026793: 'Street Name' conflicto {'9 AVENUE', 'WEST   54 STREET'}, usando 'WEST   54 STREET'
[COL] BIN 1026807: 'Street Name' conflicto {'TENTH AVENUE', '10 AVENUE'}, usando '10 AVENUE'
[COL] BIN 1026841: 'House No' conflicto {'450', '444', '434'}, usando '444'
[COL] BIN 1026869: 'House No' conflicto {'401', '863'}, usando '863'
[COL] BIN 1026869: 'Street Name' conflicto {'9 AVENUE', 'WEST   56 STREET'}, usando '9 AVENUE'
[COL] BIN 1026889: 'House No' conflicto {'891', '400', '889'}, usando '400'
[COL] BIN 1026889: 'Street Name' conflicto {'9 AVENUE', 'WEST   58 STREET'}, usando 'WEST   58 STREET'
[COL] BIN 1026914: 'House No' conflicto {'515', '507'}, usando '515'
[COL] BIN 1026927: 'House No' conflicto {'603', '601'}, usando '601'
[COL] BIN 1026982: 'House No' conflicto {'547', '646'}, usando '646'
[COL] BIN 1026982: 'Street Name' conflicto {'11 AVENUE', 'WEST   47 STREET'}, usando '11 AVENUE'
[COL] BIN 1027031: 'House No' conflicto {'521', '519'}, usando '521'
[COL] BIN 1027077: 'House No' conflicto {'501', '875'}, usando '875'
[COL] BIN 1027077: 'Street Name' conflicto {'WEST   57 STREET', '10 AVENUE'}, usando '10 AVENUE'
[COL] BIN 1027085: 'Street Name' conflicto {'TENTH AVENUE', '10 AVENUE'}, usando '10 AVENUE'
[COL] BIN 1027095: 'House No' conflicto {'601', '643'}, usando '601'
[COL] BIN 1027143: 'House No' conflicto {'721', '601'}, usando '721'
[COL] BIN 1027143: 'Street Name' conflicto {'11 AVENUE', 'WEST   51 STREET'}, usando '11 AVENUE'
[COL] BIN 1027154: 'House No' conflicto {'629', '630'}, usando '629'
[COL] BIN 1027154: 'Street Name' conflicto {'WEST   55 STREET', 'WEST   54 STREET'}, usando 'WEST   54 STREET'
[COL] BIN 1027155: 'House No' conflicto {'619', '624'}, usando '619'
[COL] BIN 1027155: 'Street Name' conflicto {'WEST   55 STREET', 'WEST   54 STREET'}, usando 'WEST   54 STREET'
[COL] BIN 1027156: 'House No' conflicto {'787', '601'}, usando '787'
[COL] BIN 1027156: 'Street Name' conflicto {'11 AVENUE', 'ELEVENTH AVENUE', 'WEST   54 STREET'}, usando '11 AVENUE'
[COL] BIN 1027195: 'House No' conflicto {'30', '26'}, usando '26'
[COL] BIN 1027463: 'House No' conflicto {'30', '1890', '1884'}, usando '30'
[COL] BIN 1027463: 'Street Name' conflicto {'BROADWAY', 'WEST   63 STREET', 'LINCOLN PLAZA'}, usando 'WEST   63 STREET'
[COL] BIN 1027465: 'House No' conflicto {'1889', '44'}, usando '1889'
[COL] BIN 1027465: 'Street Name' conflicto {'BROADWAY', 'WEST   63 STREET'}, usando 'BROADWAY'
[COL] BIN 1027472: 'House No' conflicto {'20', '1900', '1'}, usando '20'
[COL] BIN 1027472: 'Street Name' conflicto {'BROADWAY', 'WEST   64 STREET', 'LINCOLN PLAZA'}, usando 'WEST   64 STREET'
[COL] BIN 1028137: 'House No' conflicto {'41', '1'}, usando '41'
[COL] BIN 1028137: 'Street Name' conflicto {'CENTRAL PARK WEST', 'WEST   64 STREET'}, usando 'CENTRAL PARK WEST'
[COL] BIN 1028159: 'House No' conflicto {'125', '135', '60', '2'}, usando '60'
[COL] BIN 1028159: 'Street Name' conflicto {'COLUMBUS AVENUE', 'LINCOLN SQUARE', 'WEST   66 STREET'}, usando 'WEST   66 STREET'
[COL] BIN 1028168: 'LOT' conflicto {'7503', '45'}, usando '45'
[COL] BIN 1028232: 'House No' conflicto {'30', '26'}, usando '30'
[COL] BIN 1028260: 'House No' conflicto {'159', '157', '45'}, usando '45'
[COL] BIN 1028260: 'Street Name' conflicto {'COLUMBUS AVENUE', 'WEST   67 STREET'}, usando 'WEST   67 STREET'
[COL] BIN 1028437: 'House No' conflicto {'189', '181'}, usando '189'
[COL] BIN 1028458: 'Street Name' conflicto {'CPW', 'CENTRAL PARK WEST'}, usando 'CENTRAL PARK WEST'
[COL] BIN 1028508: 'Street Name' conflicto {'CPW', 'CENTRAL PARK WEST'}, usando 'CENTRAL PARK WEST'
[COL] BIN 1028585: 'House No' conflicto {'68', '70'}, usando '68'
[COL] BIN 1028679: 'House No' conflicto {'30', '28'}, usando '28'
[COL] BIN 1028714: 'House No' conflicto {'145-146', '145', '146'}, usando '146'
[COL] BIN 1028789: 'House No' conflicto {'335', '60'}, usando '335'
[COL] BIN 1028789: 'Street Name' conflicto {'COLUMBUS AVENUE', 'WEST   76 STREET'}, usando 'COLUMBUS AVENUE'
[COL] BIN 1028817: 'House No' conflicto {'16', '6'}, usando '16'
[COL] BIN 1028827: 'House No' conflicto {'425', '124'}, usando '124'
[COL] BIN 1028827: 'Street Name' conflicto {'WEST   59 STREET', 'WEST   60 STREET'}, usando 'WEST   60 STREET'
[COL] BIN 1028831: 'House No' conflicto {'103', '20', '105'}, usando '105'
[COL] BIN 1028831: 'Street Name' conflicto {'WEST   62 STREET', 'LINCOLN CENTER PLAZA'}, usando 'WEST   62 STREET'
[COL] BIN 1028832: 'House No' conflicto {'111', '40'}, usando '111'
[COL] BIN 1028832: 'Street Name' conflicto {'LINCOLN CENTER PLAZA', 'AMSTERDAM AVENUE'}, usando 'AMSTERDAM AVENUE'
[COL] BIN 1028834: 'House No' conflicto {'60', '1957', '155', '1941'}, usando '1941'
[COL] BIN 1028834: 'Street Name' conflicto {'BROADWAY', 'LINCOLN CENTER PLAZA', 'WEST   65 STREET'}, usando 'BROADWAY'
[COL] BIN 1028837: 'House No' conflicto {'141', '151', '165', '149'}, usando '151'
[COL] BIN 1028837: 'Street Name' conflicto {'AMSTERDAM AVENUE', 'WEST   66 STREET'}, usando 'AMSTERDAM AVENUE'
[COL] BIN 1028840: 'House No' conflicto {'144', '150', '1976', '1972', '1960'}, usando '150'
[COL] BIN 1028840: 'Street Name' conflicto {'BROADWAY', 'COLUMBUS AVENUE'}, usando 'COLUMBUS AVENUE'
[COL] BIN 1028849: 'House No' conflicto {'169', '145'}, usando '145'
[COL] BIN 1028849: 'Street Name' conflicto {'AMSTERDAM AVENUE', 'WEST   67 STREET'}, usando 'WEST   67 STREET'
[COL] BIN 1028942: 'House No' conflicto {'190', '198'}, usando '198'
[COL] BIN 1028948: 'House No' conflicto {'2014', '140'}, usando '140'
[COL] BIN 1028948: 'Street Name' conflicto {'BROADWAY', 'WEST   69 STREET'}, usando 'WEST   69 STREET'
[COL] BIN 1028950: 'House No' conflicto {'187', '189 A', '2001', '155'}, usando '2001'
[COL] BIN 1028950: 'Street Name' conflicto {'BROADWAY', 'WEST   68 STREET', 'AMSTERDAM AVENUE'}, usando 'BROADWAY'
[COL] BIN 1029658: 'House No' conflicto {'2030', '154'}, usando '154'
[COL] BIN 1029658: 'Street Name' conflicto {'WEST   70 STREET', 'BROADWAY'}, usando 'WEST   70 STREET'
[COL] BIN 1029665: 'House No' conflicto {'210', '216', '104'}, usando '210'
[COL] BIN 1029665: 'Street Name' conflicto {'WEST   70 STREET', 'COLUMBUS AVENUE'}, usando 'COLUMBUS AVENUE'
[COL] BIN 1029749: 'House No' conflicto {'2040', '155'}, usando '155'
[COL] BIN 1029749: 'Street Name' conflicto {'WEST   70 STREET', 'BROADWAY'}, usando 'WEST   70 STREET'
[COL] BIN 1029777: 'House No' conflicto {'147', '152'}, usando '147'
[COL] BIN 1029777: 'Street Name' conflicto {'WEST   70 STREET', 'WEST   71 STREET'}, usando 'WEST   70 STREET'
[COL] BIN 1029778: 'House No' conflicto {'160', '2058', '2056'}, usando '2058'
[COL] BIN 1029778: 'Street Name' conflicto {'BROADWAY', 'WEST   71 STREET'}, usando 'BROADWAY'
[COL] BIN 1030007: 'House No' conflicto {'175', '173', '285'}, usando '175'
[COL] BIN 1030007: 'Street Name' conflicto {'AMSTERDAM AVENUE', 'WEST   73 STREET'}, usando 'WEST   73 STREET'
[COL] BIN 1030038: 'House No' conflicto {'293', '170'}, usando '170'
[COL] BIN 1030038: 'Street Name' conflicto {'AMSTERDAM AVENUE', 'WEST   74 STREET'}, usando 'WEST   74 STREET'
[COL] BIN 1030112: 'House No' conflicto {'329', '321', '174', '161'}, usando '329'
[COL] BIN 1030112: 'Street Name' conflicto {'AMSTERDAM AVENUE', 'WEST   75 STREET', 'WEST   76 STREET'}, usando 'AMSTERDAM AVENUE'
[COL] BIN 1030136: 'House No' conflicto {'320', '101'}, usando '320'
[COL] BIN 1030136: 'Street Name' conflicto {'COLUMBUS AVENUE', 'WEST   75 STREET'}, usando 'COLUMBUS AVENUE'
[COL] BIN 1030137: 'House No' conflicto {'330', '338'}, usando '330'
[COL] BIN 1030257: 'House No' conflicto {'380', '101'}, usando '101'
[COL] BIN 1030257: 'Street Name' conflicto {'COLUMBUS AVENUE', 'WEST   78 STREET'}, usando 'WEST   78 STREET'
[COL] BIN 1030348: 'House No' conflicto {'210', '200'}, usando '210'
[COL] BIN 1030348: 'Street Name' conflicto {'WEST   70 STREET', 'AMSTERDAM AVENUE'}, usando 'AMSTERDAM AVENUE'
[COL] BIN 1030373: 'House No' conflicto {'201', '2039'}, usando '201'
[COL] BIN 1030373: 'Street Name' conflicto {'WEST   70 STREET', 'BROADWAY'}, usando 'WEST   70 STREET'
[COL] BIN 1030436: 'House No' conflicto {'266', '260', '270'}, usando '270'
[COL] BIN 1030436: 'Street Name' conflicto {'WEA', 'WEST END AVENUE', 'WEST   72 STREET'}, usando 'WEST   72 STREET'
[COL] BIN 1030519: 'House No' conflicto {'2095', '2099'}, usando '2095'
[COL] BIN 1030522: 'House No' conflicto {'238', '240'}, usando '238'
[COL] BIN 1030544: 'House No' conflicto {'2101', '2109'}, usando '2109'
[COL] BIN 1030545: 'House No' conflicto {'2100', '2112'}, usando '2112'
[COL] BIN 1030550: 'House No' conflicto {'244', '242'}, usando '242'
[COL] BIN 1030727: 'House No' conflicto {'2130', '2124'}, usando '2130'
[COL] BIN 1030741: 'House No' conflicto {'201', '300'}, usando '201'
[COL] BIN 1030741: 'Street Name' conflicto {'AMSTERDAM AVENUE', 'WEST   74 STREET'}, usando 'WEST   74 STREET'
[COL] BIN 1030839: 'House No' conflicto {'2138', '215'}, usando '215'
[COL] BIN 1030839: 'Street Name' conflicto {'BROADWAY', 'WEST   75 STREET'}, usando 'WEST   75 STREET'
[COL] BIN 1030859: 'House No' conflicto {'2161', '235', '2169'}, usando '2169'
[COL] BIN 1030859: 'Street Name' conflicto {'BROADWAY', 'WEST   76 STREET'}, usando 'BROADWAY'
[COL] BIN 1030887: 'House No' conflicto {'201', '360'}, usando '201'
[COL] BIN 1030887: 'Street Name' conflicto {'WEST   77 STREET', 'AMSTERDAM AVENUE'}, usando 'WEST   77 STREET'
[COL] BIN 1030900: 'House No' conflicto {'2195', '250', '2197', '2199'}, usando '2197'
[COL] BIN 1030900: 'Street Name' conflicto {'BROADWAY', 'WEST   78 STREET'}, usando 'BROADWAY'
[COL] BIN 1030903: 'House No' conflicto {'2201', '2211', '390', '252'}, usando '390'
[COL] BIN 1030903: 'Street Name' conflicto {'BROADWAY', 'WEST   79 STREET', 'WEST END AVENUE'}, usando 'WEST END AVENUE'
[COL] BIN 1030926: 'House No' conflicto {'345', '341'}, usando '345'
[COL] BIN 1030994: 'House No' conflicto {'11', '285'}, usando '11'
[COL] BIN 1030994: 'Street Name' conflicto {'RIVERSIDE DRIVE', 'WEST END AVENUE'}, usando 'RIVERSIDE DRIVE'
[COL] BIN 1031114: 'House No' conflicto {'321', '317'}, usando '321'
[COL] BIN 1031135: 'LOT' conflicto {'5', '7501'}, usando '5'
[COL] BIN 1031141: 'House No' conflicto {'211', '7'}, usando '211'
[COL] BIN 1031141: 'Street Name' conflicto {'WEST   81 STREET', 'CENTRAL PARK WEST'}, usando 'CENTRAL PARK WEST'
[COL] BIN 1031181: 'Street Name' conflicto {'CPW', 'CENTRAL PARK WEST'}, usando 'CENTRAL PARK WEST'
[COL] BIN 1031233: 'House No' conflicto {'239', '239-239'}, usando '239'
[COL] BIN 1031244: 'House No' conflicto {'66', '495'}, usando '66'
[COL] BIN 1031244: 'Street Name' conflicto {'COLUMBUS AVENUE', 'WEST   84 STREET'}, usando 'WEST   84 STREET'
[COL] BIN 1031349: 'House No' conflicto {'521', '519'}, usando '519'
[COL] BIN 1031370: 'House No' conflicto {'251', '1'}, usando '1'
[COL] BIN 1031370: 'Street Name' conflicto {'CENTRAL PARK WEST', 'WEST   85 STREET'}, usando 'WEST   85 STREET'
[COL] BIN 1031371: 'Street Name' conflicto {'CPW', 'CENTRAL PARK WEST'}, usando 'CENTRAL PARK WEST'
[COL] BIN 1031388: 'House No' conflicto {'76', '535'}, usando '76'
[COL] BIN 1031388: 'Street Name' conflicto {'COLUMBUS AVENUE', 'WEST   86 STREET'}, usando 'WEST   86 STREET'
[COL] BIN 1031396: 'House No' conflicto {'61', '541'}, usando '61'
[COL] BIN 1031396: 'Street Name' conflicto {'COLUMBUS AVENUE', 'WEST   86 STREET'}, usando 'WEST   86 STREET'
[COL] BIN 1031486: 'House No' conflicto {'573', '72'}, usando '72'
[COL] BIN 1031486: 'Street Name' conflicto {'WEST   88 STREET', 'COLUMBUS AVENUE'}, usando 'WEST   88 STREET'
[COL] BIN 1031513: 'Street Name' conflicto {'CPW', 'CENTRAL PARK WEST'}, usando 'CPW'
[COL] BIN 1031627: 'House No' conflicto {'667', '70'}, usando '667'
[COL] BIN 1031627: 'Street Name' conflicto {'COLUMBUS AVENUE', 'WEST   93 STREET'}, usando 'COLUMBUS AVENUE'
[COL] BIN 1031638: 'Street Name' conflicto {'CPW', 'CENTRAL PARK WEST'}, usando 'CENTRAL PARK WEST'
[COL] BIN 1031643: 'House No' conflicto {'31', '33'}, usando '33'
[COL] BIN 1031752: 'House No' conflicto {'401', '405'}, usando '405'
[COL] BIN 1031975: 'House No' conflicto {'101', '420', '418'}, usando '101'
[COL] BIN 1031975: 'Street Name' conflicto {'WEST   80 STREET', 'COLUMBUS AVENUE'}, usando 'WEST   80 STREET'
[COL] BIN 1031999: 'House No' conflicto {'433', '429'}, usando '433'
[COL] BIN 1032010: 'House No' conflicto {'441', '175'}, usando '175'
[COL] BIN 1032010: 'Street Name' conflicto {'WEST   81 STREET', 'AMSTERDAM AVENUE'}, usando 'WEST   81 STREET'
[COL] BIN 1032052: 'House No' conflicto {'101', '446', '452'}, usando '101'
[COL] BIN 1032052: 'Street Name' conflicto {'WEST   81 STREET', 'COLUMBUS AVENUE'}, usando 'WEST   81 STREET'
[COL] BIN 1032130: 'House No' conflicto {'510', '508'}, usando '510'
[COL] BIN 1032134: 'House No' conflicto {'513', '170'}, usando '170'
[COL] BIN 1032134: 'Street Name' conflicto {'AMSTERDAM AVENUE', 'WEST   85 STREET'}, usando 'WEST   85 STREET'
[COL] BIN 1032199: 'House No' conflicto {'111', '107', '109'}, usando '107'
[COL] BIN 1032218: 'House No' conflicto {'176', '551'}, usando '176'
[COL] BIN 1032218: 'Street Name' conflicto {'AMSTERDAM AVENUE', 'WEST   87 STREET'}, usando 'WEST   87 STREET'
[COL] BIN 1032284: 'House No' conflicto {'589', '581'}, usando '589'
[COL] BIN 1032320: 'House No' conflicto {'590', '100', '101'}, usando '100'
[COL] BIN 1032320: 'Street Name' conflicto {'WEST   88 STREET', 'COLUMBUS AVENUE', 'WEST   89 STREET'}, usando 'WEST   89 STREET'
[COL] BIN 1032439: 'House No' conflicto {'606', '610', '600'}, usando '600'
[COL] BIN 1032499: 'House No' conflicto {'100', '101'}, usando '100'
[COL] BIN 1032499: 'Street Name' conflicto {'WEST   92 STREET', 'WEST   91 STREET'}, usando 'WEST   92 STREET'
[COL] BIN 1032526: 'House No' conflicto {'100', '101', '670'}, usando '100'
[COL] BIN 1032526: 'Street Name' conflicto {'COLUMBUS AVENUE', 'WEST   92 STREET', 'WEST   93 STREET'}, usando 'WEST   93 STREET'
[COL] BIN 1032532: 'House No' conflicto {'175', '661'}, usando '175'
[COL] BIN 1032532: 'Street Name' conflicto {'AMSTERDAM AVENUE', 'WEST   92 STREET'}, usando 'WEST   92 STREET'
[COL] BIN 1032534: 'House No' conflicto {'175', '687'}, usando '175'
[COL] BIN 1032534: 'Street Name' conflicto {'AMSTERDAM AVENUE', 'WEST   93 STREET'}, usando 'WEST   93 STREET'
[COL] BIN 1032587: 'House No' conflicto {'721', '175', '733'}, usando '175'
[COL] BIN 1032587: 'Street Name' conflicto {'WEST   95 STREET', 'AMSTERDAM AVENUE'}, usando 'WEST   95 STREET'
[COL] BIN 1032636: 'House No' conflicto {'200', '416'}, usando '416'
[COL] BIN 1032636: 'Street Name' conflicto {'WEST   80 STREET', 'AMSTERDAM AVENUE'}, usando 'AMSTERDAM AVENUE'
[COL] BIN 1032669: 'House No' conflicto {'200', '434'}, usando '434'
[COL] BIN 1032669: 'Street Name' conflicto {'WEST   81 STREET', 'AMSTERDAM AVENUE'}, usando 'AMSTERDAM AVENUE'
[COL] BIN 1032677: 'Street Name' conflicto {'WEA', 'WEST END AVENUE'}, usando 'WEST END AVENUE'
[COL] BIN 1032679: 'House No' conflicto {'2263', '2261', '2271', '251'}, usando '2261'
[COL] BIN 1032679: 'Street Name' conflicto {'BROADWAY', 'WEST   81 STREET'}, usando 'BROADWAY'
[COL] BIN 1032680: 'House No' conflicto {'2264', '2260', '219'}, usando '219'
[COL] BIN 1032680: 'Street Name' conflicto {'BROADWAY', 'WEST   81 STREET'}, usando 'WEST   81 STREET'
[COL] BIN 1032769: 'House No' conflicto {'2290', '222'}, usando '2290'
[COL] BIN 1032769: 'Street Name' conflicto {'BROADWAY', 'WEST   83 STREET'}, usando 'BROADWAY'
[COL] BIN 1032774: 'House No' conflicto {'233', '2305', '2301', '2303'}, usando '2305'
[COL] BIN 1032774: 'Street Name' conflicto {'BROADWAY', 'WEST   83 STREET'}, usando 'BROADWAY'
[COL] BIN 1032785: 'House No' conflicto {'200', '494'}, usando '200'
[COL] BIN 1032785: 'Street Name' conflicto {'AMSTERDAM AVENUE', 'WEST   84 STREET'}, usando 'WEST   84 STREET'
[COL] BIN 1032795: 'Street Name' conflicto {'WEST END AVENUE', 'WEA'}, usando 'WEA'
[COL] BIN 1033104: 'House No' conflicto {'2327', '255'}, usando '255'
[COL] BIN 1033104: 'Street Name' conflicto {'BROADWAY', 'WEST   84 STREET'}, usando 'WEST   84 STREET'
[COL] BIN 1033105: 'House No' conflicto {'207', '215'}, usando '207'
[COL] BIN 1033113: 'House No' conflicto {'200', '518'}, usando '200'
[COL] BIN 1033113: 'Street Name' conflicto {'AMSTERDAM AVENUE', 'WEST   85 STREET'}, usando 'WEST   85 STREET'
[COL] BIN 1033122: 'House No' conflicto {'2339', '250', '2333'}, usando '250'
[COL] BIN 1033122: 'Street Name' conflicto {'BROADWAY', 'WEST   85 STREET'}, usando 'WEST   85 STREET'
[COL] BIN 1033139: 'House No' conflicto {'201', '526'}, usando '526'
[COL] BIN 1033139: 'Street Name' conflicto {'AMSTERDAM AVENUE', 'WEST   85 STREET'}, usando 'AMSTERDAM AVENUE'
[COL] BIN 1033197: 'House No' conflicto {'225', '2376', '2360'}, usando '2376'
[COL] BIN 1033197: 'Street Name' conflicto {'BROADWAY', 'WEST   86 STREET'}, usando 'BROADWAY'
[COL] BIN 1033206: 'House No' conflicto {'2387', '251'}, usando '2387'
[COL] BIN 1033206: 'Street Name' conflicto {'BROADWAY', 'WEST   87 STREET'}, usando 'BROADWAY'
[COL] BIN 1033221: 'LOT' conflicto {'7503', '56'}, usando '7503'
[COL] BIN 1033227: 'House No' conflicto {'250', '2395'}, usando '250'
[COL] BIN 1033227: 'Street Name' conflicto {'WEST   88 STREET', 'BROADWAY'}, usando 'WEST   88 STREET'
[COL] BIN 1033291: 'House No' conflicto {'2401', '255'}, usando '255'
[COL] BIN 1033291: 'Street Name' conflicto {'WEST   88 STREET', 'BROADWAY'}, usando 'WEST   88 STREET'
[COL] BIN 1033301: 'House No' conflicto {'216', '2418'}, usando '216'
[COL] BIN 1033301: 'Street Name' conflicto {'BROADWAY', 'WEST   89 STREET'}, usando 'WEST   89 STREET'
[COL] BIN 1033308: 'House No' conflicto {'210', '205'}, usando '210'
[COL] BIN 1033308: 'Street Name' conflicto {'WEST   90 STREET', 'WEST   89 STREET'}, usando 'WEST   90 STREET'
[COL] BIN 1033313: 'House No' conflicto {'2421', '251'}, usando '251'
[COL] BIN 1033313: 'Street Name' conflicto {'BROADWAY', 'WEST   89 STREET'}, usando 'WEST   89 STREET'
[COL] BIN 1033386: 'House No' conflicto {'2431', '250'}, usando '2431'
[COL] BIN 1033386: 'Street Name' conflicto {'BROADWAY', 'WEST   90 STREET'}, usando 'BROADWAY'
[COL] BIN 1033556: 'House No' conflicto {'2442', '217', '2440', '215'}, usando '215'
[COL] BIN 1033556: 'Street Name' conflicto {'BROADWAY', 'WEST   90 STREET'}, usando 'WEST   90 STREET'
[COL] BIN 1033560: 'House No' conflicto {'2450', '212'}, usando '212'
[COL] BIN 1033560: 'Street Name' conflicto {'BROADWAY', 'WEST   91 STREET'}, usando 'WEST   91 STREET'
[COL] BIN 1033561: 'House No' conflicto {'2459', '250', '2451'}, usando '2451'
[COL] BIN 1033561: 'Street Name' conflicto {'BROADWAY', 'WEST   91 STREET'}, usando 'BROADWAY'
[COL] BIN 1033584: 'House No' conflicto {'2460', '215'}, usando '215'
[COL] BIN 1033584: 'Street Name' conflicto {'BROADWAY', 'WEST   91 STREET'}, usando 'WEST   91 STREET'
[COL] BIN 1033611: 'House No' conflicto {'2485', '2487', '251', '2481'}, usando '251'
[COL] BIN 1033611: 'Street Name' conflicto {'BROADWAY', 'WEST   92 STREET'}, usando 'WEST   92 STREET'
[COL] BIN 1033612: 'House No' conflicto {'2486', '215'}, usando '215'
[COL] BIN 1033612: 'Street Name' conflicto {'BROADWAY', 'WEST   92 STREET'}, usando 'WEST   92 STREET'
[COL] BIN 1033614: 'House No' conflicto {'200', '668', '676'}, usando '668'
[COL] BIN 1033614: 'Street Name' conflicto {'AMSTERDAM AVENUE', 'WEST   93 STREET'}, usando 'AMSTERDAM AVENUE'
[COL] BIN 1033616: 'House No' conflicto {'2492', '220'}, usando '220'
[COL] BIN 1033616: 'Street Name' conflicto {'BROADWAY', 'WEST   93 STREET'}, usando 'WEST   93 STREET'
[COL] BIN 1033621: 'Street Name' conflicto {'WEA', 'WEST END AVENUE'}, usando 'WEST END AVENUE'
[COL] BIN 1033645: 'LOT' conflicto {'11', '7502'}, usando '7502'
[COL] BIN 1033653: 'House No' conflicto {'250', '2511', '2519'}, usando '250'
[COL] BIN 1033653: 'Street Name' conflicto {'BROADWAY', 'WEST   94 STREET'}, usando 'WEST   94 STREET'
[COL] BIN 1033680: 'House No' conflicto {'714', '716'}, usando '716'
[COL] BIN 1033683: 'House No' conflicto {'2528', '2526'}, usando '2526'
[COL] BIN 1033693: 'House No' conflicto {'2541', '251'}, usando '2541'
[COL] BIN 1033693: 'Street Name' conflicto {'BROADWAY', 'WEST   95 STREET'}, usando 'BROADWAY'
[COL] BIN 1033858: 'Street Name' conflicto {'WEA', 'WEST END AVENUE'}, usando 'WEST END AVENUE'
[COL] BIN 1034048: 'Street Name' conflicto {'WEA', 'WEST END AVENUE'}, usando 'WEST END AVENUE'
[COL] BIN 1034195: 'House No' conflicto {'2', '1100'}, usando '1100'
[COL] BIN 1034195: 'Street Name' conflicto {'AVENUE OF THE AMERICAS', 'BRYANT PARK', '6 AVENUE'}, usando 'AVENUE OF THE AMERICAS'
[COL] BIN 1034196: 'Street Name' conflicto {'AVENUE OF THE AMERICAS', 'AVENUE OF AMERICAS', '6 AVENUE'}, usando 'AVENUE OF THE AMERICAS'
[COL] BIN 1034199: 'Street Name' conflicto {'5 AVENUE', 'FIFTH AVENUE'}, usando '5 AVENUE'
[COL] BIN 1034200: 'Street Name' conflicto {'5 AVENUE', 'FIFTH AVENUE'}, usando '5 AVENUE'
[COL] BIN 1034202: 'House No' conflicto {'50', '1120'}, usando '1120'
[COL] BIN 1034202: 'Street Name' conflicto {'AVENUE OF AMERICAS', 'WEST   44 STREET', 'AVENUE OF THE AMERICAS', '6 AVENUE'}, usando '6 AVENUE'
[COL] BIN 1034205: 'House No' conflicto {'37', '36'}, usando '37'
[COL] BIN 1034205: 'Street Name' conflicto {'WEST   44 STREET', 'WEST   43 STREET'}, usando 'WEST   43 STREET'
[COL] BIN 1034212: 'Street Name' conflicto {'5 AVENUE', 'FIFTH AVENUE'}, usando '5 AVENUE'
[COL] BIN 1034217: 'House No' conflicto {'67', '1140'}, usando '67'
[COL] BIN 1034217: 'Street Name' conflicto {'AVENUE OF THE AMERICAS', 'WEST   44 STREET', '6 AVENUE'}, usando 'WEST   44 STREET'
[COL] BIN 1034224: 'House No' conflicto {'22', '18', '19'}, usando '19'
[COL] BIN 1034224: 'Street Name' conflicto {'WEST   44 STREET', 'WEST   45 STREET'}, usando 'WEST   44 STREET'
[COL] BIN 1034227: 'Street Name' conflicto {'5 AVENUE', 'FIFTH AVENUE'}, usando '5 AVENUE'
[COL] BIN 1034229: 'House No' conflicto {'10', '8'}, usando '10'
[COL] BIN 1034232: 'Street Name' conflicto {'WEST 45 STREET', 'WEST   45 STREET'}, usando 'WEST 45 STREET'
[COL] BIN 1034232: 'LOT' conflicto {'45', '48'}, usando '45'
[COL] BIN 1034254: 'House No' conflicto {'2', '8'}, usando '2'
[COL] BIN 1034313: 'Street Name' conflicto {'AVENUE OF THE AMERICAS', '6 AVENUE'}, usando 'AVENUE OF THE AMERICAS'
[COL] BIN 1034313: 'LOT' conflicto {'7503', '1'}, usando '1'
[COL] BIN 1034346: 'House No' conflicto {'50', '55'}, usando '50'
[COL] BIN 1034346: 'Street Name' conflicto {'WEST   46 STREET', 'WEST   47 STREET'}, usando 'WEST   47 STREET'
[COL] BIN 1034471: 'House No' conflicto {'67', '71'}, usando '71'
[COL] BIN 1034484: 'House No' conflicto {'580', '1'}, usando '580'
[COL] BIN 1034484: 'Street Name' conflicto {'WEST   47 STREET', '5 AVENUE', 'FIFTH AVENUE'}, usando 'FIFTH AVENUE'
[COL] BIN 1034485: 'Street Name' conflicto {'5 AVENUE', 'FIFTH AVENUE'}, usando 'FIFTH AVENUE'
[COL] BIN 1034486: 'Street Name' conflicto {'5 AVENUE', 'FIFTH AVENUE'}, usando '5 AVENUE'
[COL] BIN 1034502: 'Street Name' conflicto {'AVENUE OF THE AMERICAS', '6 AVENUE'}, usando 'AVENUE OF THE AMERICAS'
[COL] BIN 1034506: 'Street Name' conflicto {'5 AVENUE', 'FIFTH AVENUE'}, usando '5 AVENUE'
[COL] BIN 1034508: 'Street Name' conflicto {'5 AVENUE', 'FIFTH AVENUE'}, usando 'FIFTH AVENUE'
[COL] BIN 1034510: 'House No' conflicto {'1290', '51'}, usando '1290'
[COL] BIN 1034510: 'Street Name' conflicto {'AVENUE OF THE AMERICAS', 'AVENUE OF AMERICAS', 'WEST   51 STREET', '6 AVENUE'}, usando 'AVENUE OF THE AMERICAS'
[COL] BIN 1034515: 'House No' conflicto {'5', '3'}, usando '3'
[COL] BIN 1034520: 'House No' conflicto {'666', '660'}, usando '660'
[COL] BIN 1034520: 'Street Name' conflicto {'5 AVENUE', 'FIFTH AVENUE'}, usando '5 AVENUE'
[COL] BIN 1034522: 'Street Name' conflicto {'AVENUE OF THE AMERICAS', '6 AVENUE'}, usando 'AVENUE OF THE AMERICAS'
[COL] BIN 1034532: 'Street Name' conflicto {'5 AVENUE', 'FIFTH AVENUE'}, usando '5 AVENUE'
[COL] BIN 1034800: 'House No' conflicto {'3', '1'}, usando '1'
[COL] BIN 1034801: 'Street Name' conflicto {'5 AVENUE', 'FIFTH AVENUE'}, usando 'FIFTH AVENUE'
[COL] BIN 1034815: 'House No' conflicto {'1350`', '1350'}, usando '1350'
[COL] BIN 1034815: 'Street Name' conflicto {'AVENUE OF THE AMERICAS', '6 AVENUE'}, usando '6 AVENUE'
[COL] BIN 1034855: 'Street Name' conflicto {'AVENUE OF THE AMERICAS', 'AVENUE OF AMERICAS', '6 AVENUE'}, usando 'AVENUE OF THE AMERICAS'
[COL] BIN 1034856: 'House No' conflicto {'73', '77'}, usando '77'
[COL] BIN 1035037: 'House No' conflicto {'1380', '60', '1386'}, usando '60'
[COL] BIN 1035037: 'Street Name' conflicto {'WEST   57 STREET', '6 AVENUE'}, usando 'WEST   57 STREET'
[COL] BIN 1035052: 'Street Name' conflicto {'5 AVENUE', 'FIFTH AVENUE'}, usando '5 AVENUE'
[COL] BIN 1035053: 'Street Name' conflicto {'5 AVENUE', 'FIFTH AVENUE'}, usando '5 AVENUE'
[COL] BIN 1035057: 'House No' conflicto {'40', '47', '45'}, usando '40'
[COL] BIN 1035057: 'Street Name' conflicto {'WEST   57 STREET', 'WEST   56 STREET'}, usando 'WEST   57 STREET'
[COL] BIN 1035077: 'Street Name' conflicto {'AVENUE OF THE AMERICAS', 'SIXTH AVENUE', '6 AVENUE'}, usando '6 AVENUE'
[COL] BIN 1035078: 'House No' conflicto {'49', '58'}, usando '58'
[COL] BIN 1035078: 'Street Name' conflicto {'WEST   57 STREET', 'WEST   58 STREET'}, usando 'WEST   58 STREET'
[COL] BIN 1035250: 'House No' conflicto {'1422', '57'}, usando '1422'
[COL] BIN 1035250: 'Street Name' conflicto {'WEST   58 STREET', '6 AVENUE'}, usando '6 AVENUE'
[COL] BIN 1035253: 'House No' conflicto {'768', '1'}, usando '1'
[COL] BIN 1035253: 'Street Name' conflicto {'CENTRAL PARK SOUTH', '5 AVENUE'}, usando 'CENTRAL PARK SOUTH'
[COL] BIN 1035328: 'Street Name' conflicto {'5 AVENUE', 'FIFTH AVENUE'}, usando '5 AVENUE'
[COL] BIN 1035330: 'House No' conflicto {'14', '485', '3'}, usando '3'
[COL] BIN 1035330: 'Street Name' conflicto {'EAST   42 STREET', '5 AVENUE', 'FIFTH AVENUE', 'EAST   41 STREET'}, usando 'EAST   41 STREET'
[COL] BIN 1035336: 'House No' conflicto {'50', '315'}, usando '315'
[COL] BIN 1035336: 'Street Name' conflicto {'EAST   42 STREET', 'MADISON AVENUE'}, usando 'MADISON AVENUE'
[COL] BIN 1035342: 'Street Name' conflicto {'5 AVENUE', 'FIFTH AVENUE'}, usando '5 AVENUE'
[COL] BIN 1035353: 'Street Name' conflicto {'5 AVENUE', 'FIFTH AVENUE'}, usando '5 AVENUE'
[COL] BIN 1035355: 'Street Name' conflicto {'5 AVENUE', 'FIFTH AVENUE'}, usando 'FIFTH AVENUE'
[COL] BIN 1035360: 'House No' conflicto {'335', '22'}, usando '335'
[COL] BIN 1035360: 'Street Name' conflicto {'MADISON AVENUE', 'VANDERBILT AVENUE'}, usando 'MADISON AVENUE'
[COL] BIN 1035365: 'Street Name' conflicto {'5 AVENUE', 'FIFTH AVENUE'}, usando 'FIFTH AVENUE'
[COL] BIN 1035366: 'Street Name' conflicto {'5 AVENUE', 'FIFTH AVENUE'}, usando '5 AVENUE'
[COL] BIN 1035377: 'House No' conflicto {'354', '350'}, usando '350'
[COL] BIN 1035380: 'House No' conflicto {'2', '545'}, usando '545'
[COL] BIN 1035380: 'Street Name' conflicto {'EAST   45 STREET', '5 AVENUE', 'FIFTH AVENUE'}, usando '5 AVENUE'
[COL] BIN 1035389: 'Street Name' conflicto {'5 AVENUE', 'FIFTH AVENUE'}, usando '5 AVENUE'
[COL] BIN 1035401: 'Street Name' conflicto {'5 AVENUE', 'FIFTH AVENUE'}, usando '5 AVENUE'
[COL] BIN 1035402: 'Street Name' conflicto {'5 AVENUE', 'FIFTH AVENUE'}, usando '5 AVENUE'
[COL] BIN 1035404: 'House No' conflicto {'383', '375'}, usando '375'
[COL] BIN 1035407: 'Street Name' conflicto {'5 AVENUE', 'FIFTH AVENUE'}, usando 'FIFTH AVENUE'
[COL] BIN 1035408: 'Street Name' conflicto {'5 AVENUE', 'FIFTH AVENUE'}, usando '5 AVENUE'
[COL] BIN 1035427: 'Street Name' conflicto {'5 AVENUE', 'FIFTH AVENUE'}, usando '5 AVENUE'
[COL] BIN 1035448: 'House No' conflicto {'4', '609'}, usando '609'
[COL] BIN 1035448: 'Street Name' conflicto {'EAST   49 STREET', 'FIFTH AVENUE'}, usando 'FIFTH AVENUE'
[COL] BIN 1035463: 'House No' conflicto {'35', '37'}, usando '35'
[COL] BIN 1035470: 'House No' conflicto {'23', '488'}, usando '23'
[COL] BIN 1035470: 'Street Name' conflicto {'MADISON AVENUE', 'EAST   51 STREET'}, usando 'EAST   51 STREET'
[COL] BIN 1035473: 'House No' conflicto {'350', '340'}, usando '350'
[COL] BIN 1035481: 'House No' conflicto {'645', '641'}, usando '641'
[COL] BIN 1035481: 'Street Name' conflicto {'5 AVENUE', 'FIFTH AVENUE'}, usando 'FIFTH AVENUE'
[COL] BIN 1035713: 'House No' conflicto {'370', '360'}, usando '370'
[COL] BIN 1035721: 'Street Name' conflicto {'5 AVENUE', 'FIFTH AVENUE'}, usando '5 AVENUE'
[COL] BIN 1035727: 'House No' conflicto {'15', '520'}, usando '520'
[COL] BIN 1035727: 'Street Name' conflicto {'EAST   53 STREET', 'MADISON AVENUE'}, usando 'MADISON AVENUE'
[COL] BIN 1035731: 'House No' conflicto {'43', '45'}, usando '45'
[COL] BIN 1035738: 'Street Name' conflicto {'5 AVENUE', 'FIFTH AVENUE'}, usando '5 AVENUE'
[COL] BIN 1035741: 'Street Name' conflicto {'5 AVENUE', 'FIFTH AVENUE'}, usando 'FIFTH AVENUE'
[COL] BIN 1035742: 'Street Name' conflicto {'5 AVENUE', 'FIFTH AVENUE'}, usando '5 AVENUE'
[COL] BIN 1035762: 'House No' conflicto {'2', '699'}, usando '2'
[COL] BIN 1035762: 'Street Name' conflicto {'EAST   55 STREET', '5 AVENUE'}, usando 'EAST   55 STREET'
[COL] BIN 1035768: 'Street Name' conflicto {'5 AVENUE', 'FIFTH AVENUE'}, usando '5 AVENUE'
[COL] BIN 1035775: 'House No' conflicto {'55', '555'}, usando '55'
[COL] BIN 1035775: 'Street Name' conflicto {'EAST   55 STREET', 'MADISON AVENUE'}, usando 'EAST   55 STREET'
[COL] BIN 1035776: 'House No' conflicto {'717', '715'}, usando '717'
[COL] BIN 1035776: 'Street Name' conflicto {'5 AVENUE', 'FIFTH AVENUE'}, usando 'FIFTH AVENUE'
[COL] BIN 1035778: 'House No' conflicto {'590', '12'}, usando '590'
[COL] BIN 1035778: 'Street Name' conflicto {'EAST   57 STREET', 'MADISON AVENUE'}, usando 'MADISON AVENUE'
[COL] BIN 1035789: 'House No' conflicto {'575', '28'}, usando '575'
[COL] BIN 1035789: 'Street Name' conflicto {'EAST   57 STREET', 'MADISON AVENUE'}, usando 'MADISON AVENUE'
[COL] BIN 1035791: 'House No' conflicto {'4', '6'}, usando '6'
[COL] BIN 1035792: 'Street Name' conflicto {'5 AVENUE', 'FIFTH AVENUE'}, usando 'FIFTH AVENUE'
[COL] BIN 1035794: 'House No' conflicto {'721', '725'}, usando '721'
[COL] BIN 1035794: 'Street Name' conflicto {'5 AVENUE', 'FIFTH AVENUE'}, usando '5 AVENUE'
[COL] BIN 1036060: 'House No' conflicto {'23', '598'}, usando '598'
[COL] BIN 1036060: 'Street Name' conflicto {'EAST   57 STREET', 'MADISON AVENUE'}, usando 'MADISON AVENUE'
[COL] BIN 1036079: 'Street Name' conflicto {'5 AVENUE', 'FIFTH AVENUE'}, usando 'FIFTH AVENUE'
[COL] BIN 1036082: 'House No' conflicto {'616', '767', '610', '620'}, usando '767'
[COL] BIN 1036082: 'Street Name' conflicto {'MADISON AVENUE', '5 AVENUE', 'FIFTH AVENUE'}, usando '5 AVENUE'
[COL] BIN 1036085: 'House No' conflicto {'39', '613'}, usando '39'
[COL] BIN 1036085: 'Street Name' conflicto {'EAST   58 STREET', 'MADISON AVENUE'}, usando 'EAST   58 STREET'
[COL] BIN 1036147: 'House No' conflicto {'355', '133'}, usando '133'
[COL] BIN 1036147: 'Street Name' conflicto {'EAST   40 STREET', 'LEXINGTON AVENUE'}, usando 'EAST   40 STREET'
[COL] BIN 1036149: 'Street Name' conflicto {'3 AVENUE', 'THIRD AVENUE'}, usando 'THIRD AVENUE'
[COL] BIN 1036152: 'House No' conflicto {'380', '122'}, usando '122'
[COL] BIN 1036152: 'Street Name' conflicto {'EAST   42 STREET', 'LEXINGTON AVENUE'}, usando 'EAST   42 STREET'
[COL] BIN 1036161: 'House No' conflicto {'666', '660'}, usando '666'
[COL] BIN 1036161: 'Street Name' conflicto {'3 AVENUE', 'THIRD AVENUE'}, usando 'THIRD AVENUE'
[COL] BIN 1036165: 'Street Name' conflicto {'3 AVENUE', 'THIRD AVENUE'}, usando '3 AVENUE'
[COL] BIN 1036167: 'Street Name' conflicto {'3 AVENUE', 'THIRD AVENUE'}, usando '3 AVENUE'
[COL] BIN 1036173: 'Street Name' conflicto {'3 AVENUE', 'THIRD AVENUE'}, usando '3 AVENUE'
[COL] BIN 1036177: 'House No' conflicto {'708', '155'}, usando '155'
[COL] BIN 1036177: 'Street Name' conflicto {'3 AVENUE', 'THIRD AVENUE', 'EAST   44 STREET'}, usando 'EAST   44 STREET'
[COL] BIN 1036186: 'House No' conflicto {'237', '466'}, usando '466'
[COL] BIN 1036186: 'Street Name' conflicto {'PARK AVENUE', 'LEXINGTON AVENUE'}, usando 'LEXINGTON AVENUE'
[COL] BIN 1036189: 'House No' conflicto {'459', '129'}, usando '459'
[COL] BIN 1036189: 'Street Name' conflicto {'EAST   45 STREET', 'LEXINGTON AVENUE'}, usando 'LEXINGTON AVENUE'
[COL] BIN 1036195: 'House No' conflicto {'730', '734'}, usando '730'
[COL] BIN 1036195: 'Street Name' conflicto {'3 AVENUE', 'THIRD AVENUE'}, usando 'THIRD AVENUE'
[COL] BIN 1036205: 'House No' conflicto {'480', '245'}, usando '245'
[COL] BIN 1036205: 'Street Name' conflicto {'PARK AVENUE', 'LEXINGTON AVENUE'}, usando 'PARK AVENUE'
[COL] BIN 1036207: 'House No' conflicto {'740', '750'}, usando '750'
[COL] BIN 1036207: 'Street Name' conflicto {'3 AVENUE', 'THIRD AVENUE'}, usando 'THIRD AVENUE'
[COL] BIN 1036217: 'House No' conflicto {'160', '770'}, usando '160'
[COL] BIN 1036217: 'Street Name' conflicto {'3 AVENUE', 'EAST   48 STREET'}, usando 'EAST   48 STREET'
[COL] BIN 1036224: 'House No' conflicto {'111', '520'}, usando '520'
[COL] BIN 1036224: 'Street Name' conflicto {'LEXINGTON AVENUE', 'EAST   48 STREET'}, usando 'LEXINGTON AVENUE'
[COL] BIN 1036228: 'Street Name' conflicto {'3 AVENUE', 'THIRD AVENUE'}, usando 'THIRD AVENUE'
[COL] BIN 1036232: 'LOT' conflicto {'7503', '53'}, usando '53'
[COL] BIN 1036233: 'House No' conflicto {'141', '145'}, usando '145'
[COL] BIN 1036446: 'Street Name' conflicto {'3 AVENUE', 'THIRD AVENUE'}, usando 'THIRD AVENUE'
[COL] BIN 1036450: 'House No' conflicto {'101', '325'}, usando '325'
[COL] BIN 1036450: 'Street Name' conflicto {'PARK AVENUE', 'EAST   50 STREET'}, usando 'PARK AVENUE'
[COL] BIN 1036458: 'House No' conflicto {'136', '569'}, usando '569'
[COL] BIN 1036458: 'Street Name' conflicto {'EAST   51 STREET', 'LEXINGTON AVENUE'}, usando 'LEXINGTON AVENUE'
[COL] BIN 1036469: 'House No' conflicto {'160', '165', '866'}, usando '160'
[COL] BIN 1036469: 'Street Name' conflicto {'EAST   53 STREET', 'THIRD AVENUE', 'EAST   52 STREET'}, usando 'EAST   53 STREET'
[COL] BIN 1036474: 'House No' conflicto {'619', '601', '601 L'}, usando '601'
[COL] BIN 1036480: 'House No' conflicto {'125', '123'}, usando '125'
[COL] BIN 1036482: 'LOT' conflicto {'7503', '23'}, usando '23'
[COL] BIN 1036487: 'House No' conflicto {'651', '136', '649'}, usando '136'
[COL] BIN 1036487: 'Street Name' conflicto {'EAST   55 STREET', 'LEXINGTON AVENUE'}, usando 'EAST   55 STREET'
[COL] BIN 1036509: 'House No' conflicto {'121', '123'}, usando '123'
[COL] BIN 1036528: 'House No' conflicto {'136', '672'}, usando '136'
[COL] BIN 1036528: 'Street Name' conflicto {'LEXINGTON AVENUE', 'EAST   56 STREET'}, usando 'EAST   56 STREET'
[COL] BIN 1036625: 'House No' conflicto {'667', '673', '140'}, usando '140'
[COL] BIN 1036625: 'Street Name' conflicto {'LEXINGTON AVENUE', 'EAST   56 STREET'}, usando 'EAST   56 STREET'
[COL] BIN 1036867: 'House No' conflicto {'111', '109'}, usando '111'
[COL] BIN 1036888: 'House No' conflicto {'695', '136'}, usando '695'
[COL] BIN 1036888: 'Street Name' conflicto {'EAST   57 STREET', 'LEXINGTON AVENUE'}, usando 'LEXINGTON AVENUE'
[COL] BIN 1036890: 'House No' conflicto {'696', '130'}, usando '130'
[COL] BIN 1036890: 'Street Name' conflicto {'EAST   57 STREET', 'LEXINGTON AVENUE'}, usando 'EAST   57 STREET'
[COL] BIN 1036897: 'House No' conflicto {'110', '106'}, usando '106'
[COL] BIN 1036903: 'House No' conflicto {'111', '465'}, usando '465'
[COL] BIN 1036903: 'Street Name' conflicto {'PARK AVENUE', 'EAST   57 STREET'}, usando 'PARK AVENUE'
[COL] BIN 1036912: 'House No' conflicto {'157', '954', '960'}, usando '157'
[COL] BIN 1036912: 'Street Name' conflicto {'3 AVENUE', 'EAST   57 STREET'}, usando 'EAST   57 STREET'
[COL] BIN 1036926: 'House No' conflicto {'117', '115'}, usando '117'
[COL] BIN 1037174: 'House No' conflicto {'210', '633'}, usando '633'
[COL] BIN 1037174: 'Street Name' conflicto {'3 AVENUE', 'THIRD AVENUE', 'EAST   41 STREET'}, usando 'THIRD AVENUE'
[COL] BIN 1037178: 'House No' conflicto {'240', '235'}, usando '240'
[COL] BIN 1037178: 'Street Name' conflicto {'EAST   40 STREET', 'EAST   41 STREET'}, usando 'EAST   41 STREET'
[COL] BIN 1037545: 'House No' conflicto {'5', '655'}, usando '655'
[COL] BIN 1037545: 'Street Name' conflicto {'3 AVENUE', 'GRAND CENTRAL EAST', 'THIRD AVENUE'}, usando 'THIRD AVENUE'
[COL] BIN 1037546: 'House No' conflicto {'225', '220'}, usando '220'
[COL] BIN 1037546: 'Street Name' conflicto {'EAST   42 STREET', 'EAST   41 STREET'}, usando 'EAST   42 STREET'
[COL] BIN 1037547: 'House No' conflicto {'206', '212'}, usando '206'
[COL] BIN 1037549: 'House No' conflicto {'675', '201'}, usando '675'
[COL] BIN 1037549: 'Street Name' conflicto {'3 AVENUE', 'THIRD AVENUE', 'EAST   42 STREET'}, usando 'THIRD AVENUE'
[COL] BIN 1037550: 'House No' conflicto {'210', '205'}, usando '205'
[COL] BIN 1037550: 'Street Name' conflicto {'EAST   42 STREET', 'EAST   43 STREET'}, usando 'EAST   42 STREET'
[COL] BIN 1037551: 'House No' conflicto {'212', '219'}, usando '219'
[COL] BIN 1037551: 'Street Name' conflicto {'EAST   42 STREET', 'EAST   43 STREET'}, usando 'EAST   42 STREET'
[COL] BIN 1037553: 'Street Name' conflicto {'2 AVENUE', 'SECOND AVENUE'}, usando '2 AVENUE'
[COL] BIN 1037555: 'Street Name' conflicto {'3 AVENUE', 'THIRD AVENUE'}, usando 'THIRD AVENUE'
[COL] BIN 1037561: 'Street Name' conflicto {'2 AVENUE', 'SECOND AVENUE'}, usando 'SECOND AVENUE'
[COL] BIN 1037573: 'House No' conflicto {'245', '241'}, usando '241'
[COL] BIN 1037574: 'House No' conflicto {'279', '825'}, usando '279'
[COL] BIN 1037574: 'Street Name' conflicto {'2 AVENUE', 'EAST   44 STREET'}, usando 'EAST   44 STREET'
[COL] BIN 1037576: 'House No' conflicto {'246', '839'}, usando '246'
[COL] BIN 1037576: 'Street Name' conflicto {'EAST   45 STREET', '2 AVENUE'}, usando 'EAST   45 STREET'
[COL] BIN 1037591: 'House No' conflicto {'849', '847', '246'}, usando '849'
[COL] BIN 1037591: 'Street Name' conflicto {'EAST   46 STREET', 'SECOND AVENUE'}, usando 'SECOND AVENUE'
[COL] BIN 1037596: 'Street Name' conflicto {'3 AVENUE', 'THIRD AVENUE'}, usando 'THIRD AVENUE'
[COL] BIN 1037599: 'House No' conflicto {'212', '211'}, usando '211'
[COL] BIN 1037599: 'Street Name' conflicto {'EAST   47 STREET', 'EAST   46 STREET'}, usando 'EAST   46 STREET'
[COL] BIN 1037986: 'Street Name' conflicto {'3 AVENUE', 'THIRD AVENUE'}, usando 'THIRD AVENUE'
[COL] BIN 1037988: 'Street Name' conflicto {'2 AVENUE', 'SECOND AVENUE'}, usando '2 AVENUE'
[COL] BIN 1037996: 'Street Name' conflicto {'3 AVENUE', 'THIRD AVENUE'}, usando '3 AVENUE'
[COL] BIN 1038000: 'Street Name' conflicto {'3 AVENUE', 'THIRD AVENUE'}, usando 'THIRD AVENUE'
[COL] BIN 1038044: 'House No' conflicto {'249', '913'}, usando '249'
[COL] BIN 1038044: 'Street Name' conflicto {'2 AVENUE', 'EAST   48 STREET'}, usando 'EAST   48 STREET'
[COL] BIN 1038243: 'Street Name' conflicto {'3 AVENUE', 'THIRD AVENUE'}, usando 'THIRD AVENUE'
[COL] BIN 1038254: 'House No' conflicto {'937', '255'}, usando '255'
[COL] BIN 1038254: 'Street Name' conflicto {'2 AVENUE', 'EAST   49 STREET'}, usando 'EAST   49 STREET'
[COL] BIN 1038443: 'Street Name' conflicto {'2 AVENUE', 'SECOND AVENUE'}, usando '2 AVENUE'
[COL] BIN 1038464: 'Street Name' conflicto {'3 AVENUE', 'THIRD AVENUE'}, usando '3 AVENUE'
[COL] BIN 1038477: 'LOT' conflicto {'7505', '32'}, usando '7505'
[COL] BIN 1038491: 'House No' conflicto {'226', '224'}, usando '226'
[COL] BIN 1038517: 'Street Name' conflicto {'3 AVENUE', 'THIRD AVENUE'}, usando '3 AVENUE'
[COL] BIN 1038549: 'Street Name' conflicto {'3 AVENUE', 'THIRD AVENUE'}, usando 'THIRD AVENUE'
[COL] BIN 1038570: 'Street Name' conflicto {'3 AVENUE', 'THIRD AVENUE'}, usando 'THIRD AVENUE'
[COL] BIN 1038577: 'Street Name' conflicto {'3 AVENUE', 'THIRD AVENUE'}, usando 'THIRD AVENUE'
[COL] BIN 1038590: 'House No' conflicto {'200', '201'}, usando '200'
[COL] BIN 1038590: 'Street Name' conflicto {'EAST   57 STREET', 'EAST   56 STREET'}, usando 'EAST   57 STREET'
[COL] BIN 1038603: 'Street Name' conflicto {'2 AVENUE', 'SECOND AVENUE'}, usando 'SECOND AVENUE'
[COL] BIN 1038623: 'House No' conflicto {'979', '973'}, usando '979'
[COL] BIN 1038623: 'Street Name' conflicto {'3 AVENUE', 'THIRD AVENUE'}, usando 'THIRD AVENUE'
[COL] BIN 1038634: 'House No' conflicto {'245', '1109'}, usando '245'
[COL] BIN 1038634: 'Street Name' conflicto {'EAST   58 STREET', '2 AVENUE'}, usando 'EAST   58 STREET'
[COL] BIN 1038646: 'House No' conflicto {'2', '315'}, usando '2'
[COL] BIN 1038646: 'Street Name' conflicto {'TUDOR CITY PLACE', 'EAST   40 STREET'}, usando 'TUDOR CITY PLACE'
[COL] BIN 1038658: 'Street Name' conflicto {'2 AVENUE', 'SECOND AVENUE'}, usando 'SECOND AVENUE'
[COL] BIN 1038764: 'Street Name' conflicto {'2 AVENUE', 'SECOND AVENUE'}, usando 'SECOND AVENUE'
[COL] BIN 1038765: 'Street Name' conflicto {'2 AVENUE', 'SECOND AVENUE'}, usando 'SECOND AVENUE'
[COL] BIN 1038770: 'House No' conflicto {'310', '312', '311'}, usando '310'
[COL] BIN 1038770: 'Street Name' conflicto {'EAST   45 STREET', 'EAST   46 STREET'}, usando 'EAST   46 STREET'
[COL] BIN 1038775: 'Street Name' conflicto {'UN PLAZA', '1 AVENUE'}, usando 'UN PLAZA'
[COL] BIN 1038781: 'House No' conflicto {'301', '850'}, usando '301'
[COL] BIN 1038781: 'Street Name' conflicto {'EAST   45 STREET', 'SECOND AVENUE'}, usando 'EAST   45 STREET'
[COL] BIN 1038905: 'House No' conflicto {'304', '301'}, usando '301'
[COL] BIN 1038905: 'Street Name' conflicto {'EAST   47 STREET', 'EAST   48 STREET'}, usando 'EAST   47 STREET'
[COL] BIN 1038909: 'Street Name' conflicto {'UN PLAZA', 'UNITED NATIONS PLAZA'}, usando 'UNITED NATIONS PLAZA'
[COL] BIN 1038920: 'Street Name' conflicto {'1 AVENUE', 'UN PLAZA'}, usando '1 AVENUE'
[COL] BIN 1039205: 'House No' conflicto {'100', '327'}, usando '100'
[COL] BIN 1039205: 'Street Name' conflicto {'UN PLAZA', 'UNITED NATIONS PLAZA', 'EAST   48 STREET'}, usando 'UNITED NATIONS PLAZA'
[COL] BIN 1039465: 'Street Name' conflicto {'2 AVENUE', 'SECOND AVENUE'}, usando 'SECOND AVENUE'
[COL] BIN 1039468: 'House No' conflicto {'349', '887'}, usando '349'
[COL] BIN 1039468: 'Street Name' conflicto {'1 AVENUE', 'EAST   49 STREET'}, usando 'EAST   49 STREET'
[COL] BIN 1039641: 'House No' conflicto {'319', '317'}, usando '319'
[COL] BIN 1039661: 'House No' conflicto {'344', '350'}, usando '344'
[COL] BIN 1039826: 'House No' conflicto {'1008', '1004'}, usando '1004'
[COL] BIN 1039846: 'House No' conflicto {'300', '1014'}, usando '300'
[COL] BIN 1039846: 'Street Name' conflicto {'EAST   54 STREET', 'SECOND AVENUE'}, usando 'EAST   54 STREET'
[COL] BIN 1039951: 'House No' conflicto {'997 A', '360', '997'}, usando '997'
[COL] BIN 1039951: 'Street Name' conflicto {'EAST   55 STREET', '1 AVENUE'}, usando '1 AVENUE'
[COL] BIN 1039972: 'House No' conflicto {'1011', '1005'}, usando '1005'
[COL] BIN 1039975: 'House No' conflicto {'300', '305'}, usando '300'
[COL] BIN 1039975: 'Street Name' conflicto {'EAST   55 STREET', 'EAST   56 STREET'}, usando 'EAST   56 STREET'
[COL] BIN 1039997: 'House No' conflicto {'301', '1100', '303'}, usando '303'
[COL] BIN 1039997: 'Street Name' conflicto {'EAST   57 STREET', '2 AVENUE'}, usando 'EAST   57 STREET'
[COL] BIN 1040007: 'House No' conflicto {'350', '1063'}, usando '350'
[COL] BIN 1040007: 'Street Name' conflicto {'EAST   58 STREET', '1 AVENUE'}, usando 'EAST   58 STREET'
[COL] BIN 1040014: 'House No' conflicto {'1045', '357'}, usando '357'
[COL] BIN 1040014: 'Street Name' conflicto {'1 AVENUE', 'EAST   57 STREET'}, usando 'EAST   57 STREET'
[COL] BIN 1040031: 'House No' conflicto {'1110', '300', '1104'}, usando '1110'
[COL] BIN 1040031: 'Street Name' conflicto {'2 AVENUE', 'EAST   59 STREET', 'SECOND AVENUE'}, usando 'SECOND AVENUE'
[COL] BIN 1040072: 'House No' conflicto {'870', '866', '860'}, usando '860'
[COL] BIN 1040072: 'Street Name' conflicto {'UN PLAZA', 'UNITED NATIONS PLAZA', 'U N PLAZA', 'FIRST AVENUE'}, usando 'UN PLAZA'
[COL] BIN 1040090: 'House No' conflicto {'400', '882'}, usando '882'
[COL] BIN 1040090: 'Street Name' conflicto {'1 AVENUE', 'EAST   50 STREET'}, usando '1 AVENUE'
[COL] BIN 1040102: 'House No' conflicto {'401', '890'}, usando '401'
[COL] BIN 1040102: 'Street Name' conflicto {'1 AVENUE', 'EAST   50 STREET'}, usando 'EAST   50 STREET'
[COL] BIN 1040116: 'House No' conflicto {'400', '900'}, usando '400'
[COL] BIN 1040116: 'Street Name' conflicto {'1 AVENUE', 'EAST   51 STREET'}, usando 'EAST   51 STREET'
[COL] BIN 1040136: 'House No' conflicto {'421', '425'}, usando '425'
[COL] BIN 1040155: 'House No' conflicto {'435', '433'}, usando '435'
[COL] BIN 1040157: 'House No' conflicto {'956', '954'}, usando '954'
[COL] BIN 1040460: 'House No' conflicto {'400', '1006'}, usando '400'
[COL] BIN 1040460: 'Street Name' conflicto {'EAST   56 STREET', 'FIRST AVENUE'}, usando 'EAST   56 STREET'
[COL] BIN 1040472: 'House No' conflicto {'430', '428'}, usando '428'
[COL] BIN 1040637: 'House No' conflicto {'430', '425'}, usando '425'
[COL] BIN 1040637: 'Street Name' conflicto {'EAST   58 STREET', 'EAST   59 STREET'}, usando 'EAST   58 STREET'
[COL] BIN 1040640: 'House No' conflicto {'400', '1076'}, usando '400'
[COL] BIN 1040640: 'Street Name' conflicto {'1 AVENUE', 'EAST   59 STREET'}, usando 'EAST   59 STREET'
[COL] BIN 1040645: 'House No' conflicto {'40', '60', '36'}, usando '36'
[COL] BIN 1040747: 'House No' conflicto {'35', '45'}, usando '35'
[COL] BIN 1040751: 'Street Name' conflicto {'5 AVENUE', 'FIFTH AVENUE'}, usando '5 AVENUE'
[COL] BIN 1040763: 'House No' conflicto {'10', '14'}, usando '14'
[COL] BIN 1040765: 'Street Name' conflicto {'5 AVENUE', 'FIFTH AVENUE'}, usando '5 AVENUE'
[COL] BIN 1040802: 'House No' conflicto {'653', '655'}, usando '653'
[COL] BIN 1040806: 'House No' conflicto {'530', '50'}, usando '530'
[COL] BIN 1040806: 'Street Name' conflicto {'PARK AVENUE', 'EAST   61 STREET'}, usando 'PARK AVENUE'
[COL] BIN 1040809: 'House No' conflicto {'2', '795'}, usando '795'
[COL] BIN 1040809: 'Street Name' conflicto {'5 AVENUE', 'FIFTH AVENUE', 'EAST   61 STREET'}, usando '5 AVENUE'
[COL] BIN 1040811: 'House No' conflicto {'38', '40'}, usando '38'
[COL] BIN 1040849: 'House No' conflicto {'19', '672', '21', '686', '680'}, usando '680'
[COL] BIN 1040849: 'Street Name' conflicto {'MADISON AVENUE', 'EAST   61 STREET'}, usando 'MADISON AVENUE'
[COL] BIN 1040861: 'House No' conflicto {'30', '683', '681', '689'}, usando '30'
[COL] BIN 1040861: 'Street Name' conflicto {'MADISON AVENUE', 'EAST   62 STREET'}, usando 'EAST   62 STREET'
[COL] BIN 1040868: 'House No' conflicto {'807', '2'}, usando '807'
[COL] BIN 1040868: 'Street Name' conflicto {'5 AVENUE', 'EAST   62 STREET'}, usando '5 AVENUE'
[COL] BIN 1040884: 'Street Name' conflicto {'5 AVENUE', 'FIFTH AVENUE'}, usando '5 AVENUE'
[COL] BIN 1040894: 'House No' conflicto {'695', '691'}, usando '695'
[COL] BIN 1040898: 'House No' conflicto {'43', '45'}, usando '45'
[COL] BIN 1040922: 'Street Name' conflicto {'5 AVENUE', 'FIFTH AVENUE'}, usando '5 AVENUE'
[COL] BIN 1040935: 'House No' conflicto {'26', '709', '701'}, usando '701'
[COL] BIN 1040935: 'Street Name' conflicto {'MADISON AVENUE', 'EAST   63 STREET'}, usando 'MADISON AVENUE'
[COL] BIN 1041015: 'Street Name' conflicto {'5 AVENUE', 'FIFTH AVENUE'}, usando 'FIFTH AVENUE'
[COL] BIN 1041044: 'House No' conflicto {'32', '723', '727', '721', '729', '725'}, usando '32'
[COL] BIN 1041044: 'Street Name' conflicto {'MADISON AVENUE', 'EAST   64 STREET'}, usando 'EAST   64 STREET'
[COL] BIN 1041055: 'Street Name' conflicto {'5 AVENUE', 'FIFTH AVENUE'}, usando 'FIFTH AVENUE'
[COL] BIN 1041056: 'Street Name' conflicto {'5 AVENUE', 'FIFTH AVENUE'}, usando 'FIFTH AVENUE'
[COL] BIN 1041068: 'Street Name' conflicto {'5 AVENUE', 'FIFTH AVENUE'}, usando '5 AVENUE'
[COL] BIN 1041078: 'House No' conflicto {'733', '29'}, usando '29'
[COL] BIN 1041078: 'Street Name' conflicto {'MADISON AVENUE', 'EAST   64 STREET'}, usando 'EAST   64 STREET'
[COL] BIN 1041086: 'House No' conflicto {'60', '610'}, usando '610'
[COL] BIN 1041086: 'Street Name' conflicto {'PARK AVENUE', 'EAST   65 STREET'}, usando 'PARK AVENUE'
[COL] BIN 1041091: 'House No' conflicto {'747', '30'}, usando '30'
[COL] BIN 1041091: 'Street Name' conflicto {'MADISON AVENUE', 'EAST   65 STREET'}, usando 'EAST   65 STREET'
[COL] BIN 1041093: 'House No' conflicto {'22', '750'}, usando '22'
[COL] BIN 1041093: 'Street Name' conflicto {'MADISON AVENUE', 'EAST   65 STREET'}, usando 'EAST   65 STREET'
[COL] BIN 1041128: 'House No' conflicto {'757', '753', '27', '755'}, usando '27'
[COL] BIN 1041128: 'Street Name' conflicto {'MADISON AVENUE', 'EAST   65 STREET'}, usando 'EAST   65 STREET'
[COL] BIN 1041159: 'House No' conflicto {'851', '1'}, usando '1'
[COL] BIN 1041159: 'Street Name' conflicto {'EAST   66 STREET', 'FIFTH AVENUE'}, usando 'EAST   66 STREET'
[COL] BIN 1041167: 'House No' conflicto {'772', '21'}, usando '772'
[COL] BIN 1041167: 'Street Name' conflicto {'EAST   66 STREET', 'MADISON AVENUE'}, usando 'MADISON AVENUE'
[COL] BIN 1041170: 'House No' conflicto {'55', '53'}, usando '53'
[COL] BIN 1041175: 'House No' conflicto {'640', '642'}, usando '640'
[COL] BIN 1041185: 'House No' conflicto {'790', '784'}, usando '790'
[COL] BIN 1041199: 'Street Name' conflicto {'5 AVENUE', 'FIFTH AVENUE'}, usando '5 AVENUE'
[COL] BIN 1041234: 'LOT' conflicto {'7502', '49'}, usando '49'
[COL] BIN 1041237: 'House No' conflicto {'802', '804', '812', '806', '20'}, usando '20'
[COL] BIN 1041237: 'Street Name' conflicto {'MADISON AVENUE', 'EAST   68 STREET'}, usando 'EAST   68 STREET'
[COL] BIN 1041243: 'Street Name' conflicto {'5 AVENUE', 'FIFTH AVENUE'}, usando 'FIFTH AVENUE'
[COL] BIN 1041250: 'House No' conflicto {'870', '872'}, usando '870'
[COL] BIN 1041250: 'Street Name' conflicto {'5 AVENUE', 'FIFTH AVENUE'}, usando 'FIFTH AVENUE'
[COL] BIN 1041256: 'House No' conflicto {'817', '819'}, usando '817'
[COL] BIN 1041276: 'House No' conflicto {'22', '827'}, usando '827'
[COL] BIN 1041276: 'Street Name' conflicto {'MADISON AVENUE', 'EAST   69 STREET'}, usando 'MADISON AVENUE'
[COL] BIN 1041281: 'House No' conflicto {'20', '824'}, usando '20'
[COL] BIN 1041281: 'Street Name' conflicto {'MADISON AVENUE', 'EAST   69 STREET'}, usando 'EAST   69 STREET'
[COL] BIN 1041288: 'Street Name' conflicto {'5 AVENUE', 'FIFTH AVENUE'}, usando '5 AVENUE'
[COL] BIN 1041291: 'House No' conflicto {'880', '1'}, usando '880'
[COL] BIN 1041291: 'Street Name' conflicto {'5 AVENUE', 'FIFTH AVENUE', 'EAST   69 STREET'}, usando 'FIFTH AVENUE'
[COL] BIN 1041297: 'House No' conflicto {'15', '828'}, usando '15'
[COL] BIN 1041297: 'Street Name' conflicto {'MADISON AVENUE', 'EAST   69 STREET'}, usando 'EAST   69 STREET'
[COL] BIN 1041328: 'House No' conflicto {'30', '849', '853', '33', '845', '855'}, usando '849'
[COL] BIN 1041328: 'Street Name' conflicto {'EAST   70 STREET', 'EAST   71 STREET', 'MADISON AVENUE'}, usando 'MADISON AVENUE'
[COL] BIN 1041352: 'Street Name' conflicto {'5 AVENUE', 'FIFTH AVENUE'}, usando 'FIFTH AVENUE'
[COL] BIN 1041363: 'House No' conflicto {'740', '71'}, usando '740'
[COL] BIN 1041363: 'Street Name' conflicto {'PARK AVENUE', 'EAST   71 STREET'}, usando 'PARK AVENUE'
[COL] BIN 1041378: 'Street Name' conflicto {'5 AVENUE', 'FIFTH AVENUE'}, usando '5 AVENUE'
[COL] BIN 1041450: 'Street Name' conflicto {'5 AVENUE', 'FIFTH AVENUE'}, usando 'FIFTH AVENUE'
[COL] BIN 1041455: 'House No' conflicto {'19', '898'}, usando '19'
[COL] BIN 1041455: 'Street Name' conflicto {'MADISON AVENUE', 'EAST   72 STREET'}, usando 'EAST   72 STREET'
[COL] BIN 1041475: 'House No' conflicto {'900', '28'}, usando '28'
[COL] BIN 1041475: 'Street Name' conflicto {'EAST   73 STREET', 'MADISON AVENUE'}, usando 'EAST   73 STREET'
[COL] BIN 1041515: 'House No' conflicto {'926', '20'}, usando '20'
[COL] BIN 1041515: 'Street Name' conflicto {'EAST   74 STREET', 'MADISON AVENUE'}, usando 'EAST   74 STREET'
[COL] BIN 1041523: 'Street Name' conflicto {'5 AVENUE', 'FIFTH AVENUE'}, usando 'FIFTH AVENUE'
[COL] BIN 1041534: 'Street Name' conflicto {'5 AVENUE', 'FIFTH AVENUE'}, usando 'FIFTH AVENUE'
[COL] BIN 1041637: 'Street Name' conflicto {'5 AVENUE', 'FIFTH AVENUE'}, usando '5 AVENUE'
[COL] BIN 1041649: 'House No' conflicto {'939', '937', '33', '941', '943'}, usando '943'
[COL] BIN 1041649: 'Street Name' conflicto {'EAST   74 STREET', 'MADISON AVENUE'}, usando 'MADISON AVENUE'
[COL] BIN 1041667: 'House No' conflicto {'950', '14'}, usando '14'
[COL] BIN 1041667: 'Street Name' conflicto {'MADISON AVENUE', 'EAST   75 STREET'}, usando 'EAST   75 STREET'
[COL] BIN 1041673: 'Street Name' conflicto {'5 AVENUE', 'FIFTH AVENUE'}, usando 'FIFTH AVENUE'
[COL] BIN 1041681: 'House No' conflicto {'23', '21'}, usando '23'
[COL] BIN 1041683: 'Street Name' conflicto {'5 AVENUE', 'FIFTH AVENUE'}, usando '5 AVENUE'
[COL] BIN 1041695: 'House No' conflicto {'967', '35', '955'}, usando '35'
[COL] BIN 1041695: 'Street Name' conflicto {'MADISON AVENUE', 'EAST   75 STREET'}, usando 'EAST   75 STREET'
[COL] BIN 1041712: 'Street Name' conflicto {'5 AVENUE', 'FIFTH AVENUE'}, usando 'FIFTH AVENUE'
[COL] BIN 1041721: 'House No' conflicto {'30', '971'}, usando '30'
[COL] BIN 1041721: 'Street Name' conflicto {'MADISON AVENUE', 'EAST   76 STREET'}, usando 'EAST   76 STREET'
[COL] BIN 1041796: 'House No' conflicto {'988', '980'}, usando '980'
[COL] BIN 1041813: 'Street Name' conflicto {'5 AVENUE', 'FIFTH AVENUE'}, usando 'FIFTH AVENUE'
[COL] BIN 1041814: 'Street Name' conflicto {'5 AVENUE', 'FIFTH AVENUE'}, usando '5 AVENUE'
[COL] BIN 1041816: 'House No' conflicto {'960', '3'}, usando '960'
[COL] BIN 1041816: 'Street Name' conflicto {'EAST   77 STREET', '5 AVENUE', 'FIFTH AVENUE'}, usando 'FIFTH AVENUE'
[COL] BIN 1041821: 'House No' conflicto {'994', '25'}, usando '25'
[COL] BIN 1041821: 'Street Name' conflicto {'EAST   77 STREET', 'MADISON AVENUE'}, usando 'EAST   77 STREET'
[COL] BIN 1041848: 'Street Name' conflicto {'5 AVENUE', 'FIFTH AVENUE'}, usando '5 AVENUE'
[COL] BIN 1041884: 'House No' conflicto {'22', '1022'}, usando '1022'
[COL] BIN 1041884: 'Street Name' conflicto {'EAST   79 STREET', 'MADISON AVENUE'}, usando 'MADISON AVENUE'
[COL] BIN 1041901: 'House No' conflicto {'111', '110'}, usando '111'
[COL] BIN 1041901: 'Street Name' conflicto {'EAST   59 STREET', 'EAST   60 STREET'}, usando 'EAST   59 STREET'
[COL] BIN 1041902: 'House No' conflicto {'127', '118'}, usando '118'
[COL] BIN 1041902: 'Street Name' conflicto {'EAST   59 STREET', 'EAST   60 STREET'}, usando 'EAST   60 STREET'
[COL] BIN 1041904: 'House No' conflicto {'743', '1000'}, usando '1000'
[COL] BIN 1041904: 'Street Name' conflicto {'3 AVENUE', 'THIRD AVENUE', 'LEXINGTON AVENUE'}, usando '3 AVENUE'
[COL] BIN 1041959: 'House No' conflicto {'1010', '166'}, usando '166'
[COL] BIN 1041959: 'Street Name' conflicto {'3 AVENUE', 'THIRD AVENUE', 'EAST   61 STREET'}, usando 'EAST   61 STREET'
[COL] BIN 1041961: 'House No' conflicto {'535', '531'}, usando '535'
[COL] BIN 1041986: 'House No' conflicto {'167', '1048', '1030'}, usando '167'
[COL] BIN 1041986: 'Street Name' conflicto {'3 AVENUE', 'EAST   61 STREET'}, usando 'EAST   61 STREET'
[COL] BIN 1042010: 'House No' conflicto {'553', '555'}, usando '553'
[COL] BIN 1042051: 'House No' conflicto {'1058', '166'}, usando '166'
[COL] BIN 1042051: 'Street Name' conflicto {'3 AVENUE', 'EAST   63 STREET'}, usando 'EAST   63 STREET'
[COL] BIN 1042059: 'House No' conflicto {'100', '575'}, usando '575'
[COL] BIN 1042059: 'Street Name' conflicto {'PARK AVENUE', 'EAST   63 STREET'}, usando 'PARK AVENUE'
[COL] BIN 1042069: 'House No' conflicto {'812', '130'}, usando '130'
[COL] BIN 1042069: 'Street Name' conflicto {'EAST   63 STREET', 'LEXINGTON AVENUE'}, usando 'EAST   63 STREET'
[COL] BIN 1042117: 'House No' conflicto {'136', '842'}, usando '842'
[COL] BIN 1042117: 'Street Name' conflicto {'EAST   64 STREET', 'LEXINGTON AVENUE'}, usando 'LEXINGTON AVENUE'
[COL] BIN 1042369: 'House No' conflicto {'160', '1090'}, usando '160'
[COL] BIN 1042369: 'Street Name' conflicto {'3 AVENUE', 'EAST   65 STREET'}, usando 'EAST   65 STREET'
[COL] BIN 1042429: 'House No' conflicto {'1110', '181'}, usando '181'
[COL] BIN 1042429: 'Street Name' conflicto {'3 AVENUE', 'THIRD AVENUE', 'EAST   65 STREET'}, usando 'EAST   65 STREET'
[COL] BIN 1042456: 'Street Name' conflicto {'3 AVENUE', 'THIRD AVENUE'}, usando 'THIRD AVENUE'
[COL] BIN 1042464: 'House No' conflicto {'165', '1140', '166'}, usando '165'
[COL] BIN 1042464: 'Street Name' conflicto {'3 AVENUE', 'EAST   66 STREET', 'EAST   67 STREET', 'THIRD AVENUE'}, usando 'EAST   66 STREET'
[COL] BIN 1042468: 'House No' conflicto {'904', '920', '912'}, usando '904'
[COL] BIN 1042478: 'House No' conflicto {'130', '921'}, usando '130'
[COL] BIN 1042478: 'Street Name' conflicto {'LEXINGTON AVENUE', 'EAST   68 STREET'}, usando 'EAST   68 STREET'
[COL] BIN 1042479: 'House No' conflicto {'150', '931', '161'}, usando '150'
[COL] BIN 1042479: 'Street Name' conflicto {'EAST   68 STREET', 'LEXINGTON AVENUE', 'EAST   69 STREET'}, usando 'EAST   69 STREET'
[COL] BIN 1042497: 'House No' conflicto {'1186', '169', '1198'}, usando '1198'
[COL] BIN 1042497: 'Street Name' conflicto {'3 AVENUE', 'THIRD AVENUE', 'EAST   69 STREET'}, usando '3 AVENUE'
[COL] BIN 1042610: 'House No' conflicto {'1206', '188'}, usando '188'
[COL] BIN 1042610: 'Street Name' conflicto {'3 AVENUE', 'EAST   70 STREET', 'THIRD AVENUE'}, usando 'EAST   70 STREET'
[COL] BIN 1042739: 'House No' conflicto {'1210', '179'}, usando '179'
[COL] BIN 1042739: 'Street Name' conflicto {'3 AVENUE', 'EAST   70 STREET'}, usando 'EAST   70 STREET'
[COL] BIN 1042740: 'House No' conflicto {'176', '1226'}, usando '176'
[COL] BIN 1042740: 'Street Name' conflicto {'3 AVENUE', 'EAST   71 STREET'}, usando 'EAST   71 STREET'
[COL] BIN 1042806: 'House No' conflicto {'992', '976', '988', '140', '135'}, usando '135'
[COL] BIN 1042806: 'Street Name' conflicto {'LEXINGTON AVENUE', 'EAST   71 STREET', 'EAST   72 STREET'}, usando 'EAST   71 STREET'
[COL] BIN 1042822: 'House No' conflicto {'166', '164'}, usando '164'
[COL] BIN 1042824: 'House No' conflicto {'150', '997'}, usando '150'
[COL] BIN 1042824: 'Street Name' conflicto {'LEXINGTON AVENUE', 'EAST   72 STREET'}, usando 'EAST   72 STREET'
[COL] BIN 1042841: 'House No' conflicto {'765', '775'}, usando '775'
[COL] BIN 1042844: 'House No' conflicto {'125', '1010', '1004'}, usando '125'
[COL] BIN 1042844: 'Street Name' conflicto {'LEXINGTON AVENUE', 'EAST   72 STREET'}, usando 'EAST   72 STREET'
[COL] BIN 1042850: 'House No' conflicto {'1258', '165'}, usando '165'
[COL] BIN 1042850: 'Street Name' conflicto {'3 AVENUE', 'EAST   72 STREET'}, usando 'EAST   72 STREET'
[COL] BIN 1043037: 'House No' conflicto {'1025', '149'}, usando '1025'
[COL] BIN 1043037: 'Street Name' conflicto {'EAST   73 STREET', 'LEXINGTON AVENUE'}, usando 'LEXINGTON AVENUE'
[COL] BIN 1043046: 'House No' conflicto {'1270', '181'}, usando '181'
[COL] BIN 1043046: 'Street Name' conflicto {'3 AVENUE', 'THIRD AVENUE', 'EAST   73 STREET'}, usando 'EAST   73 STREET'
[COL] BIN 1043047: 'House No' conflicto {'1284', '1286', '1282', '174'}, usando '174'
[COL] BIN 1043047: 'Street Name' conflicto {'EAST   74 STREET', 'THIRD AVENUE', '3 AVENUE'}, usando 'EAST   74 STREET'
[COL] BIN 1043060: 'LOT' conflicto {'59', '58'}, usando '58'
[COL] BIN 1043065: 'House No' conflicto {'112', '112A'}, usando '112'
[COL] BIN 1043089: 'House No' conflicto {'1294', '175'}, usando '175'
[COL] BIN 1043089: 'Street Name' conflicto {'EAST   74 STREET', 'THIRD AVENUE'}, usando 'EAST   74 STREET'
[COL] BIN 1043090: 'House No' conflicto {'1296', '196'}, usando '196'
[COL] BIN 1043090: 'Street Name' conflicto {'3 AVENUE', 'THIRD AVENUE', 'EAST   75 STREET'}, usando 'EAST   75 STREET'
[COL] BIN 1043142: 'House No' conflicto {'1066', '123'}, usando '123'
[COL] BIN 1043142: 'Street Name' conflicto {'EAST   75 STREET', 'LEXINGTON AVENUE'}, usando 'EAST   75 STREET'
[COL] BIN 1043149: 'House No' conflicto {'1320', '177'}, usando '1320'
[COL] BIN 1043149: 'Street Name' conflicto {'3 AVENUE', 'EAST   75 STREET'}, usando '3 AVENUE'
[COL] BIN 1043163: 'House No' conflicto {'136', '1074'}, usando '136'
[COL] BIN 1043163: 'Street Name' conflicto {'LEXINGTON AVENUE', 'EAST   76 STREET'}, usando 'EAST   76 STREET'
[COL] BIN 1043178: 'House No' conflicto {'176', '1334'}, usando '176'
[COL] BIN 1043178: 'Street Name' conflicto {'3 AVENUE', 'EAST   77 STREET'}, usando 'EAST   77 STREET'
[COL] BIN 1043192: 'House No' conflicto {'1102', '1100'}, usando '1100'
[COL] BIN 1043195: 'House No' conflicto {'151', '1101'}, usando '1101'
[COL] BIN 1043195: 'Street Name' conflicto {'EAST   77 STREET', 'LEXINGTON AVENUE'}, usando 'LEXINGTON AVENUE'
[COL] BIN 1043211: 'House No' conflicto {'1114', '1118'}, usando '1114'
[COL] BIN 1043270: 'House No' conflicto {'130', '124'}, usando '124'
[COL] BIN 1043547: 'House No' conflicto {'1011', '200', '201', '1013'}, usando '1011'
[COL] BIN 1043547: 'Street Name' conflicto {'3 AVENUE', 'THIRD AVENUE', 'EAST   60 STREET', 'EAST   61 STREET'}, usando 'THIRD AVENUE'
[COL] BIN 1043779: 'House No' conflicto {'201', '1031'}, usando '201'
[COL] BIN 1043779: 'Street Name' conflicto {'3 AVENUE', 'EAST   61 STREET'}, usando 'EAST   61 STREET'
[COL] BIN 1043780: 'House No' conflicto {'200', '1035', '1049'}, usando '200'
[COL] BIN 1043780: 'Street Name' conflicto {'3 AVENUE', 'THIRD AVENUE', 'EAST   62 STREET'}, usando 'EAST   62 STREET'
[COL] BIN 1043794: 'House No' conflicto {'1161', '1163', '257'}, usando '1161'
[COL] BIN 1043794: 'Street Name' conflicto {'2 AVENUE', 'EAST   61 STREET'}, usando '2 AVENUE'
[COL] BIN 1043852: 'House No' conflicto {'200', '1065'}, usando '200'
[COL] BIN 1043852: 'Street Name' conflicto {'3 AVENUE', 'EAST   63 STREET'}, usando 'EAST   63 STREET'
[COL] BIN 1043853: 'Street Name' conflicto {'3 AVENUE', 'THIRD AVENUE'}, usando 'THIRD AVENUE'
[COL] BIN 1043853: 'LOT' conflicto {'7502', '47'}, usando '7502'
[COL] BIN 1043862: 'House No' conflicto {'210', '208'}, usando '208'
[COL] BIN 1043864: 'House No' conflicto {'1201', '245', '1217', '1203', '1215'}, usando '1201'
[COL] BIN 1043864: 'Street Name' conflicto {'2 AVENUE', 'EAST   63 STREET', 'SECOND AVENUE'}, usando '2 AVENUE'
[COL] BIN 1043870: 'House No' conflicto {'248', '1223', '250'}, usando '250'
[COL] BIN 1043870: 'Street Name' conflicto {'2 AVENUE', 'EAST   65 STREET'}, usando 'EAST   65 STREET'
[COL] BIN 1043871: 'House No' conflicto {'201', '200', '1243', '260', '1255', '1257'}, usando '200'
[COL] BIN 1043871: 'Street Name' conflicto {'EAST   66 STREET', 'SECOND AVENUE', '2 AVENUE', 'EAST   65 STREET'}, usando 'EAST   66 STREET'
[COL] BIN 1043873: 'House No' conflicto {'265', '1261'}, usando '1261'
[COL] BIN 1043873: 'Street Name' conflicto {'EAST   66 STREET', '2 AVENUE'}, usando '2 AVENUE'
[COL] BIN 1043877: 'House No' conflicto {'201', '1151'}, usando '1151'
[COL] BIN 1043877: 'Street Name' conflicto {'3 AVENUE', 'EAST   67 STREET'}, usando '3 AVENUE'
[COL] BIN 1043884: 'House No' conflicto {'1285', '254'}, usando '254'
[COL] BIN 1043884: 'Street Name' conflicto {'SECOND AVENUE', '2 AVENUE', 'EAST   68 STREET'}, usando 'EAST   68 STREET'
[COL] BIN 1043896: 'House No' conflicto {'210', '1165', '1159'}, usando '210'
[COL] BIN 1043896: 'Street Name' conflicto {'3 AVENUE', 'THIRD AVENUE', 'EAST   68 STREET'}, usando 'EAST   68 STREET'
[COL] BIN 1043902: 'House No' conflicto {'200', '1175'}, usando '1175'
[COL] BIN 1043902: 'Street Name' conflicto {'3 AVENUE', 'THIRD AVENUE', 'EAST   69 STREET'}, usando 'THIRD AVENUE'
[COL] BIN 1043903: 'House No' conflicto {'1305', '240', '215'}, usando '215'
[COL] BIN 1043903: 'Street Name' conflicto {'2 AVENUE', 'EAST   69 STREET', 'EAST   68 STREET'}, usando 'EAST   68 STREET'
[COL] BIN 1043904: 'House No' conflicto {'201', '1201', '1191', '1187', '1195'}, usando '1187'
[COL] BIN 1043904: 'Street Name' conflicto {'3 AVENUE', 'THIRD AVENUE', 'EAST   69 STREET'}, usando '3 AVENUE'
[COL] BIN 1043920: 'Street Name' conflicto {'3 AVENUE', 'THIRD AVENUE'}, usando 'THIRD AVENUE'
[COL] BIN 1043933: 'Street Name' conflicto {'3 AVENUE', 'THIRD AVENUE'}, usando 'THIRD AVENUE'
[COL] BIN 1043974: 'House No' conflicto {'1399', '250', '1393 B'}, usando '1399'
[COL] BIN 1043974: 'Street Name' conflicto {'EAST   73 STREET', '2 AVENUE'}, usando '2 AVENUE'
[COL] BIN 1043986: 'Street Name' conflicto {'3 AVENUE', 'THIRD AVENUE'}, usando 'THIRD AVENUE'
[COL] BIN 1044011: 'House No' conflicto {'200', '1279'}, usando '200'
[COL] BIN 1044011: 'Street Name' conflicto {'EAST   74 STREET', '3 AVENUE'}, usando 'EAST   74 STREET'
[COL] BIN 1044030: 'Street Name' conflicto {'2 AVENUE', 'SECOND AVENUE'}, usando '2 AVENUE'
[COL] BIN 1044075: 'House No' conflicto {'241', '1467', '1465'}, usando '241'
[COL] BIN 1044075: 'Street Name' conflicto {'2 AVENUE', 'EAST   76 STREET'}, usando 'EAST   76 STREET'
[COL] BIN 1044077: 'House No' conflicto {'252', '1477'}, usando '1477'
[COL] BIN 1044077: 'Street Name' conflicto {'EAST   77 STREET', '2 AVENUE', 'SECOND AVENUE'}, usando '2 AVENUE'
[COL] BIN 1044096: 'House No' conflicto {'201', '1349'}, usando '201'
[COL] BIN 1044096: 'Street Name' conflicto {'3 AVENUE', 'EAST   77 STREET'}, usando 'EAST   77 STREET'
[COL] BIN 1044111: 'House No' conflicto {'1491', '270'}, usando '270'
[COL] BIN 1044111: 'Street Name' conflicto {'EAST   78 STREET', '2 AVENUE'}, usando 'EAST   78 STREET'
[COL] BIN 1044200: 'House No' conflicto {'330', '333'}, usando '333'
[COL] BIN 1044200: 'Street Name' conflicto {'EAST   61 STREET', 'EAST   60 STREET'}, usando 'EAST   60 STREET'
[COL] BIN 1044204: 'House No' conflicto {'1097', '351'}, usando '1097'
[COL] BIN 1044204: 'Street Name' conflicto {'1 AVENUE', 'EAST   60 STREET'}, usando '1 AVENUE'
[COL] BIN 1044221: 'Street Name' conflicto {'2 AVENUE', 'SECOND AVENUE'}, usando '2 AVENUE'
[COL] BIN 1044361: 'House No' conflicto {'321', '315'}, usando '321'
[COL] BIN 1044385: 'House No' conflicto {'307', '305'}, usando '305'
[COL] BIN 1044390: 'House No' conflicto {'1167', '1153', '340'}, usando '340'
[COL] BIN 1044390: 'Street Name' conflicto {'1 AVENUE', 'EAST   64 STREET', 'FIRST AVENUE'}, usando 'EAST   64 STREET'
[COL] BIN 1044695: 'House No' conflicto {'345', '1185'}, usando '345'
[COL] BIN 1044695: 'Street Name' conflicto {'1 AVENUE', 'EAST   64 STREET'}, usando 'EAST   64 STREET'
[COL] BIN 1044696: 'House No' conflicto {'1189', '360', '1199'}, usando '360'
[COL] BIN 1044696: 'Street Name' conflicto {'1 AVENUE', 'EAST   65 STREET'}, usando 'EAST   65 STREET'
[COL] BIN 1044723: 'House No' conflicto {'1219', '1217'}, usando '1219'
[COL] BIN 1044738: 'House No' conflicto {'1270', '301', '1264', '1274'}, usando '1270'
[COL] BIN 1044738: 'Street Name' conflicto {'EAST   66 STREET', '2 AVENUE', 'SECOND AVENUE'}, usando '2 AVENUE'
[COL] BIN 1044753: 'House No' conflicto {'1296', '1302', '315'}, usando '315'
[COL] BIN 1044753: 'Street Name' conflicto {'2 AVENUE', 'EAST   68 STREET'}, usando 'EAST   68 STREET'
[COL] BIN 1044818: 'House No' conflicto {'315', '311'}, usando '315'
[COL] BIN 1044821: 'House No' conflicto {'345', '1285', '341', '1281'}, usando '345'
[COL] BIN 1044821: 'Street Name' conflicto {'1 AVENUE', 'EAST   69 STREET'}, usando 'EAST   69 STREET'
[COL] BIN 1044853: 'House No' conflicto {'300', '1328'}, usando '300'
[COL] BIN 1044853: 'Street Name' conflicto {'2 AVENUE', 'EAST   71 STREET'}, usando 'EAST   71 STREET'
[COL] BIN 1044862: 'House No' conflicto {'380', '360'}, usando '360'
[COL] BIN 1044925: 'House No' conflicto {'1430', '300', '1432'}, usando '300'
[COL] BIN 1044925: 'Street Name' conflicto {'2 AVENUE', 'EAST   75 STREET', 'SECOND AVENUE'}, usando 'EAST   75 STREET'
[COL] BIN 1044933: 'Street Name' conflicto {'1 AVENUE', 'FIRST AVENUE'}, usando '1 AVENUE'
[COL] BIN 1044935: 'House No' conflicto {'330', '328', '1439'}, usando '330'
[COL] BIN 1044935: 'Street Name' conflicto {'1 AVENUE', 'EAST   75 STREET'}, usando 'EAST   75 STREET'
[COL] BIN 1045192: 'House No' conflicto {'300', '1470'}, usando '1470'
[COL] BIN 1045192: 'Street Name' conflicto {'EAST   77 STREET', '2 AVENUE'}, usando '2 AVENUE'
[COL] BIN 1045227: 'Street Name' conflicto {'2 AVENUE', 'SECOND AVENUE'}, usando 'SECOND AVENUE'
[COL] BIN 1045230: 'House No' conflicto {'351', '353'}, usando '353'
[COL] BIN 1045234: 'House No' conflicto {'1500', '301', '1504'}, usando '1500'
[COL] BIN 1045234: 'Street Name' conflicto {'EAST   78 STREET', '2 AVENUE'}, usando '2 AVENUE'
[COL] BIN 1045270: 'House No' conflicto {'407', '408'}, usando '407'
[COL] BIN 1045270: 'Street Name' conflicto {'EAST   59 STREET', 'EAST   60 STREET'}, usando 'EAST   59 STREET'
[COL] BIN 1045271: 'House No' conflicto {'401', '410'}, usando '401'
[COL] BIN 1045271: 'Street Name' conflicto {'EAST   61 STREET', 'EAST   60 STREET'}, usando 'EAST   60 STREET'
[COL] BIN 1045287: 'House No' conflicto {'406', '420'}, usando '406'
[COL] BIN 1045312: 'Street Name' conflicto {'1 AVENUE', 'FIRST AVENUE'}, usando '1 AVENUE'
[COL] BIN 1045570: 'House No' conflicto {'430', '420'}, usando '420'
[COL] BIN 1045571: 'House No' conflicto {'431', '1233'}, usando '431'
[COL] BIN 1045571: 'Street Name' conflicto {'YORK AVENUE', 'EAST   66 STREET'}, usando 'EAST   66 STREET'
[COL] BIN 1045572: 'Street Name' conflicto {'1 AVENUE', 'FIRST AVENUE'}, usando '1 AVENUE'
[COL] BIN 1045589: 'House No' conflicto {'1292', '400'}, usando '400'
[COL] BIN 1045589: 'Street Name' conflicto {'1 AVENUE', 'EAST   70 STREET'}, usando 'EAST   70 STREET'
[COL] BIN 1045808: 'House No' conflicto {'1314', '400', '1310', '1302'}, usando '400'
[COL] BIN 1045808: 'Street Name' conflicto {'1 AVENUE', 'EAST   71 STREET'}, usando 'EAST   71 STREET'
[COL] BIN 1045818: 'House No' conflicto {'435', '1327'}, usando '1327'
[COL] BIN 1045818: 'Street Name' conflicto {'YORK AVENUE', 'EAST   70 STREET'}, usando 'YORK AVENUE'
[COL] BIN 1045891: 'House No' conflicto {'401', '1412', '1404'}, usando '1412'
[COL] BIN 1045891: 'Street Name' conflicto {'EAST   74 STREET', '1 AVENUE'}, usando '1 AVENUE'
[COL] BIN 1045958: 'House No' conflicto {'1433', '1435'}, usando '1435'
[COL] BIN 1045989: 'Street Name' conflicto {'EAST   77 STREET', 'EAST 77 STREET'}, usando 'EAST   77 STREET'
[COL] BIN 1045990: 'House No' conflicto {'1453', '445'}, usando '1453'
[COL] BIN 1045990: 'Street Name' conflicto {'YORK AVENUE', 'EAST   77 STREET'}, usando 'YORK AVENUE'
[COL] BIN 1046011: 'House No' conflicto {'399', '1496'}, usando '399'
[COL] BIN 1046011: 'Street Name' conflicto {'EAST   78 STREET', '1 AVENUE'}, usando 'EAST   78 STREET'
[COL] BIN 1046255: 'House No' conflicto {'1320', '1324', '1314', '1328', '505'}, usando '505'
[COL] BIN 1046255: 'Street Name' conflicto {'YORK AVENUE', 'EAST   70 STREET'}, usando 'EAST   70 STREET'
[COL] BIN 1046257: 'LOT' conflicto {'7503', '1'}, usando '1'
[COL] BIN 1046261: 'House No' conflicto {'515', '519'}, usando '515'
[COL] BIN 1046268: 'House No' conflicto {'530', '1'}, usando '1'
[COL] BIN 1046268: 'Street Name' conflicto {'EAST RIVER PLACE', 'EAST   73 STREET'}, usando 'EAST RIVER PLACE'
[COL] BIN 1046290: 'House No' conflicto {'1384', '500'}, usando '1384'
[COL] BIN 1046290: 'Street Name' conflicto {'YORK AVENUE', 'EAST   74 STREET'}, usando 'YORK AVENUE'
[COL] BIN 1046426: 'Street Name' conflicto {'5 AVENUE', 'FIFTH AVENUE'}, usando 'FIFTH AVENUE'
[COL] BIN 1046437: 'House No' conflicto {'1035', '39'}, usando '39'
[COL] BIN 1046437: 'Street Name' conflicto {'EAST   79 STREET', 'MADISON AVENUE'}, usando 'EAST   79 STREET'
[COL] BIN 1046469: 'LOT' conflicto {'7504', '21'}, usando '7504'
[COL] BIN 1046594: 'Street Name' conflicto {'5 AVENUE', 'FIFTH AVENUE'}, usando '5 AVENUE'
[COL] BIN 1046609: 'House No' conflicto {'993', '992'}, usando '993'
[COL] BIN 1046609: 'Street Name' conflicto {'5 AVENUE', 'FIFTH AVENUE'}, usando '5 AVENUE'
[COL] BIN 1046638: 'House No' conflicto {'30', '1071', '1069'}, usando '1069'
[COL] BIN 1046638: 'Street Name' conflicto {'EAST   81 STREET', 'MADISON AVENUE'}, usando 'MADISON AVENUE'
[COL] BIN 1046641: 'House No' conflicto {'26', '1070'}, usando '1070'
[COL] BIN 1046641: 'Street Name' conflicto {'EAST   81 STREET', 'MADISON AVENUE'}, usando 'MADISON AVENUE'
[COL] BIN 1046650: 'Street Name' conflicto {'5 AVENUE', 'FIFTH AVENUE'}, usando 'FIFTH AVENUE'
[COL] BIN 1046660: 'Street Name' conflicto {'5 AVENUE', 'FIFTH AVENUE'}, usando 'FIFTH AVENUE'
[COL] BIN 1046686: 'Street Name' conflicto {'5 AVENUE', 'FIFTH AVENUE'}, usando 'FIFTH AVENUE'
[COL] BIN 1046733: 'House No' conflicto {'24', '1088'}, usando '1088'
[COL] BIN 1046733: 'Street Name' conflicto {'MADISON AVENUE', 'EAST   82 STREET'}, usando 'MADISON AVENUE'
[COL] BIN 1046740: 'Street Name' conflicto {'5 AVENUE', 'FIFTH AVENUE'}, usando 'FIFTH AVENUE'
[COL] BIN 1046759: 'House No' conflicto {'962', '960'}, usando '960'
[COL] BIN 1046768: 'House No' conflicto {'1095', '40'}, usando '40'
[COL] BIN 1046768: 'Street Name' conflicto {'MADISON AVENUE', 'EAST   83 STREET'}, usando 'EAST   83 STREET'
[COL] BIN 1046770: 'Street Name' conflicto {'5 AVENUE', 'FIFTH AVENUE'}, usando 'FIFTH AVENUE'
[COL] BIN 1046777: 'Street Name' conflicto {'5 AVENUE', 'FIFTH AVENUE'}, usando '5 AVENUE'
[COL] BIN 1046778: 'House No' conflicto {'5', '1025'}, usando '1025'
[COL] BIN 1046778: 'Street Name' conflicto {'5 AVENUE', 'FIFTH AVENUE', 'EAST   83 STREET'}, usando '5 AVENUE'
[COL] BIN 1046785: 'House No' conflicto {'39', '61'}, usando '39'
[COL] BIN 1046787: 'House No' conflicto {'40', '1121'}, usando '40'
[COL] BIN 1046787: 'Street Name' conflicto {'EAST   84 STREET', 'MADISON AVENUE'}, usando 'EAST   84 STREET'
[COL] BIN 1046802: 'House No' conflicto {'1114', '25'}, usando '25'
[COL] BIN 1046802: 'Street Name' conflicto {'MADISON AVENUE', 'EAST   83 STREET'}, usando 'EAST   83 STREET'
[COL] BIN 1046809: 'Street Name' conflicto {'5 AVENUE', 'FIFTH AVENUE'}, usando '5 AVENUE'
[COL] BIN 1046824: 'House No' conflicto {'38', '1133'}, usando '38'
[COL] BIN 1046824: 'Street Name' conflicto {'MADISON AVENUE', 'EAST   85 STREET'}, usando 'EAST   85 STREET'
[COL] BIN 1046826: 'Street Name' conflicto {'5 AVENUE', 'FIFTH AVENUE'}, usando '5 AVENUE'
[COL] BIN 1046827: 'Street Name' conflicto {'5 AVENUE', 'FIFTH AVENUE'}, usando '5 AVENUE'
[COL] BIN 1046830: 'House No' conflicto {'1156', '12'}, usando '12'
[COL] BIN 1046830: 'Street Name' conflicto {'EAST   86 STREET', 'MADISON AVENUE'}, usando 'EAST   86 STREET'
[COL] BIN 1046831: 'House No' conflicto {'35', '1157', '1153'}, usando '35'
[COL] BIN 1046831: 'Street Name' conflicto {'MADISON AVENUE', 'EAST   85 STREET'}, usando 'EAST   85 STREET'
[COL] BIN 1046842: 'Street Name' conflicto {'5 AVENUE', 'FIFTH AVENUE'}, usando '5 AVENUE'
[COL] BIN 1046843: 'Street Name' conflicto {'5 AVENUE', 'FIFTH AVENUE'}, usando '5 AVENUE'
[COL] BIN 1046845: 'Street Name' conflicto {'5 AVENUE', 'FIFTH AVENUE'}, usando '5 AVENUE'
[COL] BIN 1046850: 'House No' conflicto {'49', '1175'}, usando '1175'
[COL] BIN 1046850: 'Street Name' conflicto {'EAST   86 STREET', 'MADISON AVENUE'}, usando 'MADISON AVENUE'
[COL] BIN 1046861: 'Street Name' conflicto {'5 AVENUE', 'FIFTH AVENUE'}, usando 'FIFTH AVENUE'
[COL] BIN 1046913: 'Street Name' conflicto {'5 AVENUE', 'FIFTH AVENUE'}, usando '5 AVENUE'
[COL] BIN 1046915: 'House No' conflicto {'22', '1200', '21'}, usando '21'
[COL] BIN 1046915: 'Street Name' conflicto {'EAST   87 STREET', 'MADISON AVENUE', 'EAST   88 STREET'}, usando 'EAST   87 STREET'
[COL] BIN 1046921: 'House No' conflicto {'40', '1221', '1219', '1217'}, usando '1221'
[COL] BIN 1046921: 'Street Name' conflicto {'MADISON AVENUE', 'EAST   88 STREET'}, usando 'MADISON AVENUE'
[COL] BIN 1046926: 'Street Name' conflicto {'5 AVENUE', 'FIFTH AVENUE'}, usando 'FIFTH AVENUE'
[COL] BIN 1046946: 'House No' conflicto {'1071', '1070'}, usando '1071'
[COL] BIN 1046946: 'Street Name' conflicto {'5 AVENUE', 'FIFTH AVENUE'}, usando '5 AVENUE'
[COL] BIN 1046952: 'House No' conflicto {'1226', '19'}, usando '19'
[COL] BIN 1046952: 'Street Name' conflicto {'MADISON AVENUE', 'EAST   88 STREET'}, usando 'EAST   88 STREET'
[COL] BIN 1046953: 'House No' conflicto {'1225', '47'}, usando '47'
[COL] BIN 1046953: 'Street Name' conflicto {'MADISON AVENUE', 'EAST   88 STREET'}, usando 'EAST   88 STREET'
[COL] BIN 1046965: 'Street Name' conflicto {'5 AVENUE', 'FIFTH AVENUE'}, usando 'FIFTH AVENUE'
[COL] BIN 1046971: 'House No' conflicto {'17', '1242'}, usando '17'
[COL] BIN 1046971: 'Street Name' conflicto {'EAST   89 STREET', 'MADISON AVENUE'}, usando 'EAST   89 STREET'
[COL] BIN 1046972: 'House No' conflicto {'45', '1245'}, usando '45'
[COL] BIN 1046972: 'Street Name' conflicto {'EAST   89 STREET', 'MADISON AVENUE'}, usando 'EAST   89 STREET'
[COL] BIN 1046979: 'House No' conflicto {'2', '1085'}, usando '2'
[COL] BIN 1046979: 'Street Name' conflicto {'5 AVENUE', 'EAST   90 STREET'}, usando 'EAST   90 STREET'
[COL] BIN 1046983: 'House No' conflicto {'1260', '19', '21'}, usando '21'
[COL] BIN 1046983: 'Street Name' conflicto {'MADISON AVENUE', 'EAST   90 STREET'}, usando 'EAST   90 STREET'
[COL] BIN 1047004: 'House No' conflicto {'1268', '1266 B'}, usando '1268'
[COL] BIN 1047045: 'Street Name' conflicto {'5 AVENUE', 'FIFTH AVENUE'}, usando 'FIFTH AVENUE'
[COL] BIN 1047093: 'Street Name' conflicto {'5 AVENUE', 'FIFTH AVENUE'}, usando '5 AVENUE'
[COL] BIN 1047101: 'Street Name' conflicto {'5 AVENUE', 'FIFTH AVENUE'}, usando 'FIFTH AVENUE'
[COL] BIN 1047124: 'House No' conflicto {'1180', '75'}, usando '1180'
[COL] BIN 1047124: 'Street Name' conflicto {'PARK AVENUE', 'EAST   93 STREET'}, usando 'PARK AVENUE'
[COL] BIN 1047134: 'Street Name' conflicto {'5 AVENUE', 'FIFTH AVENUE'}, usando '5 AVENUE'
[COL] BIN 1047171: 'House No' conflicto {'40', '1335'}, usando '40'
[COL] BIN 1047171: 'Street Name' conflicto {'EAST   94 STREET', 'MADISON AVENUE'}, usando 'EAST   94 STREET'
[COL] BIN 1047390: 'Street Name' conflicto {'5 AVENUE', 'FIFTH AVENUE'}, usando 'FIFTH AVENUE'
[COL] BIN 1047403: 'House No' conflicto {'30', '1350'}, usando '1350'
[COL] BIN 1047403: 'Street Name' conflicto {'EAST   95 STREET', 'MADISON AVENUE'}, usando 'MADISON AVENUE'
[COL] BIN 1047413: 'Street Name' conflicto {'5 AVENUE', 'FIFTH AVENUE'}, usando '5 AVENUE'
[COL] BIN 1047418: 'Street Name' conflicto {'5 AVENUE', 'FIFTH AVENUE'}, usando '5 AVENUE'
[COL] BIN 1047428: 'House No' conflicto {'55', '53'}, usando '53'
[COL] BIN 1047435: 'House No' conflicto {'50', '1375', '1371'}, usando '50'
[COL] BIN 1047435: 'Street Name' conflicto {'EAST   96 STREET', 'MADISON AVENUE'}, usando 'EAST   96 STREET'
[COL] BIN 1047436: 'House No' conflicto {'16', '1378', '1366'}, usando '1378'
[COL] BIN 1047436: 'Street Name' conflicto {'EAST   96 STREET', 'MADISON AVENUE'}, usando 'MADISON AVENUE'
[COL] BIN 1047439: 'Street Name' conflicto {'5 AVENUE', 'FIFTH AVENUE'}, usando 'FIFTH AVENUE'
[COL] BIN 1047460: 'House No' conflicto {'901', '903'}, usando '901'
[COL] BIN 1047509: 'House No' conflicto {'1170', '133'}, usando '133'
[COL] BIN 1047509: 'Street Name' conflicto {'EAST   80 STREET', 'LEXINGTON AVENUE'}, usando 'EAST   80 STREET'
[COL] BIN 1047510: 'House No' conflicto {'151', '1173', '1175'}, usando '151'
[COL] BIN 1047510: 'Street Name' conflicto {'EAST   80 STREET', 'LEXINGTON AVENUE'}, usando 'EAST   80 STREET'
[COL] BIN 1047536: 'House No' conflicto {'120', '1184', '121'}, usando '120'
[COL] BIN 1047536: 'Street Name' conflicto {'EAST   80 STREET', 'EAST   81 STREET', 'LEXINGTON AVENUE'}, usando 'EAST   81 STREET'
[COL] BIN 1047547: 'Street Name' conflicto {'EAST   80 STREET', 'EAST 80 STREET'}, usando 'EAST 80 STREET'
[COL] BIN 1047559: 'House No' conflicto {'1190', '131'}, usando '131'
[COL] BIN 1047559: 'Street Name' conflicto {'EAST   81 STREET', 'LEXINGTON AVENUE'}, usando 'EAST   81 STREET'
[COL] BIN 1047561: 'House No' conflicto {'1195', '145'}, usando '145'
[COL] BIN 1047561: 'Street Name' conflicto {'EAST   81 STREET', 'LEXINGTON AVENUE'}, usando 'EAST   81 STREET'
[COL] BIN 1047568: 'House No' conflicto {'1430', '171'}, usando '171'
[COL] BIN 1047568: 'Street Name' conflicto {'3 AVENUE', 'EAST   81 STREET', 'THIRD AVENUE'}, usando 'EAST   81 STREET'
[COL] BIN 1047572: 'House No' conflicto {'176', '1444'}, usando '1444'
[COL] BIN 1047572: 'Street Name' conflicto {'3 AVENUE', 'THIRD AVENUE', 'EAST   82 STREET'}, usando '3 AVENUE'
[COL] BIN 1047593: 'House No' conflicto {'110', '108'}, usando '108'
[COL] BIN 1047627: 'House No' conflicto {'1221', '140'}, usando '140'
[COL] BIN 1047627: 'Street Name' conflicto {'LEXINGTON AVENUE', 'EAST   83 STREET'}, usando 'EAST   83 STREET'
[COL] BIN 1047649: 'House No' conflicto {'1228', '131'}, usando '131'
[COL] BIN 1047649: 'Street Name' conflicto {'LEXINGTON AVENUE', 'EAST   83 STREET'}, usando 'EAST   83 STREET'
[COL] BIN 1047654: 'House No' conflicto {'160', '158'}, usando '160'
[COL] BIN 1047660: 'House No' conflicto {'1246', '1240'}, usando '1240'
[COL] BIN 1047678: 'Street Name' conflicto {'3 AVENUE', 'THIRD AVENUE'}, usando 'THIRD AVENUE'
[COL] BIN 1047692: 'House No' conflicto {'1260', '132'}, usando '132'
[COL] BIN 1047692: 'Street Name' conflicto {'LEXINGTON AVENUE', 'EAST   85 STREET'}, usando 'EAST   85 STREET'
[COL] BIN 1047704: 'House No' conflicto {'1492', '171'}, usando '171'
[COL] BIN 1047704: 'Street Name' conflicto {'3 AVENUE', 'EAST   84 STREET', 'THIRD AVENUE'}, usando 'EAST   84 STREET'
[COL] BIN 1047931: 'House No' conflicto {'1270', '1264'}, usando '1270'
[COL] BIN 1047938: 'House No' conflicto {'185', '182', '154'}, usando '185'
[COL] BIN 1047938: 'Street Name' conflicto {'EAST   86 STREET', 'EAST   85 STREET'}, usando 'EAST   85 STREET'
[COL] BIN 1047955: 'House No' conflicto {'125', '1280', '120'}, usando '120'
[COL] BIN 1047955: 'Street Name' conflicto {'EAST   86 STREET', 'EAST   87 STREET', 'LEXINGTON AVENUE'}, usando 'EAST   87 STREET'
[COL] BIN 1047959: 'House No' conflicto {'165', '163'}, usando '165'
[COL] BIN 1047961: 'House No' conflicto {'1542', '170'}, usando '170'
[COL] BIN 1047961: 'Street Name' conflicto {'3 AVENUE', 'EAST   87 STREET', 'THIRD AVENUE'}, usando 'EAST   87 STREET'
[COL] BIN 1048053: 'House No' conflicto {'177', '1550', '1556'}, usando '1556'
[COL] BIN 1048053: 'Street Name' conflicto {'3 AVENUE', 'EAST   87 STREET', 'THIRD AVENUE'}, usando '3 AVENUE'
[COL] BIN 1048099: 'House No' conflicto {'120', '1338', '1336'}, usando '1336'
[COL] BIN 1048099: 'Street Name' conflicto {'EAST   89 STREET', 'LEXINGTON AVENUE'}, usando 'LEXINGTON AVENUE'
[COL] BIN 1048117: 'House No' conflicto {'141', '1343'}, usando '141'
[COL] BIN 1048117: 'Street Name' conflicto {'EAST   89 STREET', 'LEXINGTON AVENUE'}, usando 'EAST   89 STREET'
[COL] BIN 1048122: 'House No' conflicto {'1590', '171'}, usando '171'
[COL] BIN 1048122: 'Street Name' conflicto {'EAST   89 STREET', '3 AVENUE'}, usando 'EAST   89 STREET'
[COL] BIN 1048139: 'House No' conflicto {'120', '1354', '1356'}, usando '120'
[COL] BIN 1048139: 'Street Name' conflicto {'LEXINGTON AVENUE', 'EAST   90 STREET'}, usando 'EAST   90 STREET'
[COL] BIN 1048365: 'House No' conflicto {'1418', '1412', '134'}, usando '1418'
[COL] BIN 1048365: 'Street Name' conflicto {'EAST   93 STREET', 'LEXINGTON AVENUE'}, usando 'LEXINGTON AVENUE'
[COL] BIN 1048419: 'House No' conflicto {'1450', '139'}, usando '139'
[COL] BIN 1048419: 'Street Name' conflicto {'EAST   94 STREET', 'LEXINGTON AVENUE'}, usando 'EAST   94 STREET'
[COL] BIN 1048448: 'House No' conflicto {'1466', '140'}, usando '140'
[COL] BIN 1048448: 'Street Name' conflicto {'EAST   95 STREET', 'LEXINGTON AVENUE'}, usando 'EAST   95 STREET'
[COL] BIN 1048509: 'House No' conflicto {'201', '1407', '1409'}, usando '201'
[COL] BIN 1048509: 'Street Name' conflicto {'THIRD AVENUE', 'EAST   79 STREET'}, usando 'EAST   79 STREET'
[COL] BIN 1048515: 'House No' conflicto {'239', '1535'}, usando '239'
[COL] BIN 1048515: 'Street Name' conflicto {'EAST   79 STREET', 'SECOND AVENUE'}, usando 'EAST   79 STREET'
[COL] BIN 1048524: 'Street Name' conflicto {'3 AVENUE', 'THIRD AVENUE'}, usando '3 AVENUE'
[COL] BIN 1048532: 'House No' conflicto {'245', '1543'}, usando '245'
[COL] BIN 1048532: 'Street Name' conflicto {'EAST   80 STREET', '2 AVENUE'}, usando 'EAST   80 STREET'
[COL] BIN 1048547: 'House No' conflicto {'200', '1431'}, usando '200'
[COL] BIN 1048547: 'Street Name' conflicto {'3 AVENUE', 'EAST   81 STREET'}, usando 'EAST   81 STREET'
[COL] BIN 1048553: 'House No' conflicto {'201', '1435'}, usando '201'
[COL] BIN 1048553: 'Street Name' conflicto {'3 AVENUE', 'EAST   81 STREET'}, usando 'EAST   81 STREET'
[COL] BIN 1048569: 'House No' conflicto {'240', '1575', '1571'}, usando '240'
[COL] BIN 1048569: 'Street Name' conflicto {'2 AVENUE', 'EAST   82 STREET'}, usando 'EAST   82 STREET'
[COL] BIN 1048579: 'House No' conflicto {'200', '1445'}, usando '200'
[COL] BIN 1048579: 'Street Name' conflicto {'3 AVENUE', 'EAST   82 STREET'}, usando 'EAST   82 STREET'
[COL] BIN 1048582: 'Street Name' conflicto {'3 AVENUE', 'THIRD AVENUE'}, usando '3 AVENUE'
[COL] BIN 1048721: 'House No' conflicto {'200', '1481'}, usando '200'
[COL] BIN 1048721: 'Street Name' conflicto {'EAST   84 STREET', 'THIRD AVENUE'}, usando 'EAST   84 STREET'
[COL] BIN 1048762: 'Street Name' conflicto {'3 AVENUE', 'THIRD AVENUE'}, usando '3 AVENUE'
[COL] BIN 1048769: 'Street Name' conflicto {'2 AVENUE', 'SECOND AVENUE'}, usando '2 AVENUE'
[COL] BIN 1048787: 'House No' conflicto {'201', '1529'}, usando '201'
[COL] BIN 1048787: 'Street Name' conflicto {'EAST   86 STREET', '3 AVENUE'}, usando 'EAST   86 STREET'
[COL] BIN 1048792: 'House No' conflicto {'225', '223'}, usando '223'
[COL] BIN 1048828: 'Street Name' conflicto {'3 AVENUE', 'THIRD AVENUE'}, usando '3 AVENUE'
[COL] BIN 1048851: 'Street Name' conflicto {'2 AVENUE', 'SECOND AVENUE'}, usando 'SECOND AVENUE'
[COL] BIN 1048914: 'Street Name' conflicto {'2 AVENUE', 'SECOND AVENUE'}, usando '2 AVENUE'
[COL] BIN 1048915: 'House No' conflicto {'1645', '1649', '1651'}, usando '1645'
[COL] BIN 1048915: 'Street Name' conflicto {'3 AVENUE', 'THIRD AVENUE'}, usando '3 AVENUE'
[COL] BIN 1048916: 'House No' conflicto {'200', '201'}, usando '201'
[COL] BIN 1048916: 'Street Name' conflicto {'EAST   94 STREET', 'EAST   93 STREET'}, usando 'EAST   93 STREET'
[COL] BIN 1048918: 'House No' conflicto {'1805', '245', '250', '1801'}, usando '245'
[COL] BIN 1048918: 'Street Name' conflicto {'EAST   94 STREET', 'EAST   93 STREET', '2 AVENUE'}, usando 'EAST   93 STREET'
[COL] BIN 1049245: 'House No' conflicto {'205', '1703'}, usando '205'
[COL] BIN 1049245: 'Street Name' conflicto {'THIRD AVENUE', 'EAST   95 STREET'}, usando 'EAST   95 STREET'
[COL] BIN 1049251: 'House No' conflicto {'333', '340'}, usando '333'
[COL] BIN 1049251: 'Street Name' conflicto {'EAST   80 STREET', 'EAST   79 STREET'}, usando 'EAST   79 STREET'
[COL] BIN 1049260: 'Street Name' conflicto {'2 AVENUE', 'SECOND AVENUE'}, usando '2 AVENUE'
[COL] BIN 1049261: 'House No' conflicto {'1522', '301'}, usando '301'
[COL] BIN 1049261: 'Street Name' conflicto {'2 AVENUE', 'EAST   79 STREET'}, usando 'EAST   79 STREET'
[COL] BIN 1049869: 'House No' conflicto {'1562', '301'}, usando '301'
[COL] BIN 1049869: 'Street Name' conflicto {'EAST   81 STREET', 'SECOND AVENUE'}, usando 'EAST   81 STREET'
[COL] BIN 1049916: 'House No' conflicto {'1602', '303'}, usando '1602'
[COL] BIN 1049916: 'Street Name' conflicto {'EAST   83 STREET', 'SECOND AVENUE'}, usando 'SECOND AVENUE'
[COL] BIN 1049932: 'House No' conflicto {'1615', '354'}, usando '1615'
[COL] BIN 1049932: 'Street Name' conflicto {'1 AVENUE', 'EAST   84 STREET'}, usando '1 AVENUE'
[COL] BIN 1049968: 'House No' conflicto {'351', '1631'}, usando '351'
[COL] BIN 1049968: 'Street Name' conflicto {'EAST   84 STREET', '1 AVENUE'}, usando 'EAST   84 STREET'
[COL] BIN 1050016: 'House No' conflicto {'310', '308'}, usando '308'
[COL] BIN 1050016: 'LOT' conflicto {'7503', '146'}, usando '7503'
[COL] BIN 1050017: 'House No' conflicto {'300', '1656'}, usando '300'
[COL] BIN 1050017: 'Street Name' conflicto {'EAST   86 STREET', '2 AVENUE'}, usando 'EAST   86 STREET'
[COL] BIN 1050019: 'Street Name' conflicto {'2 AVENUE', 'SECOND AVENUE'}, usando '2 AVENUE'
[COL] BIN 1050031: 'House No' conflicto {'355', '1655'}, usando '1655'
[COL] BIN 1050031: 'Street Name' conflicto {'EAST   86 STREET', '1 AVENUE'}, usando '1 AVENUE'
[COL] BIN 1050033: 'Street Name' conflicto {'1 AVENUE', 'FIRST AVENUE'}, usando '1 AVENUE'
[COL] BIN 1050059: 'Street Name' conflicto {'2 AVENUE', 'SECOND AVENUE'}, usando 'SECOND AVENUE'
[COL] BIN 1050288: 'House No' conflicto {'345', '1805'}, usando '345'
[COL] BIN 1050288: 'Street Name' conflicto {'EAST   93 STREET', 'FIRST AVENUE'}, usando 'EAST   93 STREET'
[COL] BIN 1050296: 'House No' conflicto {'320', '312'}, usando '320'
[COL] BIN 1050324: 'House No' conflicto {'301', '1824'}, usando '1824'
[COL] BIN 1050324: 'Street Name' conflicto {'EAST   94 STREET', '2 AVENUE'}, usando '2 AVENUE'
[COL] BIN 1050368: 'House No' conflicto {'443', '1515', '445'}, usando '445'
[COL] BIN 1050368: 'Street Name' conflicto {'EAST   80 STREET', 'YORK AVENUE'}, usando 'EAST   80 STREET'
[COL] BIN 1050403: 'Street Name' conflicto {'1 AVENUE', 'FIRST AVENUE'}, usando '1 AVENUE'
[COL] BIN 1050520: 'House No' conflicto {'1624', '400', '1630'}, usando '400'
[COL] BIN 1050520: 'Street Name' conflicto {'EAST   85 STREET', 'FIRST AVENUE'}, usando 'EAST   85 STREET'
[COL] BIN 1050542: 'House No' conflicto {'1629', '446'}, usando '1629'
[COL] BIN 1050542: 'Street Name' conflicto {'YORK AVENUE', 'EAST   86 STREET'}, usando 'YORK AVENUE'
[COL] BIN 1050560: 'House No' conflicto {'1666', '400'}, usando '1666'
[COL] BIN 1050560: 'Street Name' conflicto {'EAST   87 STREET', 'FIRST AVENUE'}, usando 'FIRST AVENUE'
[COL] BIN 1050614: 'House No' conflicto {'401', '1700'}, usando '1700'
[COL] BIN 1050614: 'Street Name' conflicto {'1 AVENUE', 'EAST   88 STREET'}, usando '1 AVENUE'
[COL] BIN 1051207: 'House No' conflicto {'1592', '500'}, usando '500'
[COL] BIN 1051207: 'Street Name' conflicto {'YORK AVENUE', 'EAST   84 STREET'}, usando 'EAST   84 STREET'
[COL] BIN 1051230: 'House No' conflicto {'1596', '500'}, usando '500'
[COL] BIN 1051230: 'Street Name' conflicto {'YORK AVENUE', 'EAST   85 STREET'}, usando 'EAST   85 STREET'
[COL] BIN 1051260: 'House No' conflicto {'515', '511'}, usando '511'
[COL] BIN 1051312: 'House No' conflicto {'1658', '501'}, usando '1658'
[COL] BIN 1051312: 'Street Name' conflicto {'YORK AVENUE', 'EAST   87 STREET'}, usando 'YORK AVENUE'
[DUP] BIN 1051340: Job Filing duplicado 'M01173852-P2' eliminado
[COL] BIN 1051381: 'House No' conflicto {'605', '607', '1'}, usando '1'
[COL] BIN 1051381: 'Street Name' conflicto {'GRACIE TERRACE', 'EAST   82 STREET'}, usando 'GRACIE TERRACE'
[COL] BIN 1051393: 'Street Name' conflicto {'WEST  110 STREET', 'CENTRAL PARK NORTH'}, usando 'CENTRAL PARK NORTH'
[COL] BIN 1051394: 'Street Name' conflicto {'WEST  110 STREET', 'CENTRAL PARK NORTH'}, usando 'CENTRAL PARK NORTH'
[COL] BIN 1051437: 'Street Name' conflicto {'5 AVENUE', 'FIFTH AVENUE'}, usando '5 AVENUE'
[COL] BIN 1051442: 'House No' conflicto {'1380', '21'}, usando '1380'
[COL] BIN 1051442: 'Street Name' conflicto {'EAST   96 STREET', 'MADISON AVENUE'}, usando 'MADISON AVENUE'
[COL] BIN 1051443: 'House No' conflicto {'49', '1381'}, usando '49'
[COL] BIN 1051443: 'Street Name' conflicto {'EAST   96 STREET', 'MADISON AVENUE'}, usando 'EAST   96 STREET'
[COL] BIN 1051448: 'House No' conflicto {'1252', '72'}, usando '72'
[COL] BIN 1051448: 'Street Name' conflicto {'PARK AVENUE', 'EAST   97 STREET'}, usando 'EAST   97 STREET'
[COL] BIN 1051458: 'Street Name' conflicto {'5 AVENUE', 'FIFTH AVENUE'}, usando '5 AVENUE'
[COL] BIN 1051480: 'Street Name' conflicto {'5 AVENUE', 'FIFTH AVENUE'}, usando '5 AVENUE'
[COL] BIN 1051482: 'Street Name' conflicto {'5 AVENUE', 'FIFTH AVENUE'}, usando '5 AVENUE'
[COL] BIN 1051485: 'House No' conflicto {'1294', '1425', '1421'}, usando '1421'
[COL] BIN 1051485: 'Street Name' conflicto {'PARK AVENUE', 'MADISON AVENUE'}, usando 'MADISON AVENUE'
[COL] BIN 1051486: 'Street Name' conflicto {'5 AVENUE', 'FIFTH AVENUE'}, usando 'FIFTH AVENUE'
[COL] BIN 1051490: 'Street Name' conflicto {'5 AVENUE', 'FIFTH AVENUE'}, usando '5 AVENUE'
[COL] BIN 1051491: 'Street Name' conflicto {'5 AVENUE', 'FIFTH AVENUE'}, usando '5 AVENUE'
[COL] BIN 1051494: 'House No' conflicto {'1514', '26'}, usando '1514'
[COL] BIN 1051494: 'Street Name' conflicto {'EAST  103 STREET', 'MADISON AVENUE'}, usando 'MADISON AVENUE'
[COL] BIN 1051495: 'Street Name' conflicto {'EAST  103 STREET', 'EAST 103 STREET'}, usando 'EAST 103 STREET'
[COL] BIN 1051499: 'Street Name' conflicto {'5 AVENUE', 'FIFTH AVENUE'}, usando '5 AVENUE'
[COL] BIN 1051514: 'House No' conflicto {'1250', '4', '1590'}, usando '1590'
[COL] BIN 1051514: 'Street Name' conflicto {'EAST  107 STREET', '5 AVENUE', 'MADISON AVENUE'}, usando 'MADISON AVENUE'
[COL] BIN 1051516: 'Street Name' conflicto {'5 AVENUE', 'FIFTH AVENUE'}, usando '5 AVENUE'
[COL] BIN 1051578: 'Street Name' conflicto {'5 AVENUE', 'FIFTH AVENUE'}, usando '5 AVENUE'
[COL] BIN 1051601: 'House No' conflicto {'23', '1640', '1632'}, usando '23'
[COL] BIN 1051601: 'Street Name' conflicto {'EAST  109 STREET', 'MADISON AVENUE'}, usando 'EAST  109 STREET'
[COL] BIN 1051605: 'House No' conflicto {'1650', '20'}, usando '20'
[COL] BIN 1051605: 'Street Name' conflicto {'MADISON AVENUE', 'EAST  110 STREET'}, usando 'EAST  110 STREET'
[COL] BIN 1051897: 'House No' conflicto {'148', '1629'}, usando '148'
[COL] BIN 1051897: 'Street Name' conflicto {'EAST  103 STREET', 'LEXINGTON AVENUE'}, usando 'EAST  103 STREET'
[COL] BIN 1051966: 'Street Name' conflicto {'3 AVENUE', 'THIRD AVENUE'}, usando 'THIRD AVENUE'
[COL] BIN 1052058: 'House No' conflicto {'100', '110', '104'}, usando '110'
[COL] BIN 1052405: 'House No' conflicto {'1911', '1913'}, usando '1911'
[COL] BIN 1052405: 'Street Name' conflicto {'3 AVENUE', 'THIRD AVENUE'}, usando '3 AVENUE'
[COL] BIN 1052415: 'Street Name' conflicto {'2 AVENUE', 'SECOND AVENUE'}, usando 'SECOND AVENUE'
[COL] BIN 1052673: 'Street Name' conflicto {'2 AVENUE', 'SECOND AVENUE'}, usando 'SECOND AVENUE'
[COL] BIN 1052687: 'Street Name' conflicto {'1 AVENUE', 'FIRST AVENUE'}, usando 'FIRST AVENUE'
[COL] BIN 1052720: 'Street Name' conflicto {'1 AVENUE', 'FIRST AVENUE'}, usando '1 AVENUE'
[COL] BIN 1052801: 'Street Name' conflicto {'2 AVENUE', 'SECOND AVENUE'}, usando 'SECOND AVENUE'
[COL] BIN 1052819: 'Street Name' conflicto {'2 AVENUE', 'SECOND AVENUE'}, usando 'SECOND AVENUE'
[COL] BIN 1052828: 'Street Name' conflicto {'2 AVENUE', 'SECOND AVENUE'}, usando 'SECOND AVENUE'
[COL] BIN 1052856: 'Street Name' conflicto {'2 AVENUE', 'SECOND AVENUE'}, usando 'SECOND AVENUE'
[COL] BIN 1052973: 'House No' conflicto {'2274', '2276'}, usando '2274'
[COL] BIN 1053176: 'House No' conflicto {'162', '168'}, usando '168'
[COL] BIN 1053222: 'House No' conflicto {'86', '170'}, usando '170'
[COL] BIN 1053222: 'Street Name' conflicto {'WEST  119 STREET', 'LENOX AVENUE'}, usando 'LENOX AVENUE'
[COL] BIN 1053232: 'House No' conflicto {'95', '180'}, usando '95'
[COL] BIN 1053232: 'Street Name' conflicto {'WEST  119 STREET', 'LENOX AVENUE'}, usando 'WEST  119 STREET'
[COL] BIN 1053433: 'House No' conflicto {'35', '50'}, usando '50'
[COL] BIN 1053433: 'Street Name' conflicto {'MT MORRIS PARK WEST', 'WEST  124 STREET'}, usando 'WEST  124 STREET'
[COL] BIN 1053466: 'House No' conflicto {'2', '2018'}, usando '2'
[COL] BIN 1053466: 'Street Name' conflicto {'WEST  125 STREET', '5 AVENUE'}, usando 'WEST  125 STREET'
[COL] BIN 1053478: 'House No' conflicto {'60', '56'}, usando '56'
[COL] BIN 1053494: 'House No' conflicto {'83', '79'}, usando '79'
[COL] BIN 1053503: 'House No' conflicto {'27', '17'}, usando '27'
[COL] BIN 1053506: 'Street Name' conflicto {'5 AVENUE', 'FIFTH AVENUE'}, usando '5 AVENUE'
[COL] BIN 1053610: 'House No' conflicto {'81', '340'}, usando '340'
[COL] BIN 1053610: 'Street Name' conflicto {'WEST  127 STREET', 'LENOX AVENUE'}, usando 'LENOX AVENUE'
[COL] BIN 1053712: 'House No' conflicto {'370', '60'}, usando '60'
[COL] BIN 1053712: 'Street Name' conflicto {'WEST  129 STREET', 'LENOX AVENUE'}, usando 'WEST  129 STREET'
[COL] BIN 1053712: 'LOT' conflicto {'7503', '69'}, usando '7503'
[COL] BIN 1053885: 'House No' conflicto {'444', '454'}, usando '454'
[COL] BIN 1053937: 'House No' conflicto {'592', '580'}, usando '580'
[COL] BIN 1053941: 'House No' conflicto {'2350', '2340'}, usando '2350'
[COL] BIN 1053941: 'Street Name' conflicto {'5 AVENUE', 'FIFTH AVENUE'}, usando 'FIFTH AVENUE'
[COL] BIN 1054006: 'House No' conflicto {'1931', '1933'}, usando '1933'
[COL] BIN 1054415: 'House No' conflicto {'2246', '2250'}, usando '2246'
[COL] BIN 1054415: 'Street Name' conflicto {'3 AVENUE', 'THIRD AVENUE'}, usando 'THIRD AVENUE'
[COL] BIN 1054418: 'LOT' conflicto {'7501', '44'}, usando '7501'
[COL] BIN 1054435: 'House No' conflicto {'2264', '2262'}, usando '2262'
[COL] BIN 1054478: 'LOT' conflicto {'7503', '20'}, usando '20'
[COL] BIN 1054626: 'Street Name' conflicto {'3 AVENUE', 'THIRD AVENUE'}, usando 'THIRD AVENUE'
[COL] BIN 1054628: 'House No' conflicto {'2385', '2383', '231'}, usando '2385'
[COL] BIN 1054628: 'Street Name' conflicto {'EAST  122 STREET', '2 AVENUE'}, usando '2 AVENUE'
[COL] BIN 1054629: 'House No' conflicto {'240', '230'}, usando '230'
[COL] BIN 1054630: 'Street Name' conflicto {'3 AVENUE', 'THIRD AVENUE'}, usando 'THIRD AVENUE'
[COL] BIN 1054682: 'LOT' conflicto {'7501', '1'}, usando '7501'
[COL] BIN 1054888: 'House No' conflicto {'413', '421'}, usando '421'
[COL] BIN 1054922: 'Street Name' conflicto {'WEST  110 STREET', 'CENTRAL PARK NORTH'}, usando 'WEST  110 STREET'
[COL] BIN 1054938: 'Street Name' conflicto {'ADAM CLAYTON POWELL BOULEVARD', 'ADAM CLAYTON POWELL JR BOULEVARD', '7 AVENUE'}, usando '7 AVENUE'
[COL] BIN 1055002: 'Street Name' conflicto {'ADAM CLAYTON POWELL BOULEVARD', '7 AVENUE'}, usando '7 AVENUE'
[COL] BIN 1055046: 'House No' conflicto {'103', '101'}, usando '103'
[COL] BIN 1055046: 'Street Name' conflicto {'WEST  115 STREET', 'LENOX AVENUE'}, usando 'LENOX AVENUE'
[COL] BIN 1055061: 'Street Name' conflicto {'WEST  110 STREET', 'CENTRAL PARK NORTH'}, usando 'CENTRAL PARK NORTH'
[COL] BIN 1055157: 'Street Name' conflicto {'ADAM CLAYTON POWELL JR BOULEVARD', '7 AVENUE'}, usando 'ADAM CLAYTON POWELL JR BOULEVARD'
[COL] BIN 1055158: 'Street Name' conflicto {'ADAM CLAYTON POWELL JR BOULEVARD', '7 AVENUE'}, usando 'ADAM CLAYTON POWELL JR BOULEVARD'
[COL] BIN 1055206: 'House No' conflicto {'1890', '1890 AVE'}, usando '1890'
[COL] BIN 1055206: 'Street Name' conflicto {'ADAM CLAYTON POWELL JR BOULEVARD', 'ADAM CLAYTON POWELL BOULEVARD', '7 AVENUE'}, usando 'ADAM CLAYTON POWELL BOULEVARD'
[COL] BIN 1055254: 'House No' conflicto {'747', '741', '65'}, usando '65'
[COL] BIN 1055254: 'Street Name' conflicto {'COLUMBUS AVENUE', 'WEST   96 STREET'}, usando 'WEST   96 STREET'
[COL] BIN 1055495: 'Street Name' conflicto {'CPW', 'CENTRAL PARK WEST'}, usando 'CPW'
[COL] BIN 1055708: 'House No' conflicto {'981', '73'}, usando '981'
[COL] BIN 1055708: 'Street Name' conflicto {'COLUMBUS AVENUE', 'WEST  108 STREET'}, usando 'COLUMBUS AVENUE'
[COL] BIN 1055892: 'House No' conflicto {'143', '145'}, usando '145'
[COL] BIN 1056034: 'Street Name' conflicto {'WEST  110 STREET', 'CATHEDRAL PARKWAY'}, usando 'WEST  110 STREET'
[COL] BIN 1056035: 'House No' conflicto {'1111', '1101'}, usando '1111'
[COL] BIN 1056062: 'House No' conflicto {'748', '740'}, usando '740'
[COL] BIN 1056064: 'House No' conflicto {'2568', '230', '2574'}, usando '230'
[COL] BIN 1056064: 'Street Name' conflicto {'BROADWAY', 'WEST   97 STREET'}, usando 'WEST   97 STREET'
[COL] BIN 1056068: 'House No' conflicto {'2565', '2575', '2571', '2563', '275', '240'}, usando '2563'
[COL] BIN 1056068: 'Street Name' conflicto {'BROADWAY', 'WEST   96 STREET', 'WEST   97 STREET'}, usando 'BROADWAY'
[COL] BIN 1056377: 'House No' conflicto {'207', '209'}, usando '207'
[COL] BIN 1056383: 'House No' conflicto {'2592', '220'}, usando '220'
[COL] BIN 1056383: 'Street Name' conflicto {'BROADWAY', 'WEST   98 STREET'}, usando 'WEST   98 STREET'
[COL] BIN 1056384: 'House No' conflicto {'240', '2599'}, usando '240'
[COL] BIN 1056384: 'Street Name' conflicto {'BROADWAY', 'WEST   98 STREET'}, usando 'WEST   98 STREET'
[COL] BIN 1056414: 'House No' conflicto {'243', '2603', '2605'}, usando '243'
[COL] BIN 1056414: 'Street Name' conflicto {'BROADWAY', 'WEST   98 STREET'}, usando 'WEST   98 STREET'
[COL] BIN 1056456: 'House No' conflicto {'243', '2621'}, usando '243'
[COL] BIN 1056456: 'Street Name' conflicto {'BROADWAY', 'WEST   99 STREET'}, usando 'WEST   99 STREET'
[COL] BIN 1056466: 'House No' conflicto {'250', '2637'}, usando '250'
[COL] BIN 1056466: 'Street Name' conflicto {'BROADWAY', 'WEST  100 STREET'}, usando 'WEST  100 STREET'
[COL] BIN 1056483: 'House No' conflicto {'820', '830'}, usando '820'
[COL] BIN 1056485: 'House No' conflicto {'210', '2652'}, usando '210'
[COL] BIN 1056485: 'Street Name' conflicto {'BROADWAY', 'WEST  101 STREET'}, usando 'WEST  101 STREET'
[COL] BIN 1056486: 'House No' conflicto {'2649', '2647'}, usando '2647'
[COL] BIN 1056517: 'House No' conflicto {'2672', '216'}, usando '216'
[COL] BIN 1056517: 'Street Name' conflicto {'WEST  102 STREET', 'BROADWAY'}, usando 'WEST  102 STREET'
[COL] BIN 1056518: 'House No' conflicto {'240', '2673', '2675'}, usando '2675'
[COL] BIN 1056518: 'Street Name' conflicto {'WEST  102 STREET', 'BROADWAY'}, usando 'BROADWAY'
[COL] BIN 1056539: 'House No' conflicto {'2684', '211', '2680'}, usando '211'
[COL] BIN 1056539: 'Street Name' conflicto {'WEST  102 STREET', 'BROADWAY'}, usando 'WEST  102 STREET'
[COL] BIN 1056558: 'House No' conflicto {'235', '2681'}, usando '235'
[COL] BIN 1056558: 'Street Name' conflicto {'WEST  102 STREET', 'BROADWAY'}, usando 'WEST  102 STREET'
[COL] BIN 1056583: 'House No' conflicto {'2721', '245'}, usando '245'
[COL] BIN 1056583: 'Street Name' conflicto {'BROADWAY', 'WEST  104 STREET'}, usando 'WEST  104 STREET'
[COL] BIN 1056607: 'House No' conflicto {'924', '2745'}, usando '924'
[COL] BIN 1056607: 'Street Name' conflicto {'BROADWAY', 'WEST END AVENUE'}, usando 'WEST END AVENUE'
[COL] BIN 1056614: 'House No' conflicto {'201', '924'}, usando '201'
[COL] BIN 1056614: 'Street Name' conflicto {'AMSTERDAM AVENUE', 'WEST  105 STREET'}, usando 'WEST  105 STREET'
[COL] BIN 1056630: 'House No' conflicto {'2751', '2749', '930'}, usando '2751'
[COL] BIN 1056630: 'Street Name' conflicto {'BROADWAY', 'WEST END AVENUE'}, usando 'BROADWAY'
[COL] BIN 1056631: 'House No' conflicto {'225', '2760'}, usando '2760'
[COL] BIN 1056631: 'Street Name' conflicto {'BROADWAY', 'WEST  106 STREET'}, usando 'BROADWAY'
[COL] BIN 1056636: 'House No' conflicto {'203', '207'}, usando '203'
[COL] BIN 1056637: 'House No' conflicto {'201', '936'}, usando '936'
[COL] BIN 1056637: 'Street Name' conflicto {'AMSTERDAM AVENUE', 'WEST  106 STREET'}, usando 'AMSTERDAM AVENUE'
[COL] BIN 1056646: 'House No' conflicto {'2770', '272'}, usando '2770'
[COL] BIN 1056646: 'Street Name' conflicto {'BROADWAY', 'WEST  107 STREET'}, usando 'BROADWAY'
[COL] BIN 1056647: 'House No' conflicto {'2780', '245'}, usando '2780'
[COL] BIN 1056647: 'Street Name' conflicto {'BROADWAY', 'WEST  107 STREET'}, usando 'BROADWAY'
[COL] BIN 1056672: 'House No' conflicto {'256', '252', '2794'}, usando '252'
[COL] BIN 1056672: 'Street Name' conflicto {'BROADWAY', 'WEST  108 STREET'}, usando 'WEST  108 STREET'
[COL] BIN 1056673: 'House No' conflicto {'2804', '255'}, usando '255'
[COL] BIN 1056673: 'Street Name' conflicto {'BROADWAY', 'WEST  108 STREET'}, usando 'WEST  108 STREET'
[COL] BIN 1056676: 'House No' conflicto {'233', '234'}, usando '234'
[COL] BIN 1056676: 'Street Name' conflicto {'WEST  108 STREET', 'WEST  109 STREET'}, usando 'WEST  109 STREET'
[COL] BIN 1056690: 'House No' conflicto {'2818', '2810', '2814', '2812'}, usando '2810'
[COL] BIN 1056712: 'House No' conflicto {'996 A', '992'}, usando '992'
[COL] BIN 1056909: 'House No' conflicto {'500', '1030'}, usando '1030'
[COL] BIN 1056909: 'Street Name' conflicto {'AMSTERDAM AVENUE', 'WEST  111 STREET'}, usando 'AMSTERDAM AVENUE'
[COL] BIN 1056917: 'House No' conflicto {'2850', '2848'}, usando '2850'
[COL] BIN 1056978: 'House No' conflicto {'515', '513'}, usando '513'
[COL] BIN 1056988: 'House No' conflicto {'542', '2878'}, usando '2878'
[COL] BIN 1056988: 'Street Name' conflicto {'BROADWAY', 'WEST  112 STREET'}, usando 'BROADWAY'
[COL] BIN 1056989: 'House No' conflicto {'545', '2884', '2888'}, usando '2888'
[COL] BIN 1056989: 'Street Name' conflicto {'BROADWAY', 'WEST  112 STREET'}, usando 'BROADWAY'
[COL] BIN 1057061: 'House No' conflicto {'306', '308'}, usando '308'
[COL] BIN 1057082: 'House No' conflicto {'779', '785'}, usando '779'
[COL] BIN 1057090: 'Street Name' conflicto {'WEST END AVENUE', 'WEA'}, usando 'WEA'
[COL] BIN 1057136: 'Street Name' conflicto {'WEA', 'WEST END AVENUE'}, usando 'WEST END AVENUE'
[COL] BIN 1057181: 'House No' conflicto {'861', '865'}, usando '861'
[COL] BIN 1057182: 'House No' conflicto {'875', '871'}, usando '875'
[COL] BIN 1057214: 'House No' conflicto {'309', '305'}, usando '305'
[COL] BIN 1057263: 'House No' conflicto {'301', '945'}, usando '945'
[COL] BIN 1057263: 'Street Name' conflicto {'WEST  106 STREET', 'WEST END AVENUE'}, usando 'WEST END AVENUE'
[COL] BIN 1057265: 'House No' conflicto {'300', '955'}, usando '955'
[COL] BIN 1057265: 'Street Name' conflicto {'WEST  107 STREET', 'WEST END AVENUE'}, usando 'WEST END AVENUE'
[COL] BIN 1057284: 'House No' conflicto {'2785', '2783'}, usando '2785'
[COL] BIN 1057285: 'House No' conflicto {'300', '2799'}, usando '300'
[COL] BIN 1057285: 'Street Name' conflicto {'BROADWAY', 'WEST  108 STREET'}, usando 'WEST  108 STREET'
[COL] BIN 1057291: 'Street Name' conflicto {'RIVERSIDE DRIVE', 'RSD'}, usando 'RIVERSIDE DRIVE'
[COL] BIN 1057305: 'House No' conflicto {'2801', '301'}, usando '301'
[COL] BIN 1057305: 'Street Name' conflicto {'BROADWAY', 'WEST  108 STREET'}, usando 'WEST  108 STREET'
[COL] BIN 1057320: 'House No' conflicto {'2847', '2841', '601'}, usando '2841'
[COL] BIN 1057320: 'Street Name' conflicto {'BROADWAY', 'WEST  110 STREET'}, usando 'BROADWAY'
[COL] BIN 1057331: 'House No' conflicto {'610', '602'}, usando '602'
[COL] BIN 1057337: 'House No' conflicto {'600', '2897', '2895'}, usando '2895'
[COL] BIN 1057337: 'Street Name' conflicto {'BROADWAY', 'WEST  113 STREET'}, usando 'BROADWAY'
[COL] BIN 1057350: 'House No' conflicto {'2913', '601', '2911'}, usando '2911'
[COL] BIN 1057350: 'Street Name' conflicto {'BROADWAY', 'WEST  113 STREET'}, usando 'BROADWAY'
[COL] BIN 1057405: 'House No' conflicto {'101', '121'}, usando '101'
[COL] BIN 1057405: 'Street Name' conflicto {'WEST  116 STREET', 'LENOX AVENUE'}, usando 'WEST  116 STREET'
[COL] BIN 1057454: 'House No' conflicto {'1951', '1955'}, usando '1955'
[COL] BIN 1057454: 'Street Name' conflicto {'ADAM CLAYTON POWELL JR BOULEVARD', '7 AVENUE'}, usando '7 AVENUE'
[COL] BIN 1057494: 'House No' conflicto {'100', '175'}, usando '100'
[COL] BIN 1057494: 'Street Name' conflicto {'WEST  119 STREET', 'LENOX AVENUE'}, usando 'WEST  119 STREET'
[COL] BIN 1057585: 'Street Name' conflicto {'ADAM CLAYTON POWELL JR BOULEVARD', 'ADAM C POWELL JR BOULEVARD'}, usando 'ADAM C POWELL JR BOULEVARD'
[COL] BIN 1057820: 'House No' conflicto {'136', '132'}, usando '136'
[COL] BIN 1057938: 'House No' conflicto {'117', '121'}, usando '117'
[COL] BIN 1058298: 'Street Name' conflicto {'ADAM CLAYTON POWELL JR BOULEVARD', '7 AVENUE'}, usando 'ADAM CLAYTON POWELL JR BOULEVARD'
[COL] BIN 1058377: 'Street Name' conflicto {'ST NICHOLAS AVENUE', 'SAINT NICHOLAS AVENUE'}, usando 'SAINT NICHOLAS AVENUE'
[COL] BIN 1058445: 'Street Name' conflicto {'ST NICHOLAS AVENUE', 'SAINT NICHOLAS AVENUE'}, usando 'ST NICHOLAS AVENUE'
[COL] BIN 1058449: 'Street Name' conflicto {'ADAM CLAYTON POWELL JR BOULEVARD', '7 AVENUE'}, usando 'ADAM CLAYTON POWELL JR BOULEVARD'
[COL] BIN 1058470: 'House No' conflicto {'220', '208'}, usando '220'
[COL] BIN 1058638: 'House No' conflicto {'2320', '272'}, usando '272'
[COL] BIN 1058638: 'Street Name' conflicto {'FREDERICK DOUGLASS BOULEVARD', 'WEST  125 STREET'}, usando 'WEST  125 STREET'
[COL] BIN 1058640: 'House No' conflicto {'2090', '2092'}, usando '2090'
[COL] BIN 1058640: 'Street Name' conflicto {'ADAM CLAYTON POWELL JR BOULEVARD', '7 AVENUE'}, usando '7 AVENUE'
[COL] BIN 1058641: 'House No' conflicto {'216', '208'}, usando '208'
[COL] BIN 1058660: 'House No' conflicto {'201', '2104', '203', '209'}, usando '209'
[COL] BIN 1058660: 'Street Name' conflicto {'ADAM CLAYTON POWELL BOULEVARD', 'WEST  125 STREET'}, usando 'WEST  125 STREET'
[COL] BIN 1058814: 'Street Name' conflicto {'SEVENTH AVENUE', '7 AVENUE'}, usando '7 AVENUE'
[COL] BIN 1059274: 'Street Name' conflicto {'ST NICHOLAS AVENUE', 'SAINT NICHOLAS AVENUE'}, usando 'ST NICHOLAS AVENUE'
[COL] BIN 1059296: 'House No' conflicto {'11', '362'}, usando '362'
[COL] BIN 1059296: 'Street Name' conflicto {'HANCOCK PLACE', 'WEST  125 STREET'}, usando 'WEST  125 STREET'
[COL] BIN 1059297: 'House No' conflicto {'283', '285', '281'}, usando '283'
[COL] BIN 1059298: 'House No' conflicto {'300', '301', '280', '2311', '284'}, usando '280'
[COL] BIN 1059298: 'Street Name' conflicto {'WEST  125 STREET', 'WEST  124 STREET', 'FREDERICK DOUGLAS BOULEVARD', 'ST NICHOLAS AVENUE', 'SAINT NICHOLAS AVENUE'}, usando 'SAINT NICHOLAS AVENUE'
[COL] BIN 1059300: 'House No' conflicto {'354', '289', '350', '291'}, usando '350'
[COL] BIN 1059300: 'Street Name' conflicto {'WEST  125 STREET', 'ST NICHOLAS AVENUE'}, usando 'WEST  125 STREET'
[COL] BIN 1059309: 'House No' conflicto {'351', '301'}, usando '301'
[COL] BIN 1059309: 'Street Name' conflicto {'WEST  125 STREET', 'ST NICHOLAS AVENUE'}, usando 'ST NICHOLAS AVENUE'
[COL] BIN 1059406: 'Street Name' conflicto {'ST NICHOLAS AVENUE', 'SAINT NICHOLAS AVENUE'}, usando 'SAINT NICHOLAS AVENUE'
[COL] BIN 1059446: 'House No' conflicto {'480', '2491'}, usando '480'
[COL] BIN 1059446: 'Street Name' conflicto {'FREDERICK DOUGLASS BOULEVARD', 'ST NICHOLAS AVENUE', 'SAINT NICHOLAS AVENUE'}, usando 'ST NICHOLAS AVENUE'
[COL] BIN 1059497: 'House No' conflicto {'416', '420', '1165'}, usando '416'
[COL] BIN 1059497: 'Street Name' conflicto {'AMSTERDAM AVENUE', 'WEST  118 STREET'}, usando 'WEST  118 STREET'
[COL] BIN 1059510: 'House No' conflicto {'435', '1207'}, usando '435'
[COL] BIN 1059510: 'Street Name' conflicto {'AMSTERDAM AVENUE', 'WEST  119 STREET'}, usando 'WEST  119 STREET'
[COL] BIN 1059522: 'House No' conflicto {'1241', '429', '431'}, usando '431'
[COL] BIN 1059522: 'Street Name' conflicto {'AMSTERDAM AVENUE', 'WEST  121 STREET'}, usando 'WEST  121 STREET'
[COL] BIN 1059648: 'House No' conflicto {'537', '3060'}, usando '537'
[COL] BIN 1059648: 'Street Name' conflicto {'BROADWAY', 'WEST  121 STREET'}, usando 'WEST  121 STREET'
[COL] BIN 1059657: 'House No' conflicto {'1250', '501'}, usando '501'
[COL] BIN 1059657: 'Street Name' conflicto {'AMSTERDAM AVENUE', 'WEST  121 STREET'}, usando 'WEST  121 STREET'
[COL] BIN 1059675: 'House No' conflicto {'1260', '501'}, usando '501'
[COL] BIN 1059675: 'Street Name' conflicto {'AMSTERDAM AVENUE', 'WEST  122 STREET'}, usando 'WEST  122 STREET'
[COL] BIN 1059689: 'House No' conflicto {'564', '576', '580', '560'}, usando '580'
[COL] BIN 1059835: 'House No' conflicto {'61', '475', '470', '476'}, usando '470'
[COL] BIN 1059835: 'Street Name' conflicto {'RIVERSIDE DRIVE', 'CLAREMONT AVENUE'}, usando 'RIVERSIDE DRIVE'
[COL] BIN 1059859: 'House No' conflicto {'200', '56'}, usando '200'
[COL] BIN 1059859: 'Street Name' conflicto {'TIEMANN PLACE', 'CLAREMONT AVENUE'}, usando 'CLAREMONT AVENUE'
[COL] BIN 1059870: 'House No' conflicto {'500', '155'}, usando '500'
[COL] BIN 1059870: 'Street Name' conflicto {'RIVERSIDE DRIVE', 'CLAREMONT AVENUE'}, usando 'RIVERSIDE DRIVE'
[COL] BIN 1059942: 'House No' conflicto {'625', '3331'}, usando '625'
[COL] BIN 1059942: 'Street Name' conflicto {'WEST  133 STREET', 'BROADWAY'}, usando 'WEST  133 STREET'
[COL] BIN 1059963: 'House No' conflicto {'3369', '3363'}, usando '3363'
[COL] BIN 1059964: 'House No' conflicto {'602', '3379'}, usando '3379'
[COL] BIN 1059964: 'Street Name' conflicto {'BROADWAY', 'WEST  137 STREET'}, usando 'BROADWAY'
[COL] BIN 1060016: 'House No' conflicto {'2363', '2365'}, usando '2365'
[COL] BIN 1060101: 'Street Name' conflicto {'ADAM CLAYTON POWELL JR BOULEVARD', '7 AVENUE'}, usando 'ADAM CLAYTON POWELL JR BOULEVARD'
[COL] BIN 1060198: 'House No' conflicto {'2581', '2589'}, usando '2581'
[COL] BIN 1060198: 'Street Name' conflicto {'ADAM CLAYTON POWELL JR BOULEVARD', '7 AVENUE'}, usando 'ADAM CLAYTON POWELL JR BOULEVARD'
[COL] BIN 1060220: 'Street Name' conflicto {'ADAM CLAYTON POWELL BOULEVARD', '7 AVENUE'}, usando '7 AVENUE'
[COL] BIN 1060431: 'House No' conflicto {'2690', '2698'}, usando '2690'
[COL] BIN 1060431: 'Street Name' conflicto {'FREDERICK DOUGLASS BOULEVARD', 'FREDRICK DOUGLASS BOULEVARD', 'FREDERICK DOUGLAS BOULEVARD'}, usando 'FREDERICK DOUGLASS BOULEVARD'
[COL] BIN 1060439: 'House No' conflicto {'275', '2712'}, usando '275'
[COL] BIN 1060439: 'Street Name' conflicto {'FREDRICK DOUGLASS BOULEVARD', 'WEST  144 STREET'}, usando 'WEST  144 STREET'
[COL] BIN 1060443: 'House No' conflicto {'2726', '274'}, usando '274'
[COL] BIN 1060443: 'Street Name' conflicto {'WEST  145 STREET', 'FREDERICK DOUGLAS BOULEVARD'}, usando 'WEST  145 STREET'
[COL] BIN 1060483: 'Street Name' conflicto {'ADAM CLAYTON POWELL JR BOULEVARD', 'ADAM C POWELL BOULEVARD'}, usando 'ADAM C POWELL BOULEVARD'
[COL] BIN 1060495: 'Street Name' conflicto {'FREDERICK DOUGLASS BOULEVARD', 'FREDRICK DOUGLASS BOULEVARD'}, usando 'FREDRICK DOUGLASS BOULEVARD'
[COL] BIN 1060515: 'House No' conflicto {'294', '292'}, usando '294'
[COL] BIN 1060604: 'Street Name' conflicto {'8 AVENUE', 'FREDERICK DOUGLASS BOULEVARD'}, usando 'FREDERICK DOUGLASS BOULEVARD'
[COL] BIN 1060925: 'House No' conflicto {'435', '281'}, usando '435'
[COL] BIN 1060925: 'Street Name' conflicto {'CONVENT AVENUE', 'WEST  141 STREET'}, usando 'WEST  141 STREET'
[COL] BIN 1061002: 'House No' conflicto {'695', '398 A'}, usando '695'
[COL] BIN 1061002: 'Street Name' conflicto {'WEST  145 STREET', 'ST NICHOLAS AVENUE'}, usando 'ST NICHOLAS AVENUE'
[COL] BIN 1061047: 'Street Name' conflicto {'ST NICHOLAS AVENUE', 'SAINT NICHOLAS AVENUE'}, usando 'SAINT NICHOLAS AVENUE'
[COL] BIN 1061051: 'Street Name' conflicto {'ST NICHOLAS AVENUE', 'SAINT NICHOLAS AVENUE'}, usando 'SAINT NICHOLAS AVENUE'
[COL] BIN 1061124: 'House No' conflicto {'345', '700'}, usando '345'
[COL] BIN 1061124: 'Street Name' conflicto {'WEST  145 STREET', 'ST NICHOLAS AVENUE'}, usando 'WEST  145 STREET'
[COL] BIN 1061131: 'House No' conflicto {'754A', '750'}, usando '750'
[COL] BIN 1061186: 'Street Name' conflicto {'EDGECOMB AVENUE', 'EDGECOMBE AVENUE'}, usando 'EDGECOMB AVENUE'
[COL] BIN 1061214: 'House No' conflicto {'1635', '1627', '476'}, usando '1627'
[COL] BIN 1061214: 'Street Name' conflicto {'AMSTERDAM AVENUE', 'WEST  141 STREET'}, usando 'AMSTERDAM AVENUE'
[COL] BIN 1061246: 'House No' conflicto {'1661', '477'}, usando '1661'
[COL] BIN 1061246: 'Street Name' conflicto {'AMSTERDAM AVENUE', 'WEST  142 STREET'}, usando 'AMSTERDAM AVENUE'
[COL] BIN 1061339: 'House No' conflicto {'1725', '1727'}, usando '1725'
[COL] BIN 1061528: 'House No' conflicto {'466', '1795'}, usando '466'
[COL] BIN 1061528: 'Street Name' conflicto {'AMSTERDAM AVENUE', 'WEST  149 STREET'}, usando 'WEST  149 STREET'
[COL] BIN 1061700: 'Street Name' conflicto {'ST NICHOLAS PLACE', 'SAINT NICHOLAS PLACE'}, usando 'ST NICHOLAS PLACE'
[COL] BIN 1061751: 'House No' conflicto {'3430', '3436', '556'}, usando '3430'
[COL] BIN 1061751: 'Street Name' conflicto {'WEST  140 STREET', 'BROADWAY'}, usando 'BROADWAY'
[COL] BIN 1061769: 'House No' conflicto {'1638', '500'}, usando '1638'
[COL] BIN 1061769: 'Street Name' conflicto {'AMSTERDAM AVENUE', 'WEST  141 STREET'}, usando 'AMSTERDAM AVENUE'
[COL] BIN 1061858: 'House No' conflicto {'505', '110'}, usando '505'
[COL] BIN 1061858: 'Street Name' conflicto {'HAMILTON PLACE', 'WEST  142 STREET'}, usando 'WEST  142 STREET'
[COL] BIN 1061862: 'House No' conflicto {'130', '132'}, usando '130'
[COL] BIN 1061873: 'House No' conflicto {'3496', '3492', '540'}, usando '540'
[COL] BIN 1061873: 'Street Name' conflicto {'BROADWAY', 'WEST  143 STREET'}, usando 'WEST  143 STREET'
[COL] BIN 1061879: 'House No' conflicto {'3504', '3500'}, usando '3500'
[COL] BIN 1061896: 'House No' conflicto {'3522', '3524', '565'}, usando '3524'
[COL] BIN 1061896: 'Street Name' conflicto {'BROADWAY', 'WEST  144 STREET'}, usando 'BROADWAY'
[COL] BIN 1061919: 'House No' conflicto {'524', '528'}, usando '528'
[COL] BIN 1061921: 'House No' conflicto {'538', '540'}, usando '540'
[COL] BIN 1061969: 'House No' conflicto {'561', '3580', '555'}, usando '561'
[COL] BIN 1061969: 'Street Name' conflicto {'BROADWAY', 'WEST  147 STREET'}, usando 'WEST  147 STREET'
[COL] BIN 1062077: 'House No' conflicto {'567', '3620'}, usando '3620'
[COL] BIN 1062077: 'Street Name' conflicto {'BROADWAY', 'WEST  149 STREET'}, usando 'BROADWAY'
[COL] BIN 1062137: 'House No' conflicto {'3648', '569', '3640'}, usando '3648'
[COL] BIN 1062137: 'Street Name' conflicto {'BROADWAY', 'WEST  150 STREET'}, usando 'BROADWAY'
[COL] BIN 1062318: 'House No' conflicto {'619', '613'}, usando '613'
[COL] BIN 1062321: 'House No' conflicto {'3451', '600'}, usando '600'
[COL] BIN 1062321: 'Street Name' conflicto {'BROADWAY', 'WEST  141 STREET'}, usando 'WEST  141 STREET'
[COL] BIN 1062330: 'House No' conflicto {'3461', '601'}, usando '601'
[COL] BIN 1062330: 'Street Name' conflicto {'BROADWAY', 'WEST  141 STREET'}, usando 'WEST  141 STREET'
[COL] BIN 1062380: 'House No' conflicto {'3543', '3547'}, usando '3543'
[COL] BIN 1062439: 'House No' conflicto {'3619', '3609'}, usando '3609'
[COL] BIN 1062444: 'House No' conflicto {'3641', '600'}, usando '600'
[COL] BIN 1062444: 'Street Name' conflicto {'BROADWAY', 'WEST  150 STREET'}, usando 'WEST  150 STREET'
[COL] BIN 1062449: 'House No' conflicto {'3647', '3649'}, usando '3649'
[COL] BIN 1062451: 'House No' conflicto {'622', '628'}, usando '628'
[COL] BIN 1062456: 'House No' conflicto {'3661', '601'}, usando '601'
[COL] BIN 1062456: 'Street Name' conflicto {'BROADWAY', 'WEST  151 STREET'}, usando 'WEST  151 STREET'
[COL] BIN 1062473: 'House No' conflicto {'760', '762'}, usando '762'
[COL] BIN 1062700: 'House No' conflicto {'3772', '550', '3770'}, usando '550'
[COL] BIN 1062700: 'Street Name' conflicto {'BROADWAY', 'WEST  157 STREET'}, usando 'WEST  157 STREET'
[COL] BIN 1062718: 'House No' conflicto {'501', '1942'}, usando '501'
[COL] BIN 1062718: 'Street Name' conflicto {'AMSTERDAM AVENUE', 'WEST  156 STREET'}, usando 'WEST  156 STREET'
[COL] BIN 1062822: 'House No' conflicto {'3840', '555'}, usando '555'
[COL] BIN 1062822: 'Street Name' conflicto {'BROADWAY', 'WEST  160 STREET'}, usando 'WEST  160 STREET'
[COL] BIN 1062853: 'House No' conflicto {'3862', '581'}, usando '581'
[COL] BIN 1062853: 'Street Name' conflicto {'BROADWAY', 'WEST  161 STREET'}, usando 'WEST  161 STREET'
[COL] BIN 1062868: 'House No' conflicto {'2048', '1033'}, usando '2048'
[COL] BIN 1062868: 'Street Name' conflicto {'AMSTERDAM AVENUE', 'ST NICHOLAS AVENUE'}, usando 'AMSTERDAM AVENUE'
[COL] BIN 1062922: 'House No' conflicto {'3880', '565'}, usando '3880'
[COL] BIN 1062922: 'Street Name' conflicto {'WEST  162 STREET', 'BROADWAY'}, usando 'BROADWAY'
[COL] BIN 1062924: 'House No' conflicto {'3906', '3900'}, usando '3900'
[COL] BIN 1062949: 'House No' conflicto {'520', '1051'}, usando '520'
[COL] BIN 1062949: 'Street Name' conflicto {'SAINT NICHOLAS AVENUE', 'WEST  163 STREET'}, usando 'WEST  163 STREET'
[COL] BIN 1062957: 'House No' conflicto {'513', '21'}, usando '21'
[COL] BIN 1062957: 'Street Name' conflicto {'WEST  166 STREET', 'AUDUBON AVENUE'}, usando 'AUDUBON AVENUE'
[COL] BIN 1062991: 'Street Name' conflicto {'ST NICHOLAS AVENUE', 'SAINT NICHOLAS AVENUE'}, usando 'ST NICHOLAS AVENUE'
[COL] BIN 1063014: 'House No' conflicto {'4036', '4026', '565'}, usando '565'
[COL] BIN 1063014: 'Street Name' conflicto {'BROADWAY', 'WEST  169 STREET'}, usando 'WEST  169 STREET'
[COL] BIN 1063081: 'House No' conflicto {'501', '2236'}, usando '501'
[COL] BIN 1063081: 'Street Name' conflicto {'AMSTERDAM AVENUE', 'WEST  171 STREET'}, usando 'WEST  171 STREET'
[COL] BIN 1063119: 'House No' conflicto {'590', '1270'}, usando '590'
[COL] BIN 1063119: 'Street Name' conflicto {'WEST  174 STREET', 'ST NICHOLAS AVENUE'}, usando 'WEST  174 STREET'
[COL] BIN 1063172: 'House No' conflicto {'501', '2300'}, usando '2300'
[COL] BIN 1063172: 'Street Name' conflicto {'WEST  174 STREET', 'AMSTERDAM AVENUE'}, usando 'AMSTERDAM AVENUE'
[COL] BIN 1063246: 'House No' conflicto {'633', '632'}, usando '632'
[COL] BIN 1063246: 'Street Name' conflicto {'WEST  155 STREET', 'WEST  156 STREET'}, usando 'WEST  156 STREET'
[COL] BIN 1063266: 'Street Name' conflicto {'WEST 158 STREET', 'WEST  158 STREET'}, usando 'WEST 158 STREET'
[COL] BIN 1063300: 'House No' conflicto {'158-18', '159-00'}, usando '159-00'
[COL] BIN 1063340: 'Street Name' conflicto {'FORT WASHINGTON AVENUE', 'FT WASHINGTON AVENUE'}, usando 'FORT WASHINGTON AVENUE'
[COL] BIN 1063349: 'House No' conflicto {'2', '3821', '3833'}, usando '3833'
[COL] BIN 1063349: 'Street Name' conflicto {'FORT WASHINGTON AVENUE', 'BROADWAY'}, usando 'BROADWAY'
[COL] BIN 1063350: 'House No' conflicto {'601', '3841'}, usando '601'
[COL] BIN 1063350: 'Street Name' conflicto {'BROADWAY', 'WEST  160 STREET'}, usando 'WEST  160 STREET'
[COL] BIN 1063351: 'House No' conflicto {'3853', '600'}, usando '600'
[COL] BIN 1063351: 'Street Name' conflicto {'BROADWAY', 'WEST  161 STREET'}, usando 'WEST  161 STREET'
[COL] BIN 1063357: 'Street Name' conflicto {'FORT WASHINGTON AVENUE', 'FT WASHINGTON AVENUE'}, usando 'FORT WASHINGTON AVENUE'
[COL] BIN 1063384: 'House No' conflicto {'4007', '4001', '4005', '601'}, usando '4007'
[COL] BIN 1063384: 'Street Name' conflicto {'BROADWAY', 'WEST  168 STREET'}, usando 'BROADWAY'
[COL] BIN 1063415: 'Street Name' conflicto {'FT WASHINGTON AVENUE', 'FORT WASHINGTON AVENUE'}, usando 'FT WASHINGTON AVENUE'
[COL] BIN 1063422: 'House No' conflicto {'275', '273'}, usando '273'
[COL] BIN 1063423: 'House No' conflicto {'50', '60'}, usando '50'
[COL] BIN 1063449: 'Street Name' conflicto {'FORT WASHINGTON AVENUE', 'FT WASHINGTON AVENUE'}, usando 'FORT WASHINGTON AVENUE'
[COL] BIN 1063450: 'Street Name' conflicto {'FT WASHINGTON AVENUE', 'FORT WASHINGTON AVENUE'}, usando 'FT WASHINGTON AVENUE'
[COL] BIN 1063454: 'House No' conflicto {'850', '209'}, usando '209'
[COL] BIN 1063454: 'Street Name' conflicto {'WEST  176 STREET', 'HAVEN AVENUE'}, usando 'HAVEN AVENUE'
[COL] BIN 1063463: 'House No' conflicto {'4080', '615'}, usando '4080'
[COL] BIN 1063463: 'Street Name' conflicto {'BROADWAY', 'WEST  172 STREET'}, usando 'BROADWAY'
[COL] BIN 1063469: 'Street Name' conflicto {'FT WASHINGTON AVENUE', 'FORT WASHINGTON AVENUE'}, usando 'FT WASHINGTON AVENUE'
[COL] BIN 1063475: 'House No' conflicto {'620', '4055'}, usando '620'
[COL] BIN 1063475: 'Street Name' conflicto {'BROADWAY', 'WEST  171 STREET'}, usando 'WEST  171 STREET'
[COL] BIN 1063500: 'House No' conflicto {'4101', '639'}, usando '4101'
[COL] BIN 1063500: 'Street Name' conflicto {'BROADWAY', 'WEST  173 STREET'}, usando 'BROADWAY'
[COL] BIN 1063502: 'House No' conflicto {'4113', '4117'}, usando '4117'
[COL] BIN 1063509: 'House No' conflicto {'704', '4179'}, usando '704'
[COL] BIN 1063509: 'Street Name' conflicto {'BROADWAY', 'WEST  177 STREET'}, usando 'WEST  177 STREET'
[COL] BIN 1063548: 'House No' conflicto {'608', '610'}, usando '610'
[COL] BIN 1063555: 'House No' conflicto {'609', '1307'}, usando '609'
[COL] BIN 1063555: 'Street Name' conflicto {'ST NICHOLAS AVENUE', 'WEST  175 STREET'}, usando 'WEST  175 STREET'
[COL] BIN 1063581: 'House No' conflicto {'24', '36'}, usando '24'
[COL] BIN 1063587: 'House No' conflicto {'477', '475', '485'}, usando '485'
[COL] BIN 1063625: 'House No' conflicto {'1390', '1392'}, usando '1390'
[COL] BIN 1063625: 'Street Name' conflicto {'ST NICHOLAS AVENUE', 'SAINT NICHOLAS AVENUE'}, usando 'ST NICHOLAS AVENUE'
[COL] BIN 1063634: 'House No' conflicto {'561', '1404'}, usando '1404'
[COL] BIN 1063634: 'Street Name' conflicto {'WEST  180 STREET', 'ST NICHOLAS AVENUE'}, usando 'ST NICHOLAS AVENUE'
[COL] BIN 1063652: 'House No' conflicto {'1448', '1454'}, usando '1448'
[COL] BIN 1063652: 'Street Name' conflicto {'ST NICHOLAS AVENUE', 'SAINT NICHOLAS AVENUE'}, usando 'ST NICHOLAS AVENUE'
[COL] BIN 1063680: 'House No' conflicto {'550', '376'}, usando '376'
[COL] BIN 1063680: 'Street Name' conflicto {'WEST  184 STREET', 'AUDUBON AVENUE'}, usando 'AUDUBON AVENUE'
[COL] BIN 1063719: 'House No' conflicto {'500', '2508'}, usando '2508'
[COL] BIN 1063719: 'Street Name' conflicto {'AMSTERDAM AVENUE', 'WEST  185 STREET'}, usando 'AMSTERDAM AVENUE'
[COL] BIN 1063780: 'House No' conflicto {'1514', '1510'}, usando '1514'
[COL] BIN 1063780: 'Street Name' conflicto {'ST NICHOLAS AVENUE', 'SAINT NICHOLAS AVENUE'}, usando 'SAINT NICHOLAS AVENUE'
[COL] BIN 1063791: 'House No' conflicto {'590', '1534'}, usando '590'
[COL] BIN 1063791: 'Street Name' conflicto {'SAINT NICHOLAS AVENUE', 'WEST  187 STREET'}, usando 'WEST  187 STREET'
[COL] BIN 1063808: 'House No' conflicto {'564', '1548'}, usando '1548'
[COL] BIN 1063808: 'Street Name' conflicto {'ST NICHOLAS AVENUE', 'WEST  188 STREET'}, usando 'ST NICHOLAS AVENUE'
[COL] BIN 1063829: 'House No' conflicto {'1598', '1588 1/2'}, usando '1598'
[COL] BIN 1063861: 'Street Name' conflicto {'AUDUBON AVENUE', 'AUDOBON AVENUE'}, usando 'AUDUBON AVENUE'
[COL] BIN 1063910: 'House No' conflicto {'1411', '602', '604'}, usando '604'
[COL] BIN 1063910: 'Street Name' conflicto {'WEST  181 STREET', 'ST NICHOLAS AVENUE'}, usando 'WEST  181 STREET'
[COL] BIN 1063918: 'House No' conflicto {'4234', '660'}, usando '660'
[COL] BIN 1063918: 'Street Name' conflicto {'WEST  180 STREET', 'BROADWAY'}, usando 'WEST  180 STREET'
[COL] BIN 1063921: 'House No' conflicto {'4240', '4248', '4246'}, usando '4246'
[COL] BIN 1063925: 'House No' conflicto {'4280', '4290'}, usando '4280'
[COL] BIN 1064011: 'House No' conflicto {'1579', '1577A', '1577'}, usando '1577A'
[COL] BIN 1064011: 'Street Name' conflicto {'ST NICHOLAS AVENUE', 'SAINT NICHOLAS AVENUE'}, usando 'ST NICHOLAS AVENUE'
[COL] BIN 1064028: 'House No' conflicto {'1631', '1635'}, usando '1631'
[COL] BIN 1064039: 'House No' conflicto {'658', '666'}, usando '658'
[COL] BIN 1064060: 'House No' conflicto {'4530', '4534'}, usando '4530'
[COL] BIN 1064159: 'House No' conflicto {'65', '71'}, usando '71'
[COL] BIN 1064176: 'House No' conflicto {'100', '158'}, usando '158'
[COL] BIN 1064176: 'Street Name' conflicto {'NAGLE AVENUE', 'DYCKMAN STREET'}, usando 'NAGLE AVENUE'
[COL] BIN 1064185: 'House No' conflicto {'92', '2'}, usando '2'
[COL] BIN 1064185: 'Street Name' conflicto {'NAGLE AVENUE', 'SICKLES STREET'}, usando 'SICKLES STREET'
[COL] BIN 1064193: 'House No' conflicto {'24', '14'}, usando '24'
[COL] BIN 1064226: 'House No' conflicto {'103', '4740'}, usando '103'
[COL] BIN 1064226: 'Street Name' conflicto {'BROADWAY', 'THAYER STREET'}, usando 'THAYER STREET'
[COL] BIN 1064228: 'House No' conflicto {'206', '200'}, usando '206'
[COL] BIN 1064272: 'House No' conflicto {'4185', '701'}, usando '4185'
[COL] BIN 1064272: 'Street Name' conflicto {'BROADWAY', 'WEST  177 STREET'}, usando 'BROADWAY'
[COL] BIN 1064274: 'Street Name' conflicto {'FT WASHINGTON AVENUE', 'FORT WASHINGTON AVENUE'}, usando 'FT WASHINGTON AVENUE'
[COL] BIN 1064275: 'House No' conflicto {'770', '454', '758'}, usando '758'
[COL] BIN 1064275: 'Street Name' conflicto {'FORT WASHINGTON AVENUE', 'WEST  181 STREET'}, usando 'WEST  181 STREET'
[COL] BIN 1064297: 'Street Name' conflicto {'FORT WASHINGTON AVENUE', 'FT WASHINGTON AVENUE'}, usando 'FORT WASHINGTON AVENUE'
[COL] BIN 1064314: 'House No' conflicto {'802', '804'}, usando '804'
[COL] BIN 1064321: 'House No' conflicto {'45', '825'}, usando '45'
[COL] BIN 1064321: 'Street Name' conflicto {'CABRINI BOULEVARD', 'WEST  179 STREET'}, usando 'CABRINI BOULEVARD'
[COL] BIN 1064342: 'House No' conflicto {'92', '823', '825'}, usando '92'
[COL] BIN 1064342: 'Street Name' conflicto {'PINEHURST AVENUE', 'WEST  181 STREET'}, usando 'PINEHURST AVENUE'
[COL] BIN 1064343: 'House No' conflicto {'95', '831', '829'}, usando '829'
[COL] BIN 1064343: 'Street Name' conflicto {'WEST  181 STREET', 'CABRINI BOULEVARD'}, usando 'WEST  181 STREET'
[COL] BIN 1064344: 'House No' conflicto {'115', '125'}, usando '115'
[COL] BIN 1064356: 'House No' conflicto {'812', '209'}, usando '209'
[COL] BIN 1064356: 'Street Name' conflicto {'PINEHURST AVENUE', 'WEST  187 STREET'}, usando 'PINEHURST AVENUE'
[COL] BIN 1064358: 'Street Name' conflicto {'FORT WASHINGTON AVENUE', 'FT WASHINGTON AVENUE'}, usando 'FORT WASHINGTON AVENUE'
[COL] BIN 1064385: 'Street Name' conflicto {'FT WASHINGTON AVENUE', 'FORT WASHINGTON AVENUE'}, usando 'FT WASHINGTON AVENUE'
[COL] BIN 1064396: 'Street Name' conflicto {'FT WASHINGTON AVENUE', 'FORT WASHINGTON AVENUE'}, usando 'FT WASHINGTON AVENUE'
[COL] BIN 1064431: 'House No' conflicto {'115', '105'}, usando '115'
[COL] BIN 1064445: 'House No' conflicto {'4401', '4407'}, usando '4401'
[COL] BIN 1064448: 'Street Name' conflicto {'FORT WASHINGTON AVENUE', 'FT WASHINGTON AVENUE'}, usando 'FORT WASHINGTON AVENUE'
[COL] BIN 1064458: 'House No' conflicto {'4417', '701'}, usando '701'
[COL] BIN 1064458: 'Street Name' conflicto {'WEST  189 STREET', 'BROADWAY'}, usando 'WEST  189 STREET'
[COL] BIN 1064485: 'House No' conflicto {'301', '4035'}, usando '301'
[COL] BIN 1064485: 'Street Name' conflicto {'9 AVENUE', 'WEST  215 STREET'}, usando 'WEST  215 STREET'
[COL] BIN 1064493: 'House No' conflicto {'416', '420', '421'}, usando '421'
[COL] BIN 1064493: 'Street Name' conflicto {'WEST  203 STREET', 'WEST  202 STREET'}, usando 'WEST  202 STREET'
[COL] BIN 1064495: 'House No' conflicto {'3809', '3805'}, usando '3805'
[COL] BIN 1064532: 'Borough' conflicto {'Manhattan', 'Bronx'}, usando 'Manhattan'
[COL] BIN 1064566: 'Borough' conflicto {'Manhattan', 'Bronx'}, usando 'Manhattan'
[COL] BIN 1064695: 'House No' conflicto {'5195', '5199'}, usando '5199'
[COL] BIN 1064695: 'Borough' conflicto {'Manhattan', 'Bronx'}, usando 'Manhattan'
[COL] BIN 1064698: 'House No' conflicto {'90', '92', '94'}, usando '92'
[COL] BIN 1064698: 'Borough' conflicto {'Manhattan', 'Bronx'}, usando 'Bronx'
[COL] BIN 1064719: 'House No' conflicto {'103', '103A'}, usando '103A'
[COL] BIN 1064784: 'House No' conflicto {'585', '579'}, usando '579'
[COL] BIN 1064857: 'House No' conflicto {'232', '551'}, usando '551'
[COL] BIN 1064857: 'Street Name' conflicto {'WEST  207 STREET', 'SHERMAN AVENUE'}, usando 'WEST  207 STREET'
[COL] BIN 1064934: 'House No' conflicto {'4761', '4769', '4777A'}, usando '4761'
[COL] BIN 1064935: 'House No' conflicto {'239', '229', '1'}, usando '239'
[COL] BIN 1064935: 'Street Name' conflicto {'DYCKMAN STREET', 'SEAMAN AVENUE'}, usando 'DYCKMAN STREET'
[COL] BIN 1064946: 'House No' conflicto {'664', '670'}, usando '670'
[COL] BIN 1064955: 'House No' conflicto {'4879', '4861'}, usando '4879'
[COL] BIN 1064970: 'House No' conflicto {'117', '109'}, usando '117'
[COL] BIN 1065006: 'House No' conflicto {'77', '75'}, usando '75'
[COL] BIN 1065007: 'House No' conflicto {'72', '70'}, usando '72'
[COL] BIN 1065046: 'House No' conflicto {'302', '308'}, usando '302'
[COL] BIN 1065054: 'House No' conflicto {'7', '1795'}, usando '1795'
[COL] BIN 1065054: 'Street Name' conflicto {'HENSHAW STREET', 'RIVERSIDE DRIVE'}, usando 'RIVERSIDE DRIVE'
[COL] BIN 1065057: 'House No' conflicto {'257', '261'}, usando '261'
[COL] BIN 1066317: 'House No' conflicto {'167', '147', '303'}, usando '303'
[COL] BIN 1066317: 'Street Name' conflicto {'CHAMBERS STREET', 'GREENWICH STREET', 'READE STREET'}, usando 'GREENWICH STREET'
[COL] BIN 1066718: 'Street Name' conflicto {'3 AVENUE', 'THIRD AVENUE'}, usando 'THIRD AVENUE'
[COL] BIN 1066733: 'House No' conflicto {'406', '201', '199'}, usando '199'
[COL] BIN 1066733: 'Street Name' conflicto {'LAFAYETTE STREET', 'BROOME STREET'}, usando 'LAFAYETTE STREET'
[COL] BIN 1066793: 'House No' conflicto {'80', '63', '230'}, usando '63'
[COL] BIN 1066793: 'Street Name' conflicto {'VARICK STREET', 'DOWNING STREET', 'CARMINE STREET'}, usando 'DOWNING STREET'
[COL] BIN 1066879: 'House No' conflicto {'205', '1'}, usando '205'
[COL] BIN 1066879: 'Street Name' conflicto {'MINETTA STREET', 'BLEECKER STREET'}, usando 'BLEECKER STREET'
[COL] BIN 1066890: 'House No' conflicto {'115', '113'}, usando '115'
[COL] BIN 1066890: 'Street Name' conflicto {'4 AVENUE', 'FOURTH AVENUE'}, usando '4 AVENUE'
[COL] BIN 1066992: 'Block' conflicto {'576', '0'}, usando '576'
[COL] BIN 1067542: 'House No' conflicto {'22', '168'}, usando '168'
[COL] BIN 1067542: 'Street Name' conflicto {'PERRY STREET', '7 AVENUE SOUTH'}, usando '7 AVENUE SOUTH'
[COL] BIN 1067973: 'House No' conflicto {'601', '655'}, usando '601'
[COL] BIN 1067979: 'House No' conflicto {'470', '468', '465'}, usando '465'
[COL] BIN 1067979: 'Street Name' conflicto {'WEST   23 STREET', 'WEST   24 STREET'}, usando 'WEST   23 STREET'
[COL] BIN 1068013: 'House No' conflicto {'370', '350', '342'}, usando '370'
[COL] BIN 1068013: 'Street Name' conflicto {'WEST   30 STREET', '9 AVENUE'}, usando 'WEST   30 STREET'
[COL] BIN 1068149: 'House No' conflicto {'160', '200', '162'}, usando '160'
[COL] BIN 1068149: 'Street Name' conflicto {'WEST   20 STREET', '7 AVENUE'}, usando '7 AVENUE'
[COL] BIN 1068187: 'Street Name' conflicto {'SEVENTH AVENUE', '7 AVENUE'}, usando '7 AVENUE'
[COL] BIN 1068238: 'House No' conflicto {'221', '170', '217'}, usando '221'
[COL] BIN 1068238: 'Street Name' conflicto {'WEST   23 STREET', '7 AVENUE'}, usando '7 AVENUE'
[COL] BIN 1068261: 'Street Name' conflicto {'AVENUE OF THE AMERICAS', 'SIXTH AVENUE', '6 AVENUE'}, usando 'SIXTH AVENUE'
[COL] BIN 1068310: 'House No' conflicto {'280', '276'}, usando '280'
[COL] BIN 1069515: 'House No' conflicto {'200', '393'}, usando '200'
[COL] BIN 1069515: 'Street Name' conflicto {'EAST   28 STREET', 'THIRD AVENUE'}, usando 'EAST   28 STREET'
[COL] BIN 1069595: 'House No' conflicto {'106', '1421'}, usando '106'
[COL] BIN 1069595: 'Street Name' conflicto {'CENTRAL PARK SOUTH', '6 AVENUE'}, usando 'CENTRAL PARK SOUTH'
[COL] BIN 1070014: 'House No' conflicto {'235', '1755'}, usando '235'
[COL] BIN 1070014: 'Street Name' conflicto {'BROADWAY', 'WEST   56 STREET'}, usando 'WEST   56 STREET'
[COL] BIN 1070711: 'House No' conflicto {'142', '140'}, usando '142'
[COL] BIN 1070766: 'Street Name' conflicto {'WEA', 'WEST END AVENUE'}, usando 'WEST END AVENUE'
[COL] BIN 1070806: 'House No' conflicto {'125', '127'}, usando '127'
[COL] BIN 1070846: 'House No' conflicto {'176', '535'}, usando '535'
[COL] BIN 1070846: 'Street Name' conflicto {'WEST   86 STREET', 'AMSTERDAM AVENUE'}, usando 'AMSTERDAM AVENUE'
[COL] BIN 1070992: 'House No' conflicto {'2252', '2248', '2250'}, usando '2252'
[COL] BIN 1071151: 'House No' conflicto {'2411', '250', '2415'}, usando '250'
[COL] BIN 1071151: 'Street Name' conflicto {'BROADWAY', 'WEST   89 STREET'}, usando 'WEST   89 STREET'
[COL] BIN 1071414: 'Street Name' conflicto {'AVENUE OF THE AMERICAS', 'AVENUE OF AMERICAS', '6 AVENUE'}, usando 'AVENUE OF THE AMERICAS'
[COL] BIN 1071457: 'House No' conflicto {'399', '630'}, usando '399'
[COL] BIN 1071457: 'Street Name' conflicto {'PARK AVENUE', 'LEXINGTON AVENUE'}, usando 'PARK AVENUE'
[COL] BIN 1071461: 'House No' conflicto {'638', '642A', '135', '642'}, usando '135'
[COL] BIN 1071461: 'Street Name' conflicto {'EAST   54 STREET', 'LEXINGTON AVENUE'}, usando 'EAST   54 STREET'
[COL] BIN 1071924: 'House No' conflicto {'981', '350', '983'}, usando '981'
[COL] BIN 1071924: 'Street Name' conflicto {'1 AVENUE', 'EAST   54 STREET'}, usando '1 AVENUE'
[COL] BIN 1072056: 'House No' conflicto {'966', '962'}, usando '966'
[COL] BIN 1072068: 'House No' conflicto {'1009', '47', '1003', '40', '1005'}, usando '40'
[COL] BIN 1072068: 'Street Name' conflicto {'EAST   78 STREET', 'EAST   77 STREET', 'MADISON AVENUE'}, usando 'EAST   78 STREET'
[COL] BIN 1072223: 'House No' conflicto {'233', '1317 A'}, usando '233'
[COL] BIN 1072223: 'Street Name' conflicto {'2 AVENUE', 'EAST   69 STREET'}, usando 'EAST   69 STREET'
[COL] BIN 1072231: 'House No' conflicto {'302', '303'}, usando '303'
[COL] BIN 1072231: 'Street Name' conflicto {'EAST   61 STREET', 'EAST   60 STREET'}, usando 'EAST   60 STREET'
[COL] BIN 1072630: 'House No' conflicto {'1320', '301', '1316'}, usando '301'
[COL] BIN 1072630: 'Street Name' conflicto {'2 AVENUE', 'EAST   69 STREET'}, usando 'EAST   69 STREET'
[COL] BIN 1072932: 'House No' conflicto {'1144', '30', '1142', '1146'}, usando '30'
[COL] BIN 1072932: 'Street Name' conflicto {'MADISON AVENUE', 'EAST   85 STREET'}, usando 'EAST   85 STREET'
[COL] BIN 1073038: 'House No' conflicto {'129', '1216'}, usando '1216'
[COL] BIN 1073038: 'Street Name' conflicto {'LEXINGTON AVENUE', 'EAST   82 STREET'}, usando 'LEXINGTON AVENUE'
[COL] BIN 1073878: 'House No' conflicto {'453', '455'}, usando '455'
[COL] BIN 1074157: 'Street Name' conflicto {'5 AVENUE', 'FIFTH AVENUE'}, usando 'FIFTH AVENUE'
[COL] BIN 1074189: 'House No' conflicto {'1773', '75'}, usando '75'
[COL] BIN 1074189: 'Street Name' conflicto {'EAST  116 STREET', 'MADISON AVENUE'}, usando 'EAST  116 STREET'
[COL] BIN 1075313: 'House No' conflicto {'2578', '229'}, usando '229'
[COL] BIN 1075313: 'Street Name' conflicto {'BROADWAY', 'WEST   97 STREET'}, usando 'WEST   97 STREET'
[COL] BIN 1075380: 'House No' conflicto {'982', '200'}, usando '982'
[COL] BIN 1075380: 'Street Name' conflicto {'AMSTERDAM AVENUE', 'WEST  109 STREET'}, usando 'AMSTERDAM AVENUE'
[COL] BIN 1075440: 'House No' conflicto {'2853', '2851', '600', '2857'}, usando '600'
[COL] BIN 1075440: 'Street Name' conflicto {'BROADWAY', 'WEST  111 STREET'}, usando 'WEST  111 STREET'
[COL] BIN 1075480: 'House No' conflicto {'97', '99'}, usando '97'
[COL] BIN 1075481: 'House No' conflicto {'31', '3181'}, usando '31'
[COL] BIN 1075481: 'Street Name' conflicto {'BROADWAY', 'TIEMANN PLACE'}, usando 'TIEMANN PLACE'
[COL] BIN 1075637: 'House No' conflicto {'141', '147'}, usando '141'
[COL] BIN 1075692: 'House No' conflicto {'620', '10'}, usando '620'
[COL] BIN 1075692: 'Street Name' conflicto {'WEST   50 STREET', '5 AVENUE', 'FIFTH AVENUE'}, usando 'FIFTH AVENUE'
[COL] BIN 1075693: 'House No' conflicto {'534', '538'}, usando '538'
[COL] BIN 1075787: 'House No' conflicto {'37', '33'}, usando '37'
[COL] BIN 1075959: 'Street Name' conflicto {'CENTRE STREET', 'CENTER STREET'}, usando 'CENTER STREET'
[COL] BIN 1075962: 'House No' conflicto {'214', '218'}, usando '218'
[COL] BIN 1075999: 'House No' conflicto {'597', '170'}, usando '170'
[COL] BIN 1075999: 'Street Name' conflicto {'BROADWAY', 'MERCER STREET'}, usando 'MERCER STREET'
[COL] BIN 1076021: 'House No' conflicto {'131', '129'}, usando '129'
[COL] BIN 1076035: 'House No' conflicto {'19', '357'}, usando '19'
[COL] BIN 1076035: 'Street Name' conflicto {'LAFAYETTE STREET', 'BOND STREET'}, usando 'BOND STREET'
[COL] BIN 1076078: 'House No' conflicto {'11', '190', '9', '13'}, usando '190'
[COL] BIN 1076078: 'Street Name' conflicto {'WEST    4 STREET', 'BARROW STREET'}, usando 'WEST    4 STREET'
[COL] BIN 1076084: 'House No' conflicto {'490', '500'}, usando '490'
[COL] BIN 1076135: 'House No' conflicto {'128', '267', '126', '270'}, usando '128'
[COL] BIN 1076135: 'Street Name' conflicto {'8 AVENUE', 'WEST   16 STREET', 'WEST   17 STREET'}, usando '8 AVENUE'
[COL] BIN 1076141: 'House No' conflicto {'160', '229'}, usando '160'
[COL] BIN 1076141: 'Street Name' conflicto {'7 AVENUE', 'WEST   24 STREET'}, usando 'WEST   24 STREET'
[COL] BIN 1076166: 'House No' conflicto {'330', '345', '347'}, usando '330'
[COL] BIN 1076166: 'Street Name' conflicto {'EAST   37 STREET', 'EAST   38 STREET'}, usando 'EAST   38 STREET'
[COL] BIN 1076175: 'Street Name' conflicto {'AVENUE OF THE AMERICAS', '6 AVENUE'}, usando 'AVENUE OF THE AMERICAS'
[COL] BIN 1076176: 'House No' conflicto {'125', '120'}, usando '120'
[COL] BIN 1076176: 'Street Name' conflicto {'WEST   55 STREET', 'WEST   56 STREET'}, usando 'WEST   56 STREET'
[COL] BIN 1076177: 'House No' conflicto {'156', '150'}, usando '156'
[COL] BIN 1076178: 'House No' conflicto {'162', '879'}, usando '879'
[COL] BIN 1076178: 'Street Name' conflicto {'7 AVENUE', 'WEST   56 STREET'}, usando '7 AVENUE'
[COL] BIN 1076195: 'House No' conflicto {'1601', '1605'}, usando '1605'
[COL] BIN 1076200: 'House No' conflicto {'200', '830', '828'}, usando '200'
[COL] BIN 1076200: 'Street Name' conflicto {'7 AVENUE', 'WEST   54 STREET'}, usando 'WEST   54 STREET'
[COL] BIN 1076203: 'House No' conflicto {'309', '825'}, usando '825'
[COL] BIN 1076203: 'Street Name' conflicto {'8 AVENUE', 'WEST   49 STREET', 'EIGHTH AVENUE'}, usando 'EIGHTH AVENUE'
[COL] BIN 1076205: 'House No' conflicto {'301', '975'}, usando '301'
[COL] BIN 1076205: 'Street Name' conflicto {'8 AVENUE', 'WEST   57 STREET'}, usando 'WEST   57 STREET'
[COL] BIN 1076207: 'House No' conflicto {'538', '550'}, usando '550'
[COL] BIN 1076207: 'LOT' conflicto {'61', '7502'}, usando '61'
[COL] BIN 1076215: 'House No' conflicto {'587', '500'}, usando '500'
[COL] BIN 1076215: 'Street Name' conflicto {'10 AVENUE', 'WEST   43 STREET'}, usando 'WEST   43 STREET'
[COL] BIN 1076225: 'Street Name' conflicto {'CPW', 'CENTRAL PARK WEST'}, usando 'CENTRAL PARK WEST'
[COL] BIN 1076231: 'House No' conflicto {'2025', '201', '199', '215'}, usando '199'
[COL] BIN 1076231: 'Street Name' conflicto {'BROADWAY', 'AMSTERDAM AVENUE'}, usando 'AMSTERDAM AVENUE'
[COL] BIN 1076233: 'House No' conflicto {'100', '250', '252'}, usando '100'
[COL] BIN 1076233: 'Street Name' conflicto {'COLUMBUS AVENUE', 'WEST   72 STREET'}, usando 'WEST   72 STREET'
[COL] BIN 1076247: 'House No' conflicto {'221', '2280', '2284'}, usando '2280'
[COL] BIN 1076247: 'Street Name' conflicto {'BROADWAY', 'WEST   82 STREET'}, usando 'BROADWAY'
[COL] BIN 1076251: 'House No' conflicto {'2373', '254'}, usando '254'
[COL] BIN 1076251: 'Street Name' conflicto {'BROADWAY', 'WEST   87 STREET'}, usando 'WEST   87 STREET'
[COL] BIN 1076262: 'House No' conflicto {'1250', '30', '49', '53'}, usando '30'
[COL] BIN 1076262: 'Street Name' conflicto {'AVENUE OF THE AMERICAS', 'WEST   49 STREET', 'ROCKEFELLER PLAZA'}, usando 'ROCKEFELLER PLAZA'
[COL] BIN 1076266: 'House No' conflicto {'12', '489'}, usando '12'
[COL] BIN 1076266: 'Street Name' conflicto {'EAST   42 STREET', 'FIFTH AVENUE'}, usando 'EAST   42 STREET'
[COL] BIN 1076267: 'House No' conflicto {'38', '40'}, usando '38'
[COL] BIN 1076268: 'House No' conflicto {'500', '277'}, usando '277'
[COL] BIN 1076268: 'Street Name' conflicto {'PARK AVENUE', 'LEXINGTON AVENUE'}, usando 'PARK AVENUE'
[COL] BIN 1076271: 'House No' conflicto {'200', '969'}, usando '200'
[COL] BIN 1076271: 'Street Name' conflicto {'EAST   58 STREET', 'THIRD AVENUE', '3 AVENUE'}, usando 'EAST   58 STREET'
[COL] BIN 1076281: 'House No' conflicto {'400', '404'}, usando '400'
[COL] BIN 1076285: 'House No' conflicto {'781', '45', '777', '773'}, usando '777'
[COL] BIN 1076285: 'Street Name' conflicto {'EAST   66 STREET', 'MADISON AVENUE'}, usando 'MADISON AVENUE'
[COL] BIN 1076289: 'House No' conflicto {'11', '15'}, usando '15'
[COL] BIN 1076290: 'Street Name' conflicto {'5 AVENUE', 'FIFTH AVENUE'}, usando 'FIFTH AVENUE'
[COL] BIN 1076296: 'House No' conflicto {'823', '829', '139'}, usando '139'
[COL] BIN 1076296: 'Street Name' conflicto {'EAST   63 STREET', 'LEXINGTON AVENUE'}, usando 'EAST   63 STREET'
[COL] BIN 1076299: 'House No' conflicto {'1160', '1156'}, usando '1156'
[COL] BIN 1076299: 'Street Name' conflicto {'3 AVENUE', 'THIRD AVENUE'}, usando '3 AVENUE'
[COL] BIN 1076301: 'House No' conflicto {'1054', '130'}, usando '130'
[COL] BIN 1076301: 'Street Name' conflicto {'EAST   75 STREET', 'LEXINGTON AVENUE'}, usando 'EAST   75 STREET'
[COL] BIN 1076307: 'House No' conflicto {'200', '1107', '1091'}, usando '1107'
[COL] BIN 1076307: 'Street Name' conflicto {'3 AVENUE', 'EAST   65 STREET'}, usando '3 AVENUE'
[COL] BIN 1076310: 'House No' conflicto {'216', '218'}, usando '218'
[COL] BIN 1076312: 'House No' conflicto {'205', '1367', '1371'}, usando '1371'
[COL] BIN 1076312: 'Street Name' conflicto {'3 AVENUE', 'EAST   78 STREET'}, usando '3 AVENUE'
[COL] BIN 1076314: 'House No' conflicto {'1396', '305'}, usando '1396'
[COL] BIN 1076314: 'Street Name' conflicto {'2 AVENUE', 'EAST   72 STREET'}, usando '2 AVENUE'
[COL] BIN 1076317: 'Street Name' conflicto {'1 AVENUE', 'FIRST AVENUE'}, usando '1 AVENUE'
[COL] BIN 1076320: 'House No' conflicto {'460', '1487'}, usando '460'
[COL] BIN 1076320: 'Street Name' conflicto {'YORK AVENUE', 'EAST   79 STREET'}, usando 'EAST   79 STREET'
[COL] BIN 1076323: 'House No' conflicto {'1055', '45'}, usando '45'
[COL] BIN 1076323: 'Street Name' conflicto {'EAST   80 STREET', 'MADISON AVENUE'}, usando 'EAST   80 STREET'
[COL] BIN 1076331: 'House No' conflicto {'401', '1718'}, usando '401'
[COL] BIN 1076331: 'Street Name' conflicto {'EAST   89 STREET', '1 AVENUE'}, usando 'EAST   89 STREET'
[COL] BIN 1076519: 'Street Name' conflicto {'ADAM CLAYTON POWELL BOULEVARD', 'ADAM CLAYTON POWELL JR BOULEVARD', 'SEVENTH AVENUE'}, usando 'ADAM CLAYTON POWELL JR BOULEVARD'
[COL] BIN 1076522: 'House No' conflicto {'220', '300'}, usando '300'
[COL] BIN 1076522: 'Street Name' conflicto {'MANHATTAN AVENUE', 'WEST  110 STREET', 'CATHEDRAL PARKWAY'}, usando 'CATHEDRAL PARKWAY'
[COL] BIN 1076684: 'House No' conflicto {'120', '130'}, usando '120'
[COL] BIN 1076745: 'House No' conflicto {'3789', '3799', '610', '3785'}, usando '3799'
[COL] BIN 1076745: 'Street Name' conflicto {'BROADWAY', 'WEST  158 STREET'}, usando 'BROADWAY'
[COL] BIN 1076746: 'House No' conflicto {'177', '173'}, usando '177'
[COL] BIN 1076746: 'Street Name' conflicto {'FORT WASHINGTON AVENUE', 'FT WASHINGTON AVENUE'}, usando 'FORT WASHINGTON AVENUE'
[COL] BIN 1076783: 'House No' conflicto {'530', '530D', '530F'}, usando '530F'
[COL] BIN 1076784: 'House No' conflicto {'550G', '550H', '550 J', '550J', '550'}, usando '550'
[COL] BIN 1076793: 'House No' conflicto {'5', '301'}, usando '301'
[COL] BIN 1076793: 'Street Name' conflicto {'CARMINE STREET', '6 AVENUE'}, usando '6 AVENUE'
[COL] BIN 1077236: 'House No' conflicto {'410', '405'}, usando '405'
[COL] BIN 1077236: 'Street Name' conflicto {'WEST   23 STREET', 'WEST   24 STREET'}, usando 'WEST   23 STREET'
[COL] BIN 1077284: 'House No' conflicto {'37', '20', '10'}, usando '10'
[COL] BIN 1077284: 'Street Name' conflicto {'WEST   48 STREET', 'ROCKEFELLER PLAZA'}, usando 'ROCKEFELLER PLAZA'
[COL] BIN 1077286: 'House No' conflicto {'ONE', '1'}, usando '1'
[COL] BIN 1077287: 'Street Name' conflicto {'AVENUE OF THE AMERICAS', 'AVENUE OF AMERICAS', '6 AVENUE'}, usando 'AVENUE OF THE AMERICAS'
[COL] BIN 1077363: 'House No' conflicto {'712', '716'}, usando '712'
[COL] BIN 1077363: 'Street Name' conflicto {'5 AVENUE', 'FIFTH AVENUE'}, usando 'FIFTH AVENUE'
[COL] BIN 1077403: 'House No' conflicto {'82', '88', '33'}, usando '88'
[COL] BIN 1077403: 'Street Name' conflicto {'FULTON STREET', 'GOLD STREET'}, usando 'FULTON STREET'
[COL] BIN 1077406: 'House No' conflicto {'225', '223', '219'}, usando '223'
[COL] BIN 1077407: 'House No' conflicto {'165', '185', '215'}, usando '215'
[COL] BIN 1077414: 'Street Name' conflicto {'SAINT JAMES PLACE', 'ST JAMES PLACE'}, usando 'SAINT JAMES PLACE'
[COL] BIN 1077441: 'Street Name' conflicto {'DOYER STREET', 'DOYERS STREET'}, usando 'DOYERS STREET'
[COL] BIN 1077502: 'House No' conflicto {'612', '604'}, usando '604'
[COL] BIN 1077563: 'House No' conflicto {'303', '146'}, usando '303'
[COL] BIN 1077563: 'Street Name' conflicto {'2 AVENUE', 'EAST    9 STREET'}, usando 'EAST    9 STREET'
[COL] BIN 1077569: 'House No' conflicto {'104', '145', '139'}, usando '145'
[COL] BIN 1077569: 'Street Name' conflicto {'4 AVENUE', 'EAST   14 STREET', 'FOURTH AVENUE'}, usando '4 AVENUE'
[COL] BIN 1077585: 'House No' conflicto {'61', '83', '10'}, usando '83'
[COL] BIN 1077585: 'Street Name' conflicto {'MONROE STREET', 'CATHERINE STREET'}, usando 'CATHERINE STREET'
[COL] BIN 1077603: 'House No' conflicto {'94', '501'}, usando '501'
[COL] BIN 1077603: 'Street Name' conflicto {'EAST    6 STREET', 'AVENUE A'}, usando 'EAST    6 STREET'
[COL] BIN 1077605: 'House No' conflicto {'383', '385', '387'}, usando '385'
[COL] BIN 1077607: 'House No' conflicto {'210', '212', '208'}, usando '212'
[COL] BIN 1077628: 'House No' conflicto {'201', '211'}, usando '201'
[COL] BIN 1077629: 'House No' conflicto {'43', '45'}, usando '43'
[COL] BIN 1077638: 'House No' conflicto {'206', '200'}, usando '206'
[COL] BIN 1077661: 'House No' conflicto {'245', '164'}, usando '164'
[COL] BIN 1077661: 'Street Name' conflicto {'1 AVENUE', 'EAST   10 STREET'}, usando '1 AVENUE'
[COL] BIN 1077666: 'Street Name' conflicto {'1 AVENUE', 'FIRST AVENUE'}, usando 'FIRST AVENUE'
[COL] BIN 1077678: 'House No' conflicto {'430', '426'}, usando '430'
[COL] BIN 1077683: 'House No' conflicto {'83', '347'}, usando '347'
[COL] BIN 1077683: 'Street Name' conflicto {'1 AVENUE', 'EAST    5 STREET', 'FIRST AVENUE'}, usando 'EAST    5 STREET'
[COL] BIN 1077690: 'Street Name' conflicto {'1 AVENUE', 'FIRST AVENUE'}, usando 'FIRST AVENUE'
[COL] BIN 1077695: 'House No' conflicto {'135', '83'}, usando '83'
[COL] BIN 1077695: 'Street Name' conflicto {'1 AVENUE', 'ST MARKS PLACE'}, usando 'ST MARKS PLACE'
[COL] BIN 1077703: 'Street Name' conflicto {'1 AVENUE', 'FIRST AVENUE'}, usando '1 AVENUE'
[COL] BIN 1077715: 'Street Name' conflicto {'2 AVENUE', 'SECOND AVENUE'}, usando '2 AVENUE'
[COL] BIN 1077745: 'LOT' conflicto {'7501', '41'}, usando '7501'
[COL] BIN 1077763: 'House No' conflicto {'134', '132'}, usando '132'
[COL] BIN 1077764: 'Street Name' conflicto {'AVENUE OF THE AMERICAS', '6 AVENUE'}, usando '6 AVENUE'
[COL] BIN 1077778: 'House No' conflicto {'47', '49'}, usando '49'
[COL] BIN 1077799: 'House No' conflicto {'151', '202'}, usando '151'
[COL] BIN 1077799: 'Street Name' conflicto {'THOMPSON STREET', 'BLEECKER STREET'}, usando 'BLEECKER STREET'
[COL] BIN 1077802: 'Street Name' conflicto {'MAC DOUGAL STREET', 'MACDOUGAL STREET'}, usando 'MACDOUGAL STREET'
[COL] BIN 1077816: 'House No' conflicto {'87', '460', '83', '85'}, usando '87'
[COL] BIN 1077816: 'Street Name' conflicto {'HUDSON STREET', 'BARROW STREET'}, usando 'BARROW STREET'
[COL] BIN 1077817: 'House No' conflicto {'450', '67'}, usando '450'
[COL] BIN 1077817: 'Street Name' conflicto {'MORTON STREET', 'HUDSON STREET'}, usando 'HUDSON STREET'
[COL] BIN 1077832: 'House No' conflicto {'136', '140'}, usando '140'
[COL] BIN 1077840: 'House No' conflicto {'546', '546A'}, usando '546A'
[COL] BIN 1077841: 'House No' conflicto {'730', '720', '350'}, usando '350'
[COL] BIN 1077841: 'Street Name' conflicto {'WEST   50 STREET', '9 AVENUE'}, usando 'WEST   50 STREET'
[COL] BIN 1077844: 'House No' conflicto {'160', '165', '70'}, usando '160'
[COL] BIN 1077844: 'Street Name' conflicto {'LINCOLN CENTER PLAZA', 'WEST   66 STREET', 'WEST   65 STREET'}, usando 'WEST   66 STREET'
[COL] BIN 1077854: 'House No' conflicto {'200', '1535'}, usando '200'
[COL] BIN 1077854: 'Street Name' conflicto {'3 AVENUE', 'EAST   87 STREET', 'THIRD AVENUE'}, usando 'EAST   87 STREET'
[COL] BIN 1077854: 'LOT' conflicto {'4', '7502'}, usando '7502'
[COL] BIN 1077855: 'House No' conflicto {'133', '129'}, usando '129'
[COL] BIN 1077918: 'House No' conflicto {'30', '32'}, usando '32'
[COL] BIN 1077932: 'House No' conflicto {'12', '28'}, usando '28'
[COL] BIN 1078028: 'House No' conflicto {'571', '577'}, usando '571'
[COL] BIN 1078223: 'House No' conflicto {'2273', '250', '2275'}, usando '2275'
[COL] BIN 1078223: 'Street Name' conflicto {'BROADWAY', 'WEST   82 STREET'}, usando 'BROADWAY'
[COL] BIN 1078241: 'House No' conflicto {'255', '519'}, usando '255'
[COL] BIN 1078241: 'Street Name' conflicto {'WEST   10 STREET', 'HUDSON STREET'}, usando 'WEST   10 STREET'
[COL] BIN 1078260: 'House No' conflicto {'405', '984', '990'}, usando '405'
[COL] BIN 1078260: 'Street Name' conflicto {'1 AVENUE', 'EAST   54 STREET', 'FIRST AVENUE'}, usando 'EAST   54 STREET'
[COL] BIN 1078315: 'House No' conflicto {'800B', '800A', '800'}, usando '800B'
[COL] BIN 1078315: 'Street Name' conflicto {'5 AVENUE', 'FIFTH AVENUE'}, usando 'FIFTH AVENUE'
[COL] BIN 1078347: 'House No' conflicto {'249', '1143', '1143A'}, usando '249'
[COL] BIN 1078347: 'Street Name' conflicto {'2 AVENUE', 'EAST   60 STREET'}, usando 'EAST   60 STREET'
[COL] BIN 1078348: 'House No' conflicto {'252', '1153'}, usando '252'
[COL] BIN 1078348: 'Street Name' conflicto {'2 AVENUE', 'EAST   61 STREET'}, usando 'EAST   61 STREET'
[COL] BIN 1078418: 'House No' conflicto {'119', '121'}, usando '119'
[COL] BIN 1078418: 'Street Name' conflicto {'9 AVENUE', 'NINTH AVENUE'}, usando '9 AVENUE'
[COL] BIN 1078419: 'House No' conflicto {'432', '419'}, usando '419'
[COL] BIN 1078419: 'Street Name' conflicto {'WEST   17 STREET', 'WEST   18 STREET'}, usando 'WEST   17 STREET'
[COL] BIN 1078444: 'House No' conflicto {'412', '400'}, usando '412'
[COL] BIN 1078500: 'House No' conflicto {'26', '1310'}, usando '26'
[COL] BIN 1078500: 'Street Name' conflicto {'EAST   93 STREET', 'MADISON AVENUE'}, usando 'EAST   93 STREET'
[COL] BIN 1078504: 'Street Name' conflicto {'9 AVENUE', 'NINTH AVENUE'}, usando 'NINTH AVENUE'
[COL] BIN 1078536: 'House No' conflicto {'1638', '1642'}, usando '1638'
[COL] BIN 1078540: 'House No' conflicto {'309', '265'}, usando '265'
[COL] BIN 1078540: 'Street Name' conflicto {'8 AVENUE', 'WEST   23 STREET'}, usando '8 AVENUE'
[COL] BIN 1078560: 'House No' conflicto {'237', '235'}, usando '235'
[COL] BIN 1078565: 'House No' conflicto {'300', '1632'}, usando '300'
[COL] BIN 1078565: 'Street Name' conflicto {'2 AVENUE', 'EAST   85 STREET'}, usando 'EAST   85 STREET'
[COL] BIN 1078601: 'House No' conflicto {'1769', '1779'}, usando '1779'
[COL] BIN 1078651: 'House No' conflicto {'16', '6'}, usando '16'
[COL] BIN 1078654: 'House No' conflicto {'38', '40', '1234'}, usando '38'
[COL] BIN 1078654: 'Street Name' conflicto {'BROADWAY', 'WEST   31 STREET'}, usando 'WEST   31 STREET'
[COL] BIN 1078658: 'House No' conflicto {'5', '7'}, usando '5'
[COL] BIN 1078668: 'House No' conflicto {'1785', '340'}, usando '340'
[COL] BIN 1078668: 'Street Name' conflicto {'1 AVENUE', 'EAST   93 STREET'}, usando 'EAST   93 STREET'
[COL] BIN 1078674: 'Street Name' conflicto {'1 AVENUE', 'FIRST AVENUE'}, usando '1 AVENUE'
[COL] BIN 1078756: 'House No' conflicto {'460', '151', '155', '160', '181', '450'}, usando '155'
[COL] BIN 1078756: 'Street Name' conflicto {'3 AVENUE', 'EAST   32 STREET', 'EAST   31 STREET', 'LEXINGTON AVENUE'}, usando 'EAST   31 STREET'
[COL] BIN 1078776: 'Street Name' conflicto {'2 AVENUE', 'SECOND AVENUE'}, usando '2 AVENUE'
[COL] BIN 1078833: 'Street Name' conflicto {'2 AVENUE', 'SECOND AVENUE'}, usando '2 AVENUE'
[COL] BIN 1078840: 'House No' conflicto {'1565', '50'}, usando '1565'
[COL] BIN 1078840: 'Street Name' conflicto {'EAST  106 STREET', 'MADISON AVENUE'}, usando 'MADISON AVENUE'
[COL] BIN 1078843: 'House No' conflicto {'614', '300', '606'}, usando '614'
[COL] BIN 1078843: 'Street Name' conflicto {'2 AVENUE', 'EAST   34 STREET', 'SECOND AVENUE'}, usando 'SECOND AVENUE'
[COL] BIN 1078941: 'House No' conflicto {'169', '171'}, usando '171'
[COL] BIN 1078952: 'House No' conflicto {'50', '44'}, usando '44'
[COL] BIN 1078953: 'House No' conflicto {'210', '214'}, usando '210'
[COL] BIN 1078988: 'House No' conflicto {'55', '1', '23', '15', '3'}, usando '55'
[COL] BIN 1078988: 'Street Name' conflicto {'EXCHANGE PLACE', 'WALL STREET', 'BROAD STREET'}, usando 'EXCHANGE PLACE'
[COL] BIN 1079000: 'Street Name' conflicto {'CENTRE STREET', 'CENTER STREET'}, usando 'CENTER STREET'
[COL] BIN 1079001: 'House No' conflicto {'74', '2'}, usando '2'
[COL] BIN 1079001: 'Street Name' conflicto {'PEARL STREET', 'COENTIES SLIP'}, usando 'COENTIES SLIP'
[COL] BIN 1079072: 'House No' conflicto {'121', '123'}, usando '121'
[COL] BIN 1079150: 'House No' conflicto {'49', '51'}, usando '51'
[COL] BIN 1079153: 'House No' conflicto {'80', '86', '270'}, usando '270'
[COL] BIN 1079153: 'Street Name' conflicto {'CHAMBERS STREET', 'BROADWAY'}, usando 'BROADWAY'
[COL] BIN 1079156: 'House No' conflicto {'38', '140'}, usando '38'
[COL] BIN 1079156: 'Street Name' conflicto {'CHURCH STREET', 'WARREN STREET'}, usando 'WARREN STREET'
[COL] BIN 1079184: 'House No' conflicto {'224', '261'}, usando '224'
[COL] BIN 1079184: 'Street Name' conflicto {'11 AVENUE', '12 AVENUE'}, usando '12 AVENUE'
[COL] BIN 1079187: 'House No' conflicto {'1235', '1231'}, usando '1231'
[COL] BIN 1079200: 'Street Name' conflicto {'3 AVENUE', 'THIRD AVENUE'}, usando 'THIRD AVENUE'
[COL] BIN 1079211: 'House No' conflicto {'90', '325'}, usando '325'
[COL] BIN 1079211: 'Street Name' conflicto {'BROADWAY', 'WORTH STREET'}, usando 'BROADWAY'
[COL] BIN 1079216: 'House No' conflicto {'49', '51'}, usando '51'
[COL] BIN 1079275: 'House No' conflicto {'73', '65', '77'}, usando '77'
[COL] BIN 1079308: 'House No' conflicto {'110', '750'}, usando '750'
[COL] BIN 1079308: 'Street Name' conflicto {'COLUMBUS AVENUE', 'WEST   97 STREET'}, usando 'COLUMBUS AVENUE'
[COL] BIN 1079341: 'House No' conflicto {'320', '302'}, usando '302'
[COL] BIN 1079342: 'House No' conflicto {'307', '315'}, usando '307'
[COL] BIN 1079353: 'House No' conflicto {'305', '303'}, usando '305'
[COL] BIN 1079357: 'House No' conflicto {'307', '306'}, usando '306'
[COL] BIN 1079357: 'Street Name' conflicto {'EAST  116 STREET', 'EAST  117 STREET'}, usando 'EAST  117 STREET'
[COL] BIN 1079367: 'House No' conflicto {'2040', '405'}, usando '405'
[COL] BIN 1079367: 'Street Name' conflicto {'FIRST AVENUE', 'EAST  105 STREET'}, usando 'EAST  105 STREET'
[COL] BIN 1079377: 'House No' conflicto {'2159', '230', '235', '2151'}, usando '2159'
[COL] BIN 1079377: 'Street Name' conflicto {'BROADWAY', 'WEST   75 STREET', 'WEST   76 STREET'}, usando 'BROADWAY'
[COL] BIN 1079387: 'House No' conflicto {'2218', '2210'}, usando '2210'
[COL] BIN 1079444: 'Street Name' conflicto {'ADAM CLAYTON POWELL JR BOULEVARD', '7 AVENUE'}, usando 'ADAM CLAYTON POWELL JR BOULEVARD'
[COL] BIN 1079445: 'House No' conflicto {'93', '1893'}, usando '1893'
[COL] BIN 1079445: 'Street Name' conflicto {'7 AVENUE', 'ST NICHOLAS AVENUE'}, usando '7 AVENUE'
[COL] BIN 1079465: 'House No' conflicto {'988', '994'}, usando '994'
[COL] BIN 1079492: 'House No' conflicto {'2059', '170'}, usando '2059'
[COL] BIN 1079492: 'Street Name' conflicto {'ADAM CLAYTON POWELL JR BOULEVARD', 'WEST  123 STREET'}, usando 'ADAM CLAYTON POWELL JR BOULEVARD'
[COL] BIN 1079519: 'House No' conflicto {'715', '70'}, usando '715'
[COL] BIN 1079519: 'Street Name' conflicto {'COLUMBUS AVENUE', 'WEST   95 STREET'}, usando 'COLUMBUS AVENUE'
[COL] BIN 1079528: 'House No' conflicto {'148', '62'}, usando '62'
[COL] BIN 1079528: 'Street Name' conflicto {'HESTER STREET', 'ELIZABETH STREET'}, usando 'ELIZABETH STREET'
[COL] BIN 1079703: 'House No' conflicto {'151', '149'}, usando '149'
[COL] BIN 1079711: 'House No' conflicto {'66', '64'}, usando '64'
[COL] BIN 1079766: 'Street Name' conflicto {'ADAM CLAYTON POWELL JR BOULEVARD', '7 AVENUE'}, usando 'ADAM CLAYTON POWELL JR BOULEVARD'
[COL] BIN 1079877: 'House No' conflicto {'460', '122', '462'}, usando '122'
[COL] BIN 1079877: 'Street Name' conflicto {'BROADWAY', 'GRAND STREET'}, usando 'GRAND STREET'
[COL] BIN 1079887: 'House No' conflicto {'480', '40'}, usando '480'
[COL] BIN 1079887: 'Street Name' conflicto {'BROADWAY', 'CROSBY STREET'}, usando 'BROADWAY'
[COL] BIN 1079906: 'House No' conflicto {'50', '46'}, usando '50'
[COL] BIN 1079909: 'House No' conflicto {'1378', '1370'}, usando '1378'
[COL] BIN 1079909: 'Street Name' conflicto {'ST NICHOLAS AVENUE', 'SAINT NICHOLAS AVENUE'}, usando 'SAINT NICHOLAS AVENUE'
[COL] BIN 1079933: 'House No' conflicto {'76', '72'}, usando '72'
[COL] BIN 1079952: 'House No' conflicto {'73', '71'}, usando '73'
[COL] BIN 1079970: 'House No' conflicto {'128', '126'}, usando '126'
[COL] BIN 1079970: 'Street Name' conflicto {'WOOSTER STREET', 'PRINCE STREET'}, usando 'PRINCE STREET'
[COL] BIN 1079975: 'House No' conflicto {'119', '121'}, usando '121'
[COL] BIN 1079979: 'House No' conflicto {'330', '340'}, usando '340'
[COL] BIN 1079998: 'House No' conflicto {'584', '120'}, usando '584'
[COL] BIN 1079998: 'Street Name' conflicto {'BROADWAY', 'CROSBY STREET'}, usando 'BROADWAY'
[COL] BIN 1080001: 'Borough' conflicto {'Manhattan', 'Bronx'}, usando 'Manhattan'
[COL] BIN 1080003: 'Borough' conflicto {'Manhattan', 'Bronx'}, usando 'Bronx'
[COL] BIN 1080004: 'Borough' conflicto {'Manhattan', 'Bronx'}, usando 'Manhattan'
[COL] BIN 1080005: 'Borough' conflicto {'Manhattan', 'Bronx'}, usando 'Bronx'
[COL] BIN 1080029: 'House No' conflicto {'195', '193'}, usando '195'
[COL] BIN 1080030: 'House No' conflicto {'3732', '3736'}, usando '3732'
[COL] BIN 1080032: 'House No' conflicto {'3758', '3754'}, usando '3758'
[COL] BIN 1080084: 'House No' conflicto {'399', '393'}, usando '399'
[COL] BIN 1080092: 'House No' conflicto {'2', '740'}, usando '740'
[COL] BIN 1080092: 'Street Name' conflicto {'BROADWAY', 'ASTOR PLACE'}, usando 'BROADWAY'
[COL] BIN 1080097: 'House No' conflicto {'400', '392'}, usando '400'
[COL] BIN 1080130: 'House No' conflicto {'835', '62'}, usando '835'
[COL] BIN 1080130: 'Street Name' conflicto {'BROADWAY', 'EAST   13 STREET'}, usando 'BROADWAY'
[COL] BIN 1080188: 'House No' conflicto {'90', '627'}, usando '90'
[COL] BIN 1080188: 'Street Name' conflicto {'MORTON STREET', 'GREENWICH STREET'}, usando 'MORTON STREET'
[COL] BIN 1080222: 'Street Name' conflicto {'9 AVENUE', 'NINTH AVENUE'}, usando '9 AVENUE'
[COL] BIN 1080257: 'House No' conflicto {'809', '66', '60', '70'}, usando '60'
[COL] BIN 1080257: 'Street Name' conflicto {'WASHINGTON STREET', 'GANSEVOORT STREET'}, usando 'GANSEVOORT STREET'
[COL] BIN 1080258: 'House No' conflicto {'52', '58'}, usando '58'
[COL] BIN 1080266: 'House No' conflicto {'25', '416', '29'}, usando '416'
[COL] BIN 1080266: 'Street Name' conflicto {'WEST   13 STREET', 'LITTLE WEST   12 STREET'}, usando 'WEST   13 STREET'
[COL] BIN 1080300: 'House No' conflicto {'536', '532'}, usando '532'
[COL] BIN 1080311: 'House No' conflicto {'530', '520'}, usando '520'
[COL] BIN 1080314: 'House No' conflicto {'521', '525'}, usando '521'
[COL] BIN 1080315: 'House No' conflicto {'537', '531'}, usando '531'
[COL] BIN 1080398: 'House No' conflicto {'247', '2394'}, usando '247'
[COL] BIN 1080398: 'Street Name' conflicto {'BROADWAY', 'WEST   87 STREET'}, usando 'WEST   87 STREET'
[COL] BIN 1080446: 'House No' conflicto {'153', '684'}, usando '153'
[COL] BIN 1080446: 'Street Name' conflicto {'3 AVENUE', 'EAST   43 STREET'}, usando 'EAST   43 STREET'
[COL] BIN 1080503: 'House No' conflicto {'1716', '1712', '1714'}, usando '1712'
[COL] BIN 1080509: 'House No' conflicto {'1740', '1734'}, usando '1734'
[COL] BIN 1080572: 'House No' conflicto {'120', '130'}, usando '130'
[COL] BIN 1080618: 'House No' conflicto {'39', '41'}, usando '39'
[COL] BIN 1080621: 'House No' conflicto {'100', '104', '102'}, usando '104'
[COL] BIN 1080621: 'Street Name' conflicto {'5 AVENUE', 'FIFTH AVENUE'}, usando '5 AVENUE'
[COL] BIN 1080623: 'House No' conflicto {'39', '47'}, usando '39'
[COL] BIN 1080644: 'Street Name' conflicto {'AVENUE OF THE AMERICAS', '6 AVENUE'}, usando 'AVENUE OF THE AMERICAS'
[COL] BIN 1080673: 'House No' conflicto {'32', '40'}, usando '40'
[COL] BIN 1080690: 'House No' conflicto {'211', '215'}, usando '215'
[COL] BIN 1080723: 'House No' conflicto {'1214', '1216'}, usando '1214'
[COL] BIN 1080748: 'House No' conflicto {'7', '10'}, usando '7'
[COL] BIN 1080748: 'Street Name' conflicto {'EAST   17 STREET', 'EAST   18 STREET'}, usando 'EAST   17 STREET'
[COL] BIN 1080756: 'House No' conflicto {'115', '881'}, usando '115'
[COL] BIN 1080756: 'Street Name' conflicto {'BROADWAY', '5 AVENUE'}, usando '5 AVENUE'
[COL] BIN 1080796: 'House No' conflicto {'24', '32'}, usando '24'
[COL] BIN 1080803: 'House No' conflicto {'275', '277'}, usando '275'
[COL] BIN 1080813: 'House No' conflicto {'527', '524', '171'}, usando '524'
[COL] BIN 1080813: 'Street Name' conflicto {'RIVERSIDE DRIVE', 'CLAREMONT AVENUE'}, usando 'RIVERSIDE DRIVE'
[COL] BIN 1080824: 'Street Name' conflicto {'AVENUE OF AMERICAS', 'AVENUE OF THE AMERICAS', '6 AVENUE'}, usando '6 AVENUE'
[COL] BIN 1080830: 'House No' conflicto {'230', '219'}, usando '230'
[COL] BIN 1080830: 'Street Name' conflicto {'WEST   40 STREET', 'WEST   41 STREET'}, usando 'WEST   41 STREET'
[COL] BIN 1080855: 'House No' conflicto {'753', '60', '755'}, usando '60'
[COL] BIN 1080855: 'Street Name' conflicto {'EAST    8 STREET', 'BROADWAY'}, usando 'EAST    8 STREET'
[COL] BIN 1080966: 'House No' conflicto {'520', '514'}, usando '520'
[COL] BIN 1081012: 'House No' conflicto {'43', '49'}, usando '43'
[COL] BIN 1081016: 'House No' conflicto {'37', '47'}, usando '47'
[COL] BIN 1081017: 'Street Name' conflicto {'5 AVENUE', 'FIFTH AVENUE'}, usando '5 AVENUE'
[COL] BIN 1081023: 'House No' conflicto {'10', '132'}, usando '10'
[COL] BIN 1081023: 'Street Name' conflicto {'LINCOLN CENTER', 'LINCOLN CENTER PLAZA', 'WEST   65 STREET'}, usando 'LINCOLN CENTER PLAZA'
[COL] BIN 1081034: 'House No' conflicto {'200', '212', '2075', '2077'}, usando '200'
[COL] BIN 1081034: 'Street Name' conflicto {'BROADWAY', 'WEST   72 STREET'}, usando 'WEST   72 STREET'
[COL] BIN 1081111: 'House No' conflicto {'2201', '2199'}, usando '2199'
[COL] BIN 1081112: 'House No' conflicto {'2146', '2150'}, usando '2150'
[COL] BIN 1081115: 'House No' conflicto {'2102', '2110'}, usando '2102'
[COL] BIN 1081141: 'Street Name' conflicto {'5 AVENUE', 'FIFTH AVENUE'}, usando '5 AVENUE'
[COL] BIN 1081145: 'Street Name' conflicto {'5 AVENUE', 'FIFTH AVENUE'}, usando '5 AVENUE'
[COL] BIN 1081151: 'House No' conflicto {'21', '500'}, usando '500'
[COL] BIN 1081151: 'Street Name' conflicto {'MADISON AVENUE', 'EAST   52 STREET'}, usando 'MADISON AVENUE'
[COL] BIN 1081158: 'House No' conflicto {'611', '609'}, usando '611'
[COL] BIN 1081162: 'Street Name' conflicto {'3 AVENUE', 'THIRD AVENUE'}, usando 'THIRD AVENUE'
[COL] BIN 1081179: 'Street Name' conflicto {'3 AVENUE', 'THIRD AVENUE'}, usando 'THIRD AVENUE'
[COL] BIN 1081182: 'LOT' conflicto {'7503', '1'}, usando '7503'
[COL] BIN 1081216: 'House No' conflicto {'1122', '1120'}, usando '1120'
[COL] BIN 1081245: 'House No' conflicto {'402', '404', '1456'}, usando '1456'
[COL] BIN 1081245: 'Street Name' conflicto {'1 AVENUE', 'EAST   76 STREET', 'FIRST AVENUE'}, usando 'FIRST AVENUE'
[COL] BIN 1081375: 'Street Name' conflicto {'MALCOLM X BOULEVARD', 'LENOX AVENUE'}, usando 'LENOX AVENUE'
[COL] BIN 1081419: 'House No' conflicto {'695', '681'}, usando '695'
[COL] BIN 1081508: 'Street Name' conflicto {'8 AVENUE', 'FREDERICK DOUGLAS BOULEVARD'}, usando '8 AVENUE'
[COL] BIN 1081511: 'House No' conflicto {'225', '215'}, usando '215'
[COL] BIN 1081600: 'House No' conflicto {'130', '124'}, usando '124'
[COL] BIN 1081661: 'House No' conflicto {'10', '340'}, usando '10'
[COL] BIN 1081661: 'Street Name' conflicto {'EAST   17 STREET', 'NATHAN D PERLMAN PLACE'}, usando 'NATHAN D PERLMAN PLACE'
[COL] BIN 1081694: 'Street Name' conflicto {'1 AVENUE', 'FIRST AVENUE'}, usando 'FIRST AVENUE'
[COL] BIN 1081771: 'House No' conflicto {'40', '205'}, usando '205'
[COL] BIN 1081771: 'Street Name' conflicto {'AMSTERDAM AVENUE', 'WEST   61 STREET'}, usando 'WEST   61 STREET'
[COL] BIN 1081859: 'House No' conflicto {'517', '1086'}, usando '1086'
[COL] BIN 1081859: 'Street Name' conflicto {'SAINT NICHOLAS AVENUE', 'WEST  164 STREET'}, usando 'SAINT NICHOLAS AVENUE'
[COL] BIN 1081874: 'House No' conflicto {'544', '546'}, usando '544'
[COL] BIN 1081880: 'House No' conflicto {'4250', '658'}, usando '4250'
[COL] BIN 1081880: 'Street Name' conflicto {'BROADWAY', 'WEST  181 STREET'}, usando 'BROADWAY'
[COL] BIN 1081883: 'House No' conflicto {'148', '144'}, usando '144'
[COL] BIN 1082032: 'House No' conflicto {'88', '72'}, usando '72'
[COL] BIN 1082032: 'Street Name' conflicto {'WEST BROADWAY', 'WARREN STREET'}, usando 'WARREN STREET'
[COL] BIN 1082033: 'LOT' conflicto {'7507', '7', '1'}, usando '7507'
[COL] BIN 1082051: 'House No' conflicto {'606', '4932', '4930'}, usando '4932'
[COL] BIN 1082051: 'Street Name' conflicto {'BROADWAY', 'WEST  207 STREET'}, usando 'BROADWAY'
[COL] BIN 1082053: 'House No' conflicto {'590', '588B', '592'}, usando '592'
[COL] BIN 1082063: 'LOT' conflicto {'7501', '339'}, usando '339'
[COL] BIN 1082065: 'House No' conflicto {'530', '37'}, usando '530'
[COL] BIN 1082065: 'Street Name' conflicto {'PARK TERRACE EAST', 'WEST  215 STREET'}, usando 'WEST  215 STREET'
[COL] BIN 1082090: 'Street Name' conflicto {'FREDERICK DOUGLASS BOULEVARD', 'FREDERICK DOUGLAS BOULEVARD'}, usando 'FREDERICK DOUGLASS BOULEVARD'
[COL] BIN 1082091: 'House No' conflicto {'817', '813', '255'}, usando '255'
[COL] BIN 1082091: 'Street Name' conflicto {'CABRINI BOULEVARD', 'WEST  187 STREET'}, usando 'CABRINI BOULEVARD'
[COL] BIN 1082108: 'House No' conflicto {'162', '540'}, usando '540'
[COL] BIN 1082108: 'Street Name' conflicto {'3 AVENUE', 'EAST   36 STREET'}, usando '3 AVENUE'
[COL] BIN 1082153: 'Street Name' conflicto {'3 AVENUE', 'THIRD AVENUE'}, usando 'THIRD AVENUE'
[COL] BIN 1082155: 'Street Name' conflicto {'1 AVENUE', 'FIRST AVENUE'}, usando '1 AVENUE'
[COL] BIN 1082188: 'House No' conflicto {'1364', '1356'}, usando '1356'
[COL] BIN 1082192: 'House No' conflicto {'1370', '188'}, usando '188'
[COL] BIN 1082192: 'Street Name' conflicto {'3 AVENUE', 'EAST   78 STREET'}, usando 'EAST   78 STREET'
[COL] BIN 1082210: 'House No' conflicto {'34', '36'}, usando '34'
[COL] BIN 1082263: 'House No' conflicto {'468', '369'}, usando '468'
[COL] BIN 1082263: 'Street Name' conflicto {'9 AVENUE', 'WEST   36 STREET'}, usando '9 AVENUE'
[COL] BIN 1082343: 'House No' conflicto {'1895', '1893'}, usando '1895'
[COL] BIN 1082441: 'House No' conflicto {'529', '536', '543'}, usando '529'
[COL] BIN 1082441: 'Street Name' conflicto {'WEST   42 STREET', 'WEST   43 STREET'}, usando 'WEST   42 STREET'
[COL] BIN 1082469: 'House No' conflicto {'410', '15'}, usando '15'
[COL] BIN 1082469: 'Street Name' conflicto {'WEST   13 STREET', 'LITTLE WEST   12 STREET'}, usando 'LITTLE WEST   12 STREET'
[COL] BIN 1082477: 'House No' conflicto {'135', '137'}, usando '137'
[COL] BIN 1082491: 'House No' conflicto {'88', '59'}, usando '88'
[COL] BIN 1082491: 'Street Name' conflicto {'ELDRIDGE STREET', 'ALLEN STREET'}, usando 'ELDRIDGE STREET'
[COL] BIN 1082497: 'House No' conflicto {'675', '673'}, usando '673'
[COL] BIN 1082497: 'Street Name' conflicto {'9 AVENUE', 'NINTH AVENUE'}, usando '9 AVENUE'
[COL] BIN 1082513: 'House No' conflicto {'310', '304'}, usando '310'
[COL] BIN 1082526: 'House No' conflicto {'176', '174'}, usando '174'
[COL] BIN 1082532: 'House No' conflicto {'200', '278', '276', '270'}, usando '200'
[COL] BIN 1082532: 'Street Name' conflicto {'WEST   26 STREET', '7 AVENUE'}, usando 'WEST   26 STREET'
[COL] BIN 1082576: 'House No' conflicto {'90', '206'}, usando '90'
[COL] BIN 1082576: 'Street Name' conflicto {'AMSTERDAM AVENUE', 'WEST   64 STREET'}, usando 'AMSTERDAM AVENUE'
[COL] BIN 1082582: 'House No' conflicto {'241', '242'}, usando '241'
[COL] BIN 1082582: 'Street Name' conflicto {'WEST   62 STREET', 'WEST   63 STREET'}, usando 'WEST   62 STREET'
[COL] BIN 1082584: 'House No' conflicto {'249', '247'}, usando '249'
[COL] BIN 1082586: 'House No' conflicto {'249', '250'}, usando '250'
[COL] BIN 1082586: 'Street Name' conflicto {'WEST   62 STREET', 'WEST   63 STREET'}, usando 'WEST   63 STREET'
[COL] BIN 1082634: 'House No' conflicto {'17', '1'}, usando '17'
[COL] BIN 1082634: 'Street Name' conflicto {'WEST STREET', 'BATTERY PLACE'}, usando 'BATTERY PLACE'
[COL] BIN 1082653: 'House No' conflicto {'415', '413', '417'}, usando '415'
[COL] BIN 1082654: 'House No' conflicto {'266', '268', '264', '240'}, usando '266'
[COL] BIN 1082656: 'House No' conflicto {'15', '610'}, usando '610'
[COL] BIN 1082656: 'Street Name' conflicto {'WEST   49 STREET', '5 AVENUE', 'FIFTH AVENUE'}, usando 'FIFTH AVENUE'
[COL] BIN 1082667: 'House No' conflicto {'43', '65'}, usando '43'
[COL] BIN 1082687: 'House No' conflicto {'50', '60'}, usando '60'
[COL] BIN 1082691: 'House No' conflicto {'2600', '2610', '2606', '215'}, usando '215'
[COL] BIN 1082691: 'Street Name' conflicto {'BROADWAY', 'WEST   98 STREET'}, usando 'WEST   98 STREET'
[COL] BIN 1082718: 'House No' conflicto {'429', '1000'}, usando '1000'
[COL] BIN 1082718: 'Street Name' conflicto {'10 AVENUE', 'WEST   58 STREET'}, usando '10 AVENUE'
[COL] BIN 1082726: 'House No' conflicto {'635', '245', '645'}, usando '245'
[COL] BIN 1082726: 'Street Name' conflicto {'AVENUE C', 'EAST   14 STREET'}, usando 'AVENUE C'
[COL] BIN 1082729: 'House No' conflicto {'460', '462'}, usando '460'
[COL] BIN 1082729: 'Street Name' conflicto {'2 AVENUE', 'SECOND AVENUE'}, usando 'SECOND AVENUE'
[COL] BIN 1082730: 'House No' conflicto {'470', '476'}, usando '470'
[COL] BIN 1082730: 'Street Name' conflicto {'2 AVENUE', 'SECOND AVENUE'}, usando 'SECOND AVENUE'
[COL] BIN 1082731: 'Street Name' conflicto {'2 AVENUE', 'SECOND AVENUE'}, usando 'SECOND AVENUE'
[COL] BIN 1082732: 'House No' conflicto {'486', '484'}, usando '484'
[COL] BIN 1082732: 'Street Name' conflicto {'2 AVENUE', 'SECOND AVENUE'}, usando 'SECOND AVENUE'
[COL] BIN 1082733: 'Street Name' conflicto {'2 AVENUE', 'SECOND AVENUE'}, usando 'SECOND AVENUE'
[COL] BIN 1082734: 'Street Name' conflicto {'2 AVENUE', 'SECOND AVENUE'}, usando 'SECOND AVENUE'
[COL] BIN 1082735: 'House No' conflicto {'512', '510'}, usando '510'
[COL] BIN 1082735: 'Street Name' conflicto {'2 AVENUE', 'SECOND AVENUE'}, usando 'SECOND AVENUE'
[COL] BIN 1082736: 'Street Name' conflicto {'2 AVENUE', 'SECOND AVENUE'}, usando 'SECOND AVENUE'
[COL] BIN 1082766: 'House No' conflicto {'647', '653', '649', '651', '655'}, usando '649'
[COL] BIN 1082768: 'House No' conflicto {'10', '8', '6'}, usando '6'
[COL] BIN 1082769: 'House No' conflicto {'4', '2'}, usando '2'
[COL] BIN 1082771: 'House No' conflicto {'625', '605', '615'}, usando '615'
[COL] BIN 1082780: 'Borough' conflicto {'Manhattan', 'Bronx'}, usando 'Bronx'
[COL] BIN 1082781: 'House No' conflicto {'5480', '5470'}, usando '5480'
[COL] BIN 1082781: 'Borough' conflicto {'Manhattan', 'Bronx'}, usando 'Bronx'
[COL] BIN 1082782: 'House No' conflicto {'125', '5365'}, usando '5365'
[COL] BIN 1082782: 'Street Name' conflicto {'BROADWAY', 'WEST  228 STREET'}, usando 'BROADWAY'
[COL] BIN 1082782: 'Borough' conflicto {'Manhattan', 'Bronx'}, usando 'Manhattan'
[COL] BIN 1082793: 'Street Name' conflicto {'8 AVENUE', 'EIGHTH AVENUE'}, usando '8 AVENUE'
[COL] BIN 1082794: 'House No' conflicto {'280', '290'}, usando '280'
[COL] BIN 1082794: 'Street Name' conflicto {'9 AVENUE', 'NINTH AVENUE'}, usando '9 AVENUE'
[COL] BIN 1082849: 'House No' conflicto {'287', '285', '281', '283'}, usando '281'
[COL] BIN 1082851: 'House No' conflicto {'319', '321', '315'}, usando '315'
[COL] BIN 1082852: 'House No' conflicto {'620', '610'}, usando '620'
[COL] BIN 1082853: 'House No' conflicto {'626', '628', '622', '624'}, usando '624'
[COL] BIN 1082857: 'House No' conflicto {'12', '16', '14'}, usando '14'
[COL] BIN 1082858: 'House No' conflicto {'18', '20'}, usando '18'
[COL] BIN 1082859: 'House No' conflicto {'510', '518', '520'}, usando '510'
[COL] BIN 1082860: 'House No' conflicto {'526', '524', '522'}, usando '522'
[COL] BIN 1082862: 'House No' conflicto {'530', '540'}, usando '530'
[COL] BIN 1082865: 'House No' conflicto {'410', '342', '330', '332', '400', '338', '346', '334'}, usando '332'
[COL] BIN 1082865: 'Street Name' conflicto {'1 AVENUE', 'EAST   20 STREET', 'FIRST AVENUE'}, usando '1 AVENUE'
[COL] BIN 1082866: 'House No' conflicto {'430', '440'}, usando '430'
[COL] BIN 1082867: 'House No' conflicto {'442', '446', '450', '448', '444'}, usando '448'
[COL] BIN 1082868: 'House No' conflicto {'11', '15', '17'}, usando '11'
[COL] BIN 1082869: 'House No' conflicto {'274', '276', '278', '272'}, usando '278'
[COL] BIN 1082871: 'House No' conflicto {'282', '300'}, usando '300'
[COL] BIN 1082874: 'House No' conflicto {'19', '21'}, usando '19'
[COL] BIN 1082875: 'House No' conflicto {'240', '405', '250'}, usando '405'
[COL] BIN 1082875: 'Street Name' conflicto {'EAST   14 STREET', 'FIRST AVENUE'}, usando 'EAST   14 STREET'
[COL] BIN 1082877: 'Street Name' conflicto {'1 AVENUE', 'FIRST AVENUE'}, usando 'FIRST AVENUE'
[COL] BIN 1082879: 'House No' conflicto {'435', '445'}, usando '445'
[COL] BIN 1082880: 'House No' conflicto {'453', '447', '455', '451', '449'}, usando '449'
[COL] BIN 1082881: 'House No' conflicto {'3', '1'}, usando '1'
[COL] BIN 1082882: 'House No' conflicto {'5', '7', '9'}, usando '7'
[COL] BIN 1082883: 'House No' conflicto {'515', '505'}, usando '515'
[COL] BIN 1082884: 'House No' conflicto {'535', '545'}, usando '535'
[COL] BIN 1082885: 'House No' conflicto {'521', '523', '525'}, usando '525'
[COL] BIN 1082895: 'Street Name' conflicto {'5 AVENUE', 'FIFTH AVENUE'}, usando 'FIFTH AVENUE'
[COL] BIN 1082908: 'House No' conflicto {'4', '8'}, usando '4'
[COL] BIN 1082908: 'Street Name' conflicto {'PENNSYLVANIA PLAZA', 'PENN PLAZA'}, usando 'PENN PLAZA'
[COL] BIN 1083040: 'House No' conflicto {'104', '102'}, usando '102'
[COL] BIN 1083072: 'House No' conflicto {'159', '432'}, usando '159'
[COL] BIN 1083072: 'Street Name' conflicto {'3 AVENUE', 'EAST   30 STREET'}, usando 'EAST   30 STREET'
[COL] BIN 1083083: 'House No' conflicto {'114', '70'}, usando '70'
[COL] BIN 1083083: 'Street Name' conflicto {'4 AVENUE', 'EAST   12 STREET'}, usando 'EAST   12 STREET'
[COL] BIN 1083090: 'House No' conflicto {'1011', '39', '41', '1013'}, usando '39'
[COL] BIN 1083090: 'Street Name' conflicto {'EAST   78 STREET', 'MADISON AVENUE'}, usando 'EAST   78 STREET'
[COL] BIN 1083091: 'House No' conflicto {'415', '419'}, usando '415'
[COL] BIN 1083119: 'House No' conflicto {'330', '300'}, usando '330'
[COL] BIN 1083120: 'House No' conflicto {'343', '333'}, usando '333'
[COL] BIN 1083146: 'House No' conflicto {'2', '188'}, usando '188'
[COL] BIN 1083146: 'Street Name' conflicto {'AVENUE C', 'HAVEN PLAZA'}, usando 'AVENUE C'
[COL] BIN 1083156: 'House No' conflicto {'69', '40', '71'}, usando '69'
[COL] BIN 1083156: 'Street Name' conflicto {'EAST   11 STREET', 'UNIVERSITY PLACE'}, usando 'UNIVERSITY PLACE'
[COL] BIN 1083204: 'House No' conflicto {'4', '2'}, usando '2'
[COL] BIN 1083241: 'House No' conflicto {'316', '322'}, usando '316'
[COL] BIN 1083243: 'House No' conflicto {'310', '308'}, usando '310'
[COL] BIN 1083247: 'House No' conflicto {'117', '10', 'ONE', '1'}, usando '1'
[COL] BIN 1083247: 'Street Name' conflicto {'UNION SQUARE', 'UNION SQUARE EAST', 'IRVING PLACE', 'EAST   14 STREET'}, usando 'IRVING PLACE'
[COL] BIN 1083301: 'House No' conflicto {'501', '519'}, usando '501'
[COL] BIN 1083320: 'House No' conflicto {'169', '169 FRONT'}, usando '169'
[COL] BIN 1083343: 'House No' conflicto {'317', '315'}, usando '317'
[COL] BIN 1083378: 'House No' conflicto {'345', '301', '303'}, usando '303'
[COL] BIN 1083400: 'House No' conflicto {'453', '457', '455'}, usando '455'
[COL] BIN 1083401: 'House No' conflicto {'573', '577', '575'}, usando '577'
[COL] BIN 1083406: 'House No' conflicto {'42', '124'}, usando '42'
[COL] BIN 1083406: 'Street Name' conflicto {'MARKET STREET', 'MADISON STREET'}, usando 'MARKET STREET'
[COL] BIN 1083419: 'House No' conflicto {'568', '572', '570'}, usando '570'
[COL] BIN 1083420: 'House No' conflicto {'477', '475', '473'}, usando '473'
[COL] BIN 1083420: 'Street Name' conflicto {'FDR DRIVE', 'FDR'}, usando 'FDR DRIVE'
[COL] BIN 1083423: 'House No' conflicto {'410', '408'}, usando '408'
[COL] BIN 1083428: 'House No' conflicto {'65', '64'}, usando '65'
[COL] BIN 1083428: 'Street Name' conflicto {'NORFOLK STREET', 'ESSEX STREET'}, usando 'NORFOLK STREET'
[COL] BIN 1083493: 'Street Name' conflicto {'AVENUE OF THE AMERICAS', '6 AVENUE'}, usando 'AVENUE OF THE AMERICAS'
[COL] BIN 1083498: 'House No' conflicto {'513', '84', '94', '515', '519'}, usando '515'
[COL] BIN 1083498: 'Street Name' conflicto {'BROADWAY', 'MERCER STREET'}, usando 'BROADWAY'
[COL] BIN 1083503: 'House No' conflicto {'160', '158', '166'}, usando '160'
[COL] BIN 1083503: 'Street Name' conflicto {'BLEEKER STREET', 'BLEECKER STREET'}, usando 'BLEEKER STREET'
[COL] BIN 1083504: 'House No' conflicto {'230', '665'}, usando '665'
[COL] BIN 1083504: 'Street Name' conflicto {'BROADWAY', 'MERCER STREET'}, usando 'BROADWAY'
[COL] BIN 1083516: 'House No' conflicto {'32', '25'}, usando '25'
[COL] BIN 1083516: 'Street Name' conflicto {'WEST   14 STREET', 'WEST   13 STREET'}, usando 'WEST   13 STREET'
[COL] BIN 1083573: 'House No' conflicto {'410', '418', '404', '416', '412', '402', '408'}, usando '418'
[COL] BIN 1083575: 'House No' conflicto {'444', '440'}, usando '440'
[COL] BIN 1083599: 'House No' conflicto {'321', '315'}, usando '321'
[COL] BIN 1083599: 'Street Name' conflicto {'8 AVENUE', 'EIGHTH AVENUE'}, usando '8 AVENUE'
[COL] BIN 1083630: 'House No' conflicto {'1260', '54', '49'}, usando '1260'
[COL] BIN 1083630: 'Street Name' conflicto {'BROADWAY', 'WEST   32 STREET', 'WEST   33 STREET'}, usando 'BROADWAY'
[COL] BIN 1083631: 'House No' conflicto {'10', '14'}, usando '10'
[COL] BIN 1083633: 'House No' conflicto {'20', '28'}, usando '28'
[COL] BIN 1083682: 'Street Name' conflicto {'1 AVENUE', 'FIRST AVENUE'}, usando 'FIRST AVENUE'
[COL] BIN 1083706: 'House No' conflicto {'10', '2500'}, usando '10'
[COL] BIN 1083706: 'Street Name' conflicto {'WATERSIDE PLAZA', 'FDR DRIVE'}, usando 'WATERSIDE PLAZA'
[COL] BIN 1083717: 'House No' conflicto {'1185', '111'}, usando '1185'
[COL] BIN 1083717: 'Street Name' conflicto {'AVENUE OF THE AMERICAS', 'WEST   46 STREET', '6 AVENUE'}, usando 'AVENUE OF THE AMERICAS'
[COL] BIN 1083718: 'Street Name' conflicto {'SEVENTH AVENUE', '7 AVENUE'}, usando '7 AVENUE'
[COL] BIN 1083719: 'Street Name' conflicto {'AVENUE OF THE AMERICAS', '6 AVENUE'}, usando '6 AVENUE'
[COL] BIN 1083723: 'House No' conflicto {'867', '871'}, usando '867'
[COL] BIN 1083728: 'House No' conflicto {'675', '673'}, usando '673'
[COL] BIN 1083728: 'LOT' conflicto {'7503', '36'}, usando '7503'
[COL] BIN 1083734: 'House No' conflicto {'350', '340', '346', '348'}, usando '346'
[COL] BIN 1083745: 'House No' conflicto {'400', '583', '401', '593', '587', '402'}, usando '587'
[COL] BIN 1083745: 'Street Name' conflicto {'NINTH AVENUE', 'WEST   42 STREET', '9 AVENUE', 'WEST   43 STREET'}, usando '9 AVENUE'
[COL] BIN 1083746: 'House No' conflicto {'450', '471', '482', '484'}, usando '484'
[COL] BIN 1083746: 'Street Name' conflicto {'WEST   42 STREET', 'WEST   43 STREET'}, usando 'WEST   43 STREET'
[COL] BIN 1083810: 'Street Name' conflicto {'5 AVENUE', 'FIFTH AVENUE'}, usando '5 AVENUE'
[COL] BIN 1083811: 'Street Name' conflicto {'5 AVENUE', 'FIFTH AVENUE'}, usando 'FIFTH AVENUE'
[COL] BIN 1083823: 'House No' conflicto {'64-02', '1'}, usando '1'
[COL] BIN 1083823: 'Street Name' conflicto {'HECKSCHER FIELDS', 'CENTER DRIVE'}, usando 'HECKSCHER FIELDS'
[COL] BIN 1083834: 'House No' conflicto {'65-02', '104-02'}, usando '65-02'
[COL] BIN 1083846: 'House No' conflicto {'200', '365'}, usando '200'
[COL] BIN 1083846: 'Street Name' conflicto {'COLUMBUS AVENUE', 'CENTRAL PARK WEST', 'CPW'}, usando 'CENTRAL PARK WEST'
[COL] BIN 1083858: 'Street Name' conflicto {'5 AVENUE', 'FIFTH AVENUE'}, usando 'FIFTH AVENUE'
[COL] BIN 1083859: 'House No' conflicto {'50', '31'}, usando '50'
[COL] BIN 1083859: 'Street Name' conflicto {'WEST   50 STREET', 'ROCKEFELLER PLAZA'}, usando 'ROCKEFELLER PLAZA'
[COL] BIN 1083860: 'House No' conflicto {'45', '10', '630'}, usando '630'
[COL] BIN 1083860: 'Street Name' conflicto {'WEST   51 STREET', '5 AVENUE', 'FIFTH AVENUE', 'ROCKEFELLER PLAZA'}, usando 'FIFTH AVENUE'
[COL] BIN 1083861: 'House No' conflicto {'1270', '1260'}, usando '1270'
[COL] BIN 1083861: 'Street Name' conflicto {'AVENUE OF THE AMERICAS', '6 AVENUE'}, usando 'AVENUE OF THE AMERICAS'
[COL] BIN 1083901: 'House No' conflicto {'401', '1168'}, usando '1168'
[COL] BIN 1083901: 'Street Name' conflicto {'1 AVENUE', 'EAST   64 STREET'}, usando '1 AVENUE'
[COL] BIN 1083902: 'Street Name' conflicto {'1 AVENUE', 'FIRST AVENUE'}, usando '1 AVENUE'
[COL] BIN 1083904: 'House No' conflicto {'1200', '402'}, usando '402'
[COL] BIN 1083904: 'Street Name' conflicto {'1 AVENUE', 'EAST   65 STREET'}, usando 'EAST   65 STREET'
[COL] BIN 1083919: 'Street Name' conflicto {'5 AVENUE', 'FIFTH AVENUE'}, usando 'FIFTH AVENUE'
[COL] BIN 1083921: 'Street Name' conflicto {'5 AVENUE', 'FIFTH AVENUE'}, usando 'FIFTH AVENUE'
[COL] BIN 1083923: 'House No' conflicto {'1468', '1190'}, usando '1468'
[COL] BIN 1083923: 'Street Name' conflicto {'5 AVENUE', 'MADISON AVENUE', 'FIFTH AVENUE'}, usando 'MADISON AVENUE'
[COL] BIN 1083929: 'Street Name' conflicto {'1 AVENUE', 'FIRST AVENUE'}, usando 'FIRST AVENUE'
[COL] BIN 1083931: 'House No' conflicto {'1974', '1966', '1978', '420', '1964', '1968'}, usando '1978'
[COL] BIN 1083931: 'Street Name' conflicto {'1 AVENUE', 'EAST  102 STREET'}, usando '1 AVENUE'
[COL] BIN 1083932: 'House No' conflicto {'1944', '1948', '1954', '1940'}, usando '1940'
[COL] BIN 1083932: 'Street Name' conflicto {'1 AVENUE', 'FIRST AVENUE'}, usando '1 AVENUE'
[COL] BIN 1083937: 'House No' conflicto {'1980', '425'}, usando '425'
[COL] BIN 1083937: 'Street Name' conflicto {'1 AVENUE', 'EAST  102 STREET'}, usando 'EAST  102 STREET'
[COL] BIN 1084036: 'House No' conflicto {'510', '504'}, usando '510'
[COL] BIN 1084065: 'Street Name' conflicto {'FREDERICK DOUGLASS BOULEVARD', 'FREDERICK DOUGLAS BOULEVARD'}, usando 'FREDERICK DOUGLAS BOULEVARD'
[COL] BIN 1084066: 'Street Name' conflicto {'ST NICHOLAS AVENUE', 'SAINT NICHOLAS AVENUE'}, usando 'SAINT NICHOLAS AVENUE'
[COL] BIN 1084068: 'House No' conflicto {'101', '89'}, usando '89'
[COL] BIN 1084088: 'House No' conflicto {'2437', '2435'}, usando '2435'
[COL] BIN 1084088: 'Street Name' conflicto {'FREDERICK DOUGLASS BOULEVARD', 'FREDERICK DOUGLAS BOULEVARD'}, usando 'FREDERICK DOUGLAS BOULEVARD'
[COL] BIN 1084089: 'Street Name' conflicto {'ST NICHOLAS AVENUE', 'SAINT NICHOLAS AVENUE'}, usando 'ST NICHOLAS AVENUE'
[COL] BIN 1084093: 'House No' conflicto {'1295', '1281'}, usando '1281'
[COL] BIN 1084094: 'House No' conflicto {'430', '428'}, usando '428'
[COL] BIN 1084095: 'House No' conflicto {'1305', '1301'}, usando '1305'
[COL] BIN 1084108: 'House No' conflicto {'501', '1290'}, usando '501'
[COL] BIN 1084108: 'Street Name' conflicto {'AMSTERDAM AVENUE', 'WEST  123 STREET'}, usando 'WEST  123 STREET'
[COL] BIN 1084110: 'Street Name' conflicto {'LASALLE STREET', 'LA SALLE STREET'}, usando 'LA SALLE STREET'
[COL] BIN 1084112: 'Street Name' conflicto {'LASALLE STREET', 'LA SALLE STREET'}, usando 'LASALLE STREET'
[COL] BIN 1084113: 'Street Name' conflicto {'LASALLE STREET', 'LA SALLE STREET'}, usando 'LASALLE STREET'
[COL] BIN 1084114: 'Street Name' conflicto {'LASALLE STREET', 'LA SALLE STREET'}, usando 'LASALLE STREET'
[COL] BIN 1084116: 'House No' conflicto {'1320', '55'}, usando '1320'
[COL] BIN 1084116: 'Street Name' conflicto {'LA SALLE STREET', 'AMSTERDAM AVENUE'}, usando 'AMSTERDAM AVENUE'
[COL] BIN 1084121: 'House No' conflicto {'550', '522'}, usando '550'
[COL] BIN 1084148: 'Street Name' conflicto {'8 AVENUE', 'FREDERICK DOUGLAS BOULEVARD'}, usando '8 AVENUE'
[COL] BIN 1084153: 'House No' conflicto {'44', '231'}, usando '231'
[COL] BIN 1084153: 'Street Name' conflicto {'MACOMBS PLACE', 'WEST  151 STREET'}, usando 'WEST  151 STREET'
[COL] BIN 1084194: 'House No' conflicto {'3786', '3780', '3788'}, usando '3788'
[COL] BIN 1084198: 'House No' conflicto {'160', '635'}, usando '160'
[COL] BIN 1084198: 'Street Name' conflicto {'FORT WASHINGTON AVENUE', 'WEST  165 STREET'}, usando 'FORT WASHINGTON AVENUE'
[COL] BIN 1084353: 'House No' conflicto {'18', '14'}, usando '14'
[COL] BIN 1084386: 'House No' conflicto {'622', '180', '630'}, usando '630'
[COL] BIN 1084386: 'Street Name' conflicto {'FORT WASHINGTON AVENUE', 'FT WASHINGTON AVENUE', 'WEST  168 STREET'}, usando 'WEST  168 STREET'
[COL] BIN 1084396: 'House No' conflicto {'137', '139'}, usando '139'
[COL] BIN 1084456: 'Street Name' conflicto {'5 AVENUE', 'FIFTH AVENUE'}, usando 'FIFTH AVENUE'
[COL] BIN 1084487: 'House No' conflicto {'2577A', '2577'}, usando '2577A'
[COL] BIN 1084487: 'Street Name' conflicto {'FREDERICK DOUGLASS BOULEVARD', 'FREDERICK DOUGLAS BOULEVARD'}, usando 'FREDERICK DOUGLAS BOULEVARD'
[COL] BIN 1084511: 'Street Name' conflicto {'5 AVENUE', 'FIFTH AVENUE'}, usando '5 AVENUE'
[COL] BIN 1084520: 'House No' conflicto {'2965', '2975', '2979'}, usando '2965'
[COL] BIN 1084520: 'Street Name' conflicto {'8 AVENUE', 'FREDERICK DOUGLAS BOULEVARD'}, usando '8 AVENUE'
[COL] BIN 1084521: 'House No' conflicto {'2991', '2989'}, usando '2989'
[COL] BIN 1084521: 'Street Name' conflicto {'FRED DOUGLASS BOULEVARD', 'FREDERICK DOUGLAS BOULEVARD'}, usando 'FRED DOUGLASS BOULEVARD'
[COL] BIN 1084533: 'House No' conflicto {'2', '33'}, usando '2'
[COL] BIN 1084533: 'Street Name' conflicto {'WEST   64 STREET', 'CENTRAL PARK WEST'}, usando 'WEST   64 STREET'
[COL] BIN 1084564: 'House No' conflicto {'101', '174', '160', '111', '1980'}, usando '101'
[COL] BIN 1084564: 'Street Name' conflicto {'BROADWAY', 'WEST   67 STREET', 'COLUMBUS AVENUE'}, usando 'WEST   67 STREET'
[COL] BIN 1084572: 'House No' conflicto {'696', '100', '688', '680'}, usando '100'
[COL] BIN 1084572: 'Street Name' conflicto {'COLUMBUS AVENUE', 'WEST   94 STREET'}, usando 'WEST   94 STREET'
[COL] BIN 1084583: 'House No' conflicto {'125', '150', '131', '123', '96', '121'}, usando '131'
[COL] BIN 1084583: 'Street Name' conflicto {'CENTRE STREET', 'BAXTER STREET', 'WALKER STREET'}, usando 'WALKER STREET'
[COL] BIN 1084594: 'Street Name' conflicto {'1 PLACE', 'FIRST PLACE'}, usando '1 PLACE'
[COL] BIN 1084667: 'Street Name' conflicto {'SEVENTH AVENUE', '7 AVENUE'}, usando '7 AVENUE'
[COL] BIN 1084695: 'House No' conflicto {'536', '524', '510', '516'}, usando '536'
[COL] BIN 1084699: 'House No' conflicto {'556', '540'}, usando '540'
[COL] BIN 1084702: 'House No' conflicto {'576', '560'}, usando '560'
[COL] BIN 1084704: 'House No' conflicto {'575', '563', '555'}, usando '575'
[COL] BIN 1084781: 'House No' conflicto {'527', '520', '531', '523', '535', '529', '525'}, usando '525'
[COL] BIN 1084781: 'Street Name' conflicto {'EAST   70 STREET', 'EAST   68 STREET'}, usando 'EAST   68 STREET'
[COL] BIN 1084787: 'House No' conflicto {'1875', '1871', '62', '1873'}, usando '1875'
[COL] BIN 1084787: 'Street Name' conflicto {'BROADWAY', 'WEST   62 STREET'}, usando 'BROADWAY'
[COL] BIN 1084788: 'House No' conflicto {'42', '44'}, usando '42'
[COL] BIN 1084845: 'House No' conflicto {'1124', '1120'}, usando '1120'
[COL] BIN 1084910: 'House No' conflicto {'50A', '50'}, usando '50'
[COL] BIN 1084911: 'House No' conflicto {'475', '473'}, usando '473'
[COL] BIN 1084931: 'House No' conflicto {'195', '193'}, usando '193'
[COL] BIN 1084932: 'House No' conflicto {'189', '93'}, usando '189'
[COL] BIN 1084932: 'Street Name' conflicto {'MACDOUGAL STREET', 'BLEECKER STREET'}, usando 'BLEECKER STREET'
[COL] BIN 1084966: 'House No' conflicto {'511', '256', '509'}, usando '511'
[COL] BIN 1084966: 'Street Name' conflicto {'WEST   10 STREET', 'HUDSON STREET'}, usando 'HUDSON STREET'
[COL] BIN 1084996: 'House No' conflicto {'332', '334'}, usando '332'
[COL] BIN 1084996: 'Street Name' conflicto {'8 AVENUE', 'EIGHTH AVENUE'}, usando '8 AVENUE'
[COL] BIN 1085014: 'Street Name' conflicto {'2 AVENUE', 'SECOND AVENUE'}, usando 'SECOND AVENUE'
[COL] BIN 1085083: 'House No' conflicto {'550', '100', '552'}, usando '552'
[COL] BIN 1085083: 'Street Name' conflicto {'COLUMBUS AVENUE', 'WEST   87 STREET'}, usando 'COLUMBUS AVENUE'
[COL] BIN 1085084: 'House No' conflicto {'180', '677'}, usando '180'
[COL] BIN 1085084: 'Street Name' conflicto {'AMSTERDAM AVENUE', 'WEST   93 STREET'}, usando 'WEST   93 STREET'
[COL] BIN 1085125: 'House No' conflicto {'400', '962'}, usando '962'
[COL] BIN 1085125: 'Street Name' conflicto {'1 AVENUE', 'EAST   53 STREET'}, usando '1 AVENUE'
[COL] BIN 1085194: 'House No' conflicto {'205', '203'}, usando '203'
[COL] BIN 1085203: 'House No' conflicto {'1474', '1476'}, usando '1476'
[COL] BIN 1085254: 'House No' conflicto {'11', '35', '1660'}, usando '1660'
[COL] BIN 1085254: 'Street Name' conflicto {'EAST  110 STREET', 'MADISON AVENUE'}, usando 'MADISON AVENUE'
[COL] BIN 1085255: 'Street Name' conflicto {'5 AVENUE', 'FIFTH AVENUE'}, usando '5 AVENUE'
[COL] BIN 1085323: 'House No' conflicto {'2815', '300', '2819', '2813'}, usando '300'
[COL] BIN 1085323: 'Street Name' conflicto {'BROADWAY', 'WEST  109 STREET'}, usando 'WEST  109 STREET'
[COL] BIN 1085464: 'Street Name' conflicto {'SEVENTH AVENUE', '7 AVENUE'}, usando 'SEVENTH AVENUE'
[COL] BIN 1085485: 'House No' conflicto {'189', '601'}, usando '601'
[COL] BIN 1085485: 'Street Name' conflicto {'AMSTERDAM AVENUE', 'WEST   89 STREET'}, usando 'AMSTERDAM AVENUE'
[COL] BIN 1085493: 'House No' conflicto {'160', '1568', '1568AIR'}, usando '1568'
[COL] BIN 1085493: 'Street Name' conflicto {'BROADWAY', 'WEST   47 STREET'}, usando 'BROADWAY'
[COL] BIN 1085493: 'LOT' conflicto {'7501', '9062'}, usando '7501'
[COL] BIN 1085498: 'House No' conflicto {'250', '828'}, usando '250'
[COL] BIN 1085498: 'Street Name' conflicto {'8 AVENUE', 'WEST   50 STREET'}, usando 'WEST   50 STREET'
[COL] BIN 1085502: 'House No' conflicto {'300', '1'}, usando '1'
[COL] BIN 1085502: 'Street Name' conflicto {'NORTH END AVENUE', 'VESEY STREET'}, usando 'NORTH END AVENUE'
[COL] BIN 1085521: 'House No' conflicto {'147', '121'}, usando '147'
[COL] BIN 1085521: 'Street Name' conflicto {'CHAMBERS STREET', 'READE STREET'}, usando 'CHAMBERS STREET'
[COL] BIN 1085588: 'House No' conflicto {'433', '550'}, usando '550'
[COL] BIN 1085588: 'Street Name' conflicto {'EAST   30 STREET', 'FIRST AVENUE'}, usando 'FIRST AVENUE'
[COL] BIN 1085590: 'House No' conflicto {'160', '140', '166'}, usando '166'
[COL] BIN 1085591: 'House No' conflicto {'122', '120', '130'}, usando '120'
[COL] BIN 1085593: 'House No' conflicto {'42', '40', '1060'}, usando '42'
[COL] BIN 1085593: 'Street Name' conflicto {'AVENUE OF THE AMERICAS', 'AVENUE OF AMERICAS', 'WEST   42 STREET'}, usando 'WEST   42 STREET'
[COL] BIN 1085651: 'House No' conflicto {'186', '188'}, usando '188'
[COL] BIN 1085671: 'House No' conflicto {'450', '446'}, usando '450'
[COL] BIN 1085673: 'House No' conflicto {'115', '317', '105'}, usando '115'
[COL] BIN 1085673: 'Street Name' conflicto {'WEST  125 STREET', 'LENOX AVENUE'}, usando 'WEST  125 STREET'
[COL] BIN 1085682: 'House No' conflicto {'151', '1472'}, usando '151'
[COL] BIN 1085682: 'Street Name' conflicto {'BROADWAY', 'WEST   42 STREET'}, usando 'WEST   42 STREET'
[COL] BIN 1085694: 'Street Name' conflicto {'1 AVENUE', 'FIRST AVENUE'}, usando 'FIRST AVENUE'
[COL] BIN 1085727: 'House No' conflicto {'301', '835', '305'}, usando '305'
[COL] BIN 1085727: 'Street Name' conflicto {'8 AVENUE', 'WEST   50 STREET'}, usando 'WEST   50 STREET'
[COL] BIN 1085729: 'House No' conflicto {'4', '2'}, usando '2'
[COL] BIN 1085777: 'Street Name' conflicto {'WEST   46 STREET', 'WEST 46 STREET'}, usando 'WEST 46 STREET'
[COL] BIN 1085786: 'House No' conflicto {'336', '340', '342', '338', '95'}, usando '340'
[COL] BIN 1085786: 'Street Name' conflicto {'BROADWAY', 'WORTH STREET'}, usando 'BROADWAY'
[COL] BIN 1085789: 'House No' conflicto {'2', '10'}, usando '10'
[COL] BIN 1085789: 'Street Name' conflicto {'LITTLE WEST STREET', 'WEST STREET'}, usando 'WEST STREET'
[COL] BIN 1085803: 'House No' conflicto {'650', '624', '1'}, usando '1'
[COL] BIN 1085803: 'Street Name' conflicto {'WEST   42 STREET', 'RIVER PLACE'}, usando 'RIVER PLACE'
[COL] BIN 1085867: 'House No' conflicto {'245', '251', '102'}, usando '102'
[COL] BIN 1085867: 'Street Name' conflicto {'MURRAY STREET', 'NORTH END AVENUE', 'VESEY STREET'}, usando 'NORTH END AVENUE'
[COL] BIN 1085936: 'House No' conflicto {'130', '53', '49'}, usando '53'
[COL] BIN 1085936: 'Street Name' conflicto {'WEST  116 STREET', 'MALCOLM X BOULEVARD'}, usando 'WEST  116 STREET'
[COL] BIN 1085945: 'House No' conflicto {'82', '253'}, usando '82'
[COL] BIN 1085945: 'Street Name' conflicto {'RUTGERS SLIP', 'SOUTH STREET'}, usando 'RUTGERS SLIP'
[COL] BIN 1085951: 'House No' conflicto {'77', '750'}, usando '77'
[COL] BIN 1085951: 'Street Name' conflicto {'WEST   24 STREET', '6 AVENUE'}, usando 'WEST   24 STREET'
[COL] BIN 1085962: 'House No' conflicto {'620', '600'}, usando '600'
[COL] BIN 1085965: 'House No' conflicto {'160', '151'}, usando '151'
[COL] BIN 1085965: 'Street Name' conflicto {'WEST   17 STREET', 'WEST   18 STREET'}, usando 'WEST   17 STREET'
[COL] BIN 1085969: 'House No' conflicto {'142', '146'}, usando '142'
[COL] BIN 1085975: 'Street Name' conflicto {'5 AVENUE', 'FIFTH AVENUE'}, usando 'FIFTH AVENUE'
[COL] BIN 1085978: 'House No' conflicto {'100', '773', '769'}, usando '100'
[COL] BIN 1085978: 'Street Name' conflicto {'AVENUE OF THE AMERICAS', 'WEST   26 STREET', '6 AVENUE'}, usando 'WEST   26 STREET'
[COL] BIN 1085979: 'House No' conflicto {'1010', '66', '1012'}, usando '1012'
[COL] BIN 1085979: 'Street Name' conflicto {'WEST   38 STREET', '6 AVENUE'}, usando '6 AVENUE'
[COL] BIN 1086018: 'House No' conflicto {'2824', '2828'}, usando '2824'
[COL] BIN 1086044: 'House No' conflicto {'502', '506'}, usando '502'
[COL] BIN 1086046: 'Street Name' conflicto {'5 AVENUE', 'FIFTH AVENUE'}, usando 'FIFTH AVENUE'
[COL] BIN 1086050: 'House No' conflicto {'700', '60'}, usando '60'
[COL] BIN 1086050: 'Street Name' conflicto {'WEST   23 STREET', '6 AVENUE'}, usando 'WEST   23 STREET'
[COL] BIN 1086107: 'House No' conflicto {'620', '203'}, usando '203'
[COL] BIN 1086107: 'Street Name' conflicto {'AMSTERDAM AVENUE', 'WEST   90 STREET'}, usando 'WEST   90 STREET'
[COL] BIN 1086124: 'House No' conflicto {'385', '352'}, usando '385'
[COL] BIN 1086124: 'Street Name' conflicto {'1 AVENUE', 'EAST   23 STREET'}, usando '1 AVENUE'
[COL] BIN 1086135: 'House No' conflicto {'230', '1745'}, usando '1745'
[COL] BIN 1086135: 'Street Name' conflicto {'BROADWAY', 'WEST   56 STREET'}, usando 'BROADWAY'
[COL] BIN 1086159: 'House No' conflicto {'210', '212', '507'}, usando '212'
[COL] BIN 1086159: 'Street Name' conflicto {'EAST   13 STREET', 'AVENUE A'}, usando 'AVENUE A'
[COL] BIN 1086160: 'House No' conflicto {'731', '151'}, usando '151'
[COL] BIN 1086160: 'Street Name' conflicto {'EAST   58 STREET', 'LEXINGTON AVENUE'}, usando 'EAST   58 STREET'
[COL] BIN 1086170: 'Street Name' conflicto {'3 AVENUE', 'THIRD AVENUE'}, usando '3 AVENUE'
[COL] BIN 1086172: 'House No' conflicto {'1639', '1625', '1641', '1623'}, usando '1623'
[COL] BIN 1086172: 'Street Name' conflicto {'3 AVENUE', 'THIRD AVENUE'}, usando 'THIRD AVENUE'
[COL] BIN 1086183: 'House No' conflicto {'374', '372', '370', '368', '376'}, usando '374'
[COL] BIN 1086186: 'House No' conflicto {'2229', '2241', '2235'}, usando '2235'
[COL] BIN 1086186: 'Street Name' conflicto {'FREDERICK DOUGLASS BOULEVARD', 'FREDERICK DOUGLAS BOULEVARD', 'FREDRICK DOUGLAS BOULEVARD'}, usando 'FREDERICK DOUGLAS BOULEVARD'
[COL] BIN 1086193: 'House No' conflicto {'1926', '1932', '1930', '1928'}, usando '1932'
[COL] BIN 1086215: 'House No' conflicto {'1789', '1783A', '1787'}, usando '1787'
[COL] BIN 1086225: 'House No' conflicto {'271', '776'}, usando '776'
[COL] BIN 1086225: 'Street Name' conflicto {'8 AVENUE', 'WEST   47 STREET'}, usando '8 AVENUE'
[COL] BIN 1086429: 'LOT' conflicto {'112', '10'}, usando '10'
[COL] BIN 1086440: 'House No' conflicto {'345', '1999', '333'}, usando '1999'
[COL] BIN 1086440: 'Street Name' conflicto {'1 AVENUE', 'EAST  102 STREET'}, usando '1 AVENUE'
[COL] BIN 1086501: 'House No' conflicto {'577', '377'}, usando '577'
[COL] BIN 1086501: 'Street Name' conflicto {'1 AVENUE', 'EAST   33 STREET'}, usando '1 AVENUE'
[COL] BIN 1086515: 'Street Name' conflicto {'1 AVENUE', 'FIRST AVENUE'}, usando '1 AVENUE'
[COL] BIN 1086518: 'Street Name' conflicto {'5 AVENUE', 'FIFTH AVENUE'}, usando '5 AVENUE'
[COL] BIN 1086533: 'House No' conflicto {'54', '50', '64', '40', '44'}, usando '54'
[COL] BIN 1086533: 'Borough' conflicto {'Manhattan', 'Bronx'}, usando 'Manhattan'
[COL] BIN 1086543: 'House No' conflicto {'319', '312', '309'}, usando '312'
[COL] BIN 1086543: 'Street Name' conflicto {'WEST  118 STREET', 'WEST  119 STREET'}, usando 'WEST  119 STREET'
[COL] BIN 1086570: 'House No' conflicto {'217', '215'}, usando '215'
[COL] BIN 1086701: 'House No' conflicto {'223', '219'}, usando '223'
[COL] BIN 1087068: 'House No' conflicto {'238', '200'}, usando '238'
[COL] BIN 1087068: 'Street Name' conflicto {'7 AVENUE', 'WEST   24 STREET'}, usando '7 AVENUE'
[COL] BIN 1087070: 'House No' conflicto {'119', '121'}, usando '119'
[COL] BIN 1087078: 'House No' conflicto {'2096', '2098'}, usando '2096'
[COL] BIN 1087078: 'Street Name' conflicto {'8 AVENUE', 'FREDRICK DOUGLAS BOULEVARD'}, usando '8 AVENUE'
[COL] BIN 1087081: 'House No' conflicto {'210', '51'}, usando '51'
[COL] BIN 1087081: 'Street Name' conflicto {'LAFAYETTE STREET', 'CROSBY STREET'}, usando 'CROSBY STREET'
[COL] BIN 1087082: 'House No' conflicto {'345', '88'}, usando '88'
[COL] BIN 1087082: 'Street Name' conflicto {'BROADWAY', 'LEONARD STREET'}, usando 'LEONARD STREET'
[COL] BIN 1087083: 'House No' conflicto {'140', '1'}, usando '140'
[COL] BIN 1087083: 'Street Name' conflicto {'4 AVENUE', 'UNION SQUARE SOUTH', 'FOURTH AVENUE'}, usando 'FOURTH AVENUE'
[COL] BIN 1087087: 'House No' conflicto {'127', '131'}, usando '131'
[COL] BIN 1087103: 'House No' conflicto {'205', '999'}, usando '999'
[COL] BIN 1087103: 'Street Name' conflicto {'THIRD AVENUE', 'EAST   59 STREET'}, usando 'THIRD AVENUE'
[COL] BIN 1087119: 'House No' conflicto {'1095', '108', '3'}, usando '3'
[COL] BIN 1087119: 'Street Name' conflicto {'AVENUE OF THE AMERICAS', 'AVENUE OF AMERICAS', 'WEST   42 STREET', 'SIXTH AVENUE', 'BRYANT PARK', '6 AVENUE'}, usando 'BRYANT PARK'
[COL] BIN 1087142: 'House No' conflicto {'259', '253', '241A', '263', '237', '243', '660'}, usando '237'
[COL] BIN 1087142: 'Street Name' conflicto {'8 AVENUE', 'WEST   42 STREET'}, usando 'WEST   42 STREET'
[COL] BIN 1087143: 'House No' conflicto {'153', '151', '149', '163', '157'}, usando '153'
[COL] BIN 1087148: 'House No' conflicto {'353', '333'}, usando '353'
[COL] BIN 1087152: 'House No' conflicto {'68', '26', '445'}, usando '26'
[COL] BIN 1087152: 'Street Name' conflicto {'LAFAYETTE STREET', 'COOPER SQUARE', 'ASTOR PLACE'}, usando 'ASTOR PLACE'
[COL] BIN 1087167: 'House No' conflicto {'233', '2'}, usando '233'
[COL] BIN 1087167: 'Street Name' conflicto {'BROADWAY', 'PARK PLACE'}, usando 'BROADWAY'
[COL] BIN 1087170: 'House No' conflicto {'101', '260', '89', '270'}, usando '270'
[COL] BIN 1087170: 'Street Name' conflicto {'GREENWICH STREET', 'MURRAY STREET', 'WARREN STREET'}, usando 'GREENWICH STREET'
[COL] BIN 1087186: 'House No' conflicto {'620', '242'}, usando '620'
[COL] BIN 1087186: 'Street Name' conflicto {'8 AVENUE', 'WEST   41 STREET'}, usando '8 AVENUE'
[COL] BIN 1087237: 'House No' conflicto {'560', '550'}, usando '560'
[COL] BIN 1087241: 'House No' conflicto {'95', '229'}, usando '95'
[COL] BIN 1087241: 'Street Name' conflicto {'CHRYSTIE STREET', 'EAST HOUSTON STREET'}, usando 'EAST HOUSTON STREET'
[COL] BIN 1087245: 'House No' conflicto {'87', '130'}, usando '130'
[COL] BIN 1087245: 'Street Name' conflicto {'FULTON STREET', 'NASSAU STREET'}, usando 'FULTON STREET'
[COL] BIN 1087255: 'House No' conflicto {'303', '299'}, usando '299'
[COL] BIN 1087263: 'Street Name' conflicto {'5 AVENUE', 'FIFTH AVENUE'}, usando '5 AVENUE'
[COL] BIN 1087267: 'House No' conflicto {'734', '130'}, usando '734'
[COL] BIN 1087267: 'Street Name' conflicto {'EAST   59 STREET', 'LEXINGTON AVENUE'}, usando 'LEXINGTON AVENUE'
[COL] BIN 1087268: 'House No' conflicto {'135', 'ONE', '132', '1'}, usando '1'
[COL] BIN 1087268: 'Street Name' conflicto {'WEST   42 STREET', 'BRYANT PARK', 'WEST   43 STREET'}, usando 'BRYANT PARK'
[COL] BIN 1087280: 'House No' conflicto {'140', '134'}, usando '140'
[COL] BIN 1087281: 'Street Name' conflicto {'FORT WASHINGTON AVENUE', 'FT WASHINGTON AVENUE'}, usando 'FORT WASHINGTON AVENUE'
[COL] BIN 1087284: 'House No' conflicto {'410', '1275', '411', '425', '444'}, usando '1275'
[COL] BIN 1087284: 'Street Name' conflicto {'YORK AVENUE', 'EAST   67 STREET', 'EAST   68 STREET'}, usando 'YORK AVENUE'
[COL] BIN 1087293: 'House No' conflicto {'501', '531'}, usando '531'
[COL] BIN 1087295: 'Street Name' conflicto {'1 AVENUE', 'FIRST AVENUE'}, usando 'FIRST AVENUE'
[COL] BIN 1087303: 'House No' conflicto {'22', '20'}, usando '20'
[COL] BIN 1087309: 'Street Name' conflicto {'5 AVENUE', 'FIFTH AVENUE'}, usando 'FIFTH AVENUE'
[COL] BIN 1087341: 'House No' conflicto {'561', '501'}, usando '561'
[COL] BIN 1087341: 'Street Name' conflicto {'WEST   41 STREET', '10 AVENUE'}, usando '10 AVENUE'
[COL] BIN 1087455: 'House No' conflicto {'18', '16'}, usando '16'
[COL] BIN 1087460: 'House No' conflicto {'1732', '400', '1728'}, usando '400'
[COL] BIN 1087460: 'Street Name' conflicto {'1 AVENUE', 'EAST   90 STREET'}, usando 'EAST   90 STREET'
[COL] BIN 1087463: 'House No' conflicto {'68', '301'}, usando '301'
[COL] BIN 1087463: 'Street Name' conflicto {'WEST  145 STREET', 'BRADHURST AVENUE'}, usando 'WEST  145 STREET'
[COL] BIN 1087502: 'House No' conflicto {'103', '105'}, usando '103'
[COL] BIN 1087509: 'House No' conflicto {'310', '313'}, usando '313'
[COL] BIN 1087509: 'Street Name' conflicto {'WEST  120 STREET', 'WEST  119 STREET'}, usando 'WEST  119 STREET'
[COL] BIN 1087510: 'House No' conflicto {'1860', '1880'}, usando '1880'
[COL] BIN 1087512: 'Street Name' conflicto {'2 AVENUE', 'SECOND AVENUE'}, usando 'SECOND AVENUE'
[COL] BIN 1087518: 'House No' conflicto {'2', '8'}, usando '2'
[COL] BIN 1087521: 'House No' conflicto {'200', '750'}, usando '200'
[COL] BIN 1087521: 'Street Name' conflicto {'AMSTERDAM AVENUE', 'WEST   97 STREET'}, usando 'WEST   97 STREET'
[COL] BIN 1087522: 'House No' conflicto {'111', '107', '665', '655'}, usando '665'
[COL] BIN 1087522: 'Street Name' conflicto {'AVENUE OF THE AMERICAS', 'WEST   20 STREET', 'SIXTH AVENUE', '6 AVENUE'}, usando '6 AVENUE'
[COL] BIN 1087527: 'Street Name' conflicto {'3 AVENUE', 'THIRD AVENUE'}, usando '3 AVENUE'
[COL] BIN 1087530: 'House No' conflicto {'137', '455', '139'}, usando '139'
[COL] BIN 1087530: 'Street Name' conflicto {'WEST BROADWAY', 'WOOSTER STREET'}, usando 'WOOSTER STREET'
[COL] BIN 1087535: 'House No' conflicto {'128', '125'}, usando '128'
[COL] BIN 1087535: 'Street Name' conflicto {'WEST   31 STREET', 'WEST   32 STREET'}, usando 'WEST   32 STREET'
[COL] BIN 1087536: 'House No' conflicto {'76', '22'}, usando '76'
[COL] BIN 1087536: 'Street Name' conflicto {'EAST   28 STREET', 'MADISON AVENUE'}, usando 'MADISON AVENUE'
[COL] BIN 1087537: 'House No' conflicto {'111', '3'}, usando '111'
[COL] BIN 1087537: 'Street Name' conflicto {'PARK AVENUE', 'EAST   33 STREET'}, usando 'EAST   33 STREET'
[COL] BIN 1087548: 'House No' conflicto {'2633', '245', '2625'}, usando '245'
[COL] BIN 1087548: 'Street Name' conflicto {'BROADWAY', 'WEST   99 STREET'}, usando 'WEST   99 STREET'
[COL] BIN 1087549: 'House No' conflicto {'38', '36'}, usando '38'
[COL] BIN 1087549: 'Street Name' conflicto {'DELANCEY STREET', 'DELANCY STREET'}, usando 'DELANCY STREET'
[COL] BIN 1087552: 'House No' conflicto {'2419', '245'}, usando '2419'
[COL] BIN 1087552: 'Street Name' conflicto {'EAST  124 STREET', 'SECOND AVENUE'}, usando 'SECOND AVENUE'
[COL] BIN 1087553: 'Street Name' conflicto {'SEVENTH AVENUE SOUTH', '7 AVENUE SOUTH'}, usando '7 AVENUE SOUTH'
[COL] BIN 1087557: 'House No' conflicto {'109', '92', '94'}, usando '92'
[COL] BIN 1087557: 'Street Name' conflicto {'MERCER STREET', 'GREENE STREET'}, usando 'GREENE STREET'
[COL] BIN 1087558: 'House No' conflicto {'501', '72'}, usando '501'
[COL] BIN 1087558: 'Street Name' conflicto {'BROADWAY', 'MERCER STREET'}, usando 'BROADWAY'
[COL] BIN 1087559: 'House No' conflicto {'465', '40', '110', '463'}, usando '110'
[COL] BIN 1087559: 'Street Name' conflicto {'BROADWAY', 'GRAND STREET', 'MERCER STREET'}, usando 'GRAND STREET'
[COL] BIN 1087565: 'House No' conflicto {'110', '114'}, usando '110'
[COL] BIN 1087594: 'Street Name' conflicto {'3 AVENUE', 'THIRD AVENUE'}, usando '3 AVENUE'
[COL] BIN 1087613: 'Street Name' conflicto {'11 AVENUE', 'ELEVENTH AVENUE'}, usando 'ELEVENTH AVENUE'
[COL] BIN 1087615: 'House No' conflicto {'610', '615'}, usando '610'
[COL] BIN 1087615: 'Street Name' conflicto {'WEST   47 STREET', 'WEST   48 STREET'}, usando 'WEST   48 STREET'
[COL] BIN 1087620: 'Street Name' conflicto {'3 AVENUE', 'THIRD AVENUE'}, usando 'THIRD AVENUE'
[COL] BIN 1087624: 'House No' conflicto {'477', '400', '475'}, usando '475'
[COL] BIN 1087624: 'Street Name' conflicto {'WEST   37 STREET', '9 AVENUE'}, usando '9 AVENUE'
[COL] BIN 1087637: 'House No' conflicto {'415', '425'}, usando '415'
[COL] BIN 1087656: 'House No' conflicto {'250', '2495'}, usando '2495'
[COL] BIN 1087656: 'Street Name' conflicto {'BROADWAY', 'WEST   93 STREET'}, usando 'BROADWAY'
[COL] BIN 1087660: 'House No' conflicto {'344', '205', '348'}, usando '344'
[COL] BIN 1087660: 'Street Name' conflicto {'AMSTERDAM AVENUE', 'WEST   76 STREET'}, usando 'AMSTERDAM AVENUE'
[COL] BIN 1087664: 'House No' conflicto {'354', '1749'}, usando '354'
[COL] BIN 1087664: 'Street Name' conflicto {'1 AVENUE', 'EAST   91 STREET'}, usando 'EAST   91 STREET'
[COL] BIN 1087691: 'Street Name' conflicto {'WEST  110 STREET', 'CENTRAL PARK NORTH'}, usando 'WEST  110 STREET'
[COL] BIN 1087701: 'House No' conflicto {'611', '100', '607'}, usando '611'
[COL] BIN 1087701: 'Street Name' conflicto {'WEST   18 STREET', '6 AVENUE'}, usando '6 AVENUE'
[COL] BIN 1087703: 'House No' conflicto {'464', '606'}, usando '464'
[COL] BIN 1087703: 'Street Name' conflicto {'WEST   44 STREET', '10 AVENUE'}, usando 'WEST   44 STREET'
[COL] BIN 1087704: 'House No' conflicto {'248', '555', '270'}, usando '270'
[COL] BIN 1087704: 'Street Name' conflicto {'WEST   59 STREET', 'WEST   60 STREET'}, usando 'WEST   60 STREET'
[COL] BIN 1087707: 'House No' conflicto {'450', '34'}, usando '450'
[COL] BIN 1087707: 'Street Name' conflicto {'WASHINGTON STREET', 'DESBROSSES STREET'}, usando 'WASHINGTON STREET'
[COL] BIN 1087707: 'LOT' conflicto {'7504', '1'}, usando '7504'
[COL] BIN 1087745: 'House No' conflicto {'126', '130'}, usando '126'
[COL] BIN 1087745: 'Street Name' conflicto {'DELANCEY STREET', 'DELANCY STREET'}, usando 'DELANCY STREET'
[COL] BIN 1087747: 'House No' conflicto {'250', '993'}, usando '250'
[COL] BIN 1087747: 'Street Name' conflicto {'EAST   53 STREET', 'SECOND AVENUE'}, usando 'EAST   53 STREET'
[COL] BIN 1087753: 'House No' conflicto {'222', '220'}, usando '222'
[COL] BIN 1087767: 'House No' conflicto {'743', '735', '101', '751'}, usando '101'
[COL] BIN 1087767: 'Street Name' conflicto {'WEST   24 STREET', '6 AVENUE'}, usando 'WEST   24 STREET'
[COL] BIN 1087769: 'House No' conflicto {'23', '24', '22'}, usando '23'
[COL] BIN 1087769: 'Street Name' conflicto {'EAST   23 STREET', 'EAST   22 STREET'}, usando 'EAST   22 STREET'
[COL] BIN 1087778: 'House No' conflicto {'300', '1510'}, usando '1510'
[COL] BIN 1087778: 'Street Name' conflicto {'EAST   79 STREET', 'SECOND AVENUE'}, usando 'SECOND AVENUE'
[COL] BIN 1087804: 'Street Name' conflicto {'ADAM CLAYTON POWELL JR BOULEVARD', 'ADAM C POWELL BOULEVARD'}, usando 'ADAM C POWELL BOULEVARD'
[COL] BIN 1087822: 'Street Name' conflicto {'2 AVENUE', 'SECOND AVENUE'}, usando '2 AVENUE'
[COL] BIN 1087833: 'House No' conflicto {'36', '8'}, usando '8'
[COL] BIN 1087833: 'Street Name' conflicto {'UNION SQUARE SOUTH', 'EAST   14 STREET'}, usando 'UNION SQUARE SOUTH'
[COL] BIN 1087836: 'House No' conflicto {'2185', '2183'}, usando '2183'
[COL] BIN 1087836: 'Street Name' conflicto {'ADAM CLAYTON POWELL JR BOULEVARD', 'ADAM C POWELL BOULEVARD'}, usando 'ADAM C POWELL BOULEVARD'
[COL] BIN 1087837: 'Street Name' conflicto {'ADAM CLAYTON POWELL BOULEVARD', 'ACP'}, usando 'ACP'
[COL] BIN 1087839: 'Street Name' conflicto {'CPW', 'CENTRAL PARK WEST'}, usando 'CENTRAL PARK WEST'
[COL] BIN 1087840: 'House No' conflicto {'320', '310'}, usando '320'
[COL] BIN 1087841: 'House No' conflicto {'305', '303'}, usando '305'
[COL] BIN 1087842: 'House No' conflicto {'75', '70'}, usando '75'
[COL] BIN 1087842: 'Street Name' conflicto {'LITTLE WEST STREET', 'BATTERY PLACE'}, usando 'BATTERY PLACE'
[COL] BIN 1087849: 'Street Name' conflicto {'2 AVENUE', 'SECOND AVENUE'}, usando '2 AVENUE'
[COL] BIN 1087902: 'House No' conflicto {'310', '316'}, usando '310'
[COL] BIN 1087920: 'House No' conflicto {'206', '205', '206B', '1517'}, usando '205'
[COL] BIN 1087920: 'Street Name' conflicto {'EAST   86 STREET', '3 AVENUE', 'EAST   85 STREET'}, usando 'EAST   85 STREET'
[COL] BIN 1087928: 'House No' conflicto {'2118', '2110'}, usando '2110'
[COL] BIN 1087928: 'Street Name' conflicto {'FREDERICK DOUGLASS BOULEVARD', 'FREDERICK DOUGLAS BOULEVARD'}, usando 'FREDERICK DOUGLAS BOULEVARD'
[COL] BIN 1087937: 'House No' conflicto {'40', '761', '769'}, usando '40'
[COL] BIN 1087937: 'Street Name' conflicto {'EAST   66 STREET', 'MADISON AVENUE'}, usando 'EAST   66 STREET'
[COL] BIN 1087951: 'House No' conflicto {'57', '281'}, usando '57'
[COL] BIN 1087951: 'Street Name' conflicto {'BROADWAY', 'READE STREET'}, usando 'READE STREET'
[COL] BIN 1087955: 'House No' conflicto {'188', '215'}, usando '215'
[COL] BIN 1087955: 'Street Name' conflicto {'LUDLOW STREET', 'EAST HOUSTON STREET'}, usando 'EAST HOUSTON STREET'
[COL] BIN 1087978: 'House No' conflicto {'11', '640'}, usando '640'
[COL] BIN 1087978: 'Street Name' conflicto {'8 AVENUE', 'TIMES SQUARE'}, usando '8 AVENUE'
[COL] BIN 1087980: 'House No' conflicto {'306', '785'}, usando '785'
[COL] BIN 1087980: 'Street Name' conflicto {'8 AVENUE', 'EIGHTH AVENUE', 'WEST   48 STREET'}, usando '8 AVENUE'
[COL] BIN 1088116: 'House No' conflicto {'131', '305'}, usando '131'
[COL] BIN 1088116: 'Street Name' conflicto {'8 AVENUE', 'WEST   16 STREET'}, usando '8 AVENUE'
[COL] BIN 1088117: 'House No' conflicto {'222', '214'}, usando '222'
[COL] BIN 1088151: 'Street Name' conflicto {'FREDERICK DOUGLASS BOULEVARD', 'FREDRICK DOUGLASS BOULEVARD'}, usando 'FREDERICK DOUGLASS BOULEVARD'
[COL] BIN 1088184: 'Street Name' conflicto {'9 AVENUE', 'NINTH AVENUE'}, usando 'NINTH AVENUE'
[COL] BIN 1088185: 'House No' conflicto {'144', '140'}, usando '144'
[COL] BIN 1088204: 'House No' conflicto {'461', '70'}, usando '70'
[COL] BIN 1088204: 'Street Name' conflicto {'WEST   14 STREET', '10 AVENUE'}, usando '10 AVENUE'
[COL] BIN 1088215: 'House No' conflicto {'142', '140'}, usando '140'
[COL] BIN 1088263: 'Street Name' conflicto {'FREDERICK DOUGLASS BOULEVARD', 'FREDRICK DOUGLAS BOULEVARD'}, usando 'FREDRICK DOUGLAS BOULEVARD'
[COL] BIN 1088264: 'House No' conflicto {'1465', '3'}, usando '1465'
[COL] BIN 1088264: 'Street Name' conflicto {'EAST  118 STREET', '5 AVENUE'}, usando '5 AVENUE'
[COL] BIN 1088298: 'Street Name' conflicto {'TENTH AVENUE', '10 AVENUE'}, usando 'TENTH AVENUE'
[COL] BIN 1088394: 'House No' conflicto {'125', '120'}, usando '125'
[COL] BIN 1088394: 'Street Name' conflicto {'WHITE STREET', 'CENTRE STREET'}, usando 'WHITE STREET'
[COL] BIN 1088406: 'Street Name' conflicto {'1 AVENUE', 'FIRST AVENUE'}, usando 'FIRST AVENUE'
[COL] BIN 1088437: 'House No' conflicto {'470', '450', '462', '440', '566', '476'}, usando '440'
[COL] BIN 1088437: 'Street Name' conflicto {'WEST   42 STREET', '10 AVENUE'}, usando 'WEST   42 STREET'
[COL] BIN 1088440: 'House No' conflicto {'61', '155'}, usando '61'
[COL] BIN 1088440: 'Street Name' conflicto {'WEST   62 STREET', 'AMSTERDAM AVENUE'}, usando 'AMSTERDAM AVENUE'
[COL] BIN 1088445: 'House No' conflicto {'157', '60', '55', '6'}, usando '60'
[COL] BIN 1088445: 'Street Name' conflicto {'LAIGHT STREET', 'COLLISTER STREET', 'HUBERT STREET', 'HUDSON STREET'}, usando 'COLLISTER STREET'
[COL] BIN 1088447: 'House No' conflicto {'725', '721'}, usando '725'
[COL] BIN 1088463: 'House No' conflicto {'150', '151', '144', '1275'}, usando '151'
[COL] BIN 1088463: 'Street Name' conflicto {'EAST   86 STREET', 'EAST   85 STREET', 'LEXINGTON AVENUE'}, usando 'EAST   85 STREET'
[COL] BIN 1088500: 'Street Name' conflicto {'3 AVENUE', 'THIRD AVENUE'}, usando 'THIRD AVENUE'
[COL] BIN 1088565: 'House No' conflicto {'157', '153'}, usando '153'
[COL] BIN 1088574: 'House No' conflicto {'800', '454'}, usando '800'
[COL] BIN 1088574: 'Street Name' conflicto {'10 AVENUE', 'WEST   54 STREET'}, usando '10 AVENUE'
[COL] BIN 1088611: 'House No' conflicto {'415', '55'}, usando '415'
[COL] BIN 1088611: 'Street Name' conflicto {'WASHINGTON STREET', 'VESTRY STREET'}, usando 'WASHINGTON STREET'
[COL] BIN 1088646: 'House No' conflicto {'240', '56'}, usando '56'
[COL] BIN 1088646: 'Street Name' conflicto {'LEONARD STREET', 'CHURCH STREET'}, usando 'LEONARD STREET'
[COL] BIN 1088660: 'House No' conflicto {'222', '220'}, usando '222'
[COL] BIN 1088709: 'House No' conflicto {'260', '308'}, usando '260'
[COL] BIN 1088709: 'Street Name' conflicto {'8 AVENUE', 'WEST   26 STREET'}, usando 'WEST   26 STREET'
[COL] BIN 1088714: 'House No' conflicto {'35', '37'}, usando '35'
[COL] BIN 1088722: 'House No' conflicto {'101', '1000'}, usando '101'
[COL] BIN 1088722: 'Street Name' conflicto {'COLUMBUS AVENUE', 'WEST  109 STREET'}, usando 'WEST  109 STREET'
[COL] BIN 1088723: 'Street Name' conflicto {'AVENUE OF THE AMERICAS', '6 AVENUE'}, usando 'AVENUE OF THE AMERICAS'
[COL] BIN 1088724: 'House No' conflicto {'499', '517', '485', '505', '518'}, usando '505'
[COL] BIN 1088724: 'Street Name' conflicto {'WEST   37 STREET', 'TENTH AVENUE', '10 AVENUE', 'WEST   38 STREET'}, usando 'WEST   37 STREET'
[COL] BIN 1088730: 'Street Name' conflicto {'FREDERICK DOUGLASS BOULEVARD', 'FREDERICK DOUGLAS BOULEVARD', 'FREDRIC DOUGLAS BOULEVARD'}, usando 'FREDERICK DOUGLAS BOULEVARD'
[COL] BIN 1088733: 'House No' conflicto {'301', '2143', '2131'}, usando '2131'
[COL] BIN 1088733: 'Street Name' conflicto {'FREDRICK DOUGLASS BOULEVARD', 'FREDERICK DOUGLASS BOULEVARD', 'FREDERICK DOUGLAS BOULEVARD', 'WEST  115 STREET'}, usando 'FREDERICK DOUGLASS BOULEVARD'
[COL] BIN 1088750: 'House No' conflicto {'100', '40'}, usando '40'
[COL] BIN 1088750: 'Street Name' conflicto {'WASHINGTON STREET', 'RECTOR STREET'}, usando 'RECTOR STREET'
[COL] BIN 1088759: 'House No' conflicto {'148', '220'}, usando '148'
[COL] BIN 1088759: 'Street Name' conflicto {'THIRD AVENUE', 'EAST   19 STREET'}, usando 'EAST   19 STREET'
[COL] BIN 1088760: 'House No' conflicto {'216', '229'}, usando '229'
[COL] BIN 1088760: 'Street Name' conflicto {'WEST   44 STREET', 'WEST   43 STREET'}, usando 'WEST   43 STREET'
[COL] BIN 1088786: 'House No' conflicto {'2148', '2150'}, usando '2150'
[COL] BIN 1088815: 'House No' conflicto {'213', '215'}, usando '215'
[COL] BIN 1088817: 'House No' conflicto {'440', '432'}, usando '440'
[COL] BIN 1088840: 'Street Name' conflicto {'2 AVENUE', 'SECOND AVENUE'}, usando 'SECOND AVENUE'
[COL] BIN 1088865: 'House No' conflicto {'200', '2293'}, usando '200'
[COL] BIN 1088865: 'Street Name' conflicto {'THIRD AVENUE', 'EAST  125 STREET'}, usando 'EAST  125 STREET'
[COL] BIN 1088869: 'House No' conflicto {'615', '1'}, usando '1'
[COL] BIN 1088869: 'Street Name' conflicto {'WEST   59 STREET', 'WEST END AVENUE'}, usando 'WEST END AVENUE'
[COL] BIN 1088892: 'House No' conflicto {'226', '228'}, usando '228'
[COL] BIN 1088910: 'House No' conflicto {'11', '25'}, usando '11'
[COL] BIN 1088961: 'House No' conflicto {'30', '20', '500'}, usando '30'
[COL] BIN 1088961: 'Street Name' conflicto {'HUDSON YARDS', 'HUDSON YARD', 'WEST   33 STREET'}, usando 'HUDSON YARDS'
[COL] BIN 1088982: 'House No' conflicto {'186', '180'}, usando '180'
[COL] BIN 1088982: 'Street Name' conflicto {'AVENUE OF THE AMERICAS', 'AVENUE OF AMERICAS', '6 AVENUE'}, usando '6 AVENUE'
[COL] BIN 1088996: 'House No' conflicto {'450', '448', '180', '446'}, usando '448'
[COL] BIN 1088996: 'Street Name' conflicto {'10 AVENUE', 'WEST   21 STREET'}, usando 'WEST   21 STREET'
[COL] BIN 1089012: 'House No' conflicto {'122', '120', '124'}, usando '120'
[COL] BIN 1089024: 'Street Name' conflicto {'3 AVENUE', 'THIRD AVENUE'}, usando 'THIRD AVENUE'
[COL] BIN 1089025: 'House No' conflicto {'125', '136'}, usando '125'
[COL] BIN 1089025: 'Street Name' conflicto {'DIVISION STREET', 'EAST BROADWAY'}, usando 'DIVISION STREET'
[COL] BIN 1089046: 'Street Name' conflicto {'5 AVENUE', 'FIFTH AVENUE'}, usando '5 AVENUE'
[COL] BIN 1089165: 'LOT' conflicto {'7501', '26'}, usando '26'
[COL] BIN 1089323: 'House No' conflicto {'10', '501', '525'}, usando '10'
[COL] BIN 1089323: 'Street Name' conflicto {'WEST   30 STREET', 'HUDSON YARDS', 'HUDSON YARD'}, usando 'HUDSON YARDS'
[COL] BIN 1089328: 'Street Name' conflicto {'WEST  110 STREET', 'CATHEDRAL PARKWAY'}, usando 'WEST  110 STREET'
[COL] BIN 1089333: 'House No' conflicto {'40', '33'}, usando '40'
[COL] BIN 1089333: 'Street Name' conflicto {'WEST  116 STREET', 'WEST  117 STREET'}, usando 'WEST  117 STREET'
[COL] BIN 1089341: 'House No' conflicto {'564', '580'}, usando '580'
[COL] BIN 1089374: 'House No' conflicto {'645', '655'}, usando '655'
[COL] BIN 1089374: 'LOT' conflicto {'157', '7515'}, usando '7515'
[COL] BIN 1089376: 'House No' conflicto {'20', '28'}, usando '20'
[COL] BIN 1089395: 'House No' conflicto {'527', '535', '282', '525'}, usando '535'
[COL] BIN 1089395: 'Street Name' conflicto {'11 AVENUE', 'WEST   28 STREET'}, usando 'WEST   28 STREET'
[COL] BIN 1089411: 'Street Name' conflicto {'HUDSON YARDS', 'HUDSON YARD'}, usando 'HUDSON YARDS'
[COL] BIN 1089412: 'House No' conflicto {'55', '550'}, usando '550'
[COL] BIN 1089412: 'Street Name' conflicto {'WEST   34 STREET', 'HUDSON YARDS'}, usando 'WEST   34 STREET'
[COL] BIN 1089424: 'House No' conflicto {'536', '540'}, usando '540'
[COL] BIN 1089428: 'House No' conflicto {'30', '27', '99'}, usando '30'
[COL] BIN 1089428: 'Street Name' conflicto {'BARCLAY STREET', 'PARK PLACE', 'CHURCH STREET'}, usando 'PARK PLACE'
[COL] BIN 1089451: 'House No' conflicto {'175', '171'}, usando '171'
[COL] BIN 1089527: 'House No' conflicto {'101', '1785'}, usando '101'
[COL] BIN 1089527: 'Street Name' conflicto {'EAST  123 STREET', 'PARK AVENUE'}, usando 'EAST  123 STREET'
[COL] BIN 1089666: 'House No' conflicto {'160', '276'}, usando '160'
[COL] BIN 1089666: 'Street Name' conflicto {'THIRD AVENUE', 'EAST   22 STREET'}, usando 'EAST   22 STREET'
[COL] BIN 1089690: 'House No' conflicto {'577', '400'}, usando '577'
[COL] BIN 1089690: 'Street Name' conflicto {'WEST   42 STREET', '9 AVENUE', 'NINTH AVENUE'}, usando '9 AVENUE'
[COL] BIN 1089723: 'House No' conflicto {'30', '400'}, usando '400'
[COL] BIN 1089723: 'Street Name' conflicto {'RIVERSIDE BOULEVARD', 'WEST   61 STREET'}, usando 'WEST   61 STREET'
[COL] BIN 1089733: 'House No' conflicto {'515', '509'}, usando '509'
[COL] BIN 1089733: 'LOT' conflicto {'22', '7501'}, usando '22'
[COL] BIN 1089736: 'House No' conflicto {'515', '525'}, usando '515'
[COL] BIN 1089769: 'Street Name' conflicto {'1 AVENUE', 'FIRST AVENUE'}, usando '1 AVENUE'
[COL] BIN 1089771: 'House No' conflicto {'252', '1'}, usando '252'
[COL] BIN 1089771: 'Street Name' conflicto {'SOUTH STREET', 'MANHATTAN SQUARE'}, usando 'SOUTH STREET'
[COL] BIN 1089790: 'House No' conflicto {'109', '113'}, usando '109'
[COL] BIN 1089798: 'House No' conflicto {'360', '1711'}, usando '360'
[COL] BIN 1089798: 'Street Name' conflicto {'EAST   89 STREET', '1 AVENUE'}, usando 'EAST   89 STREET'
[COL] BIN 1089806: 'House No' conflicto {'7', '1', '155'}, usando '155'
[COL] BIN 1089806: 'Street Name' conflicto {'7 AVENUE', 'WEST   11 STREET'}, usando 'WEST   11 STREET'
[COL] BIN 1089807: 'House No' conflicto {'76', '550'}, usando '76'
[COL] BIN 1089807: 'Street Name' conflicto {'11 AVENUE', 'WEST   18 STREET'}, usando '11 AVENUE'
[COL] BIN 1089829: 'House No' conflicto {'543', '525'}, usando '543'
[COL] BIN 1089835: 'House No' conflicto {'401', '2340'}, usando '401'
[COL] BIN 1089835: 'Street Name' conflicto {'1 AVENUE', 'EAST  120 STREET'}, usando 'EAST  120 STREET'
[COL] BIN 1089836: 'House No' conflicto {'520', '518'}, usando '520'
[COL] BIN 1089862: 'House No' conflicto {'337', '500'}, usando '337'
[COL] BIN 1089862: 'Street Name' conflicto {'WEST   30 STREET', '10 AVENUE'}, usando '10 AVENUE'
[COL] BIN 1089873: 'House No' conflicto {'222', '240'}, usando '240'
[COL] BIN 1089891: 'House No' conflicto {'182', '180'}, usando '182'
[COL] BIN 1089905: 'House No' conflicto {'202', '145'}, usando '202'
[COL] BIN 1089905: 'Street Name' conflicto {'DELANCEY STREET', 'BROOME STREET'}, usando 'BROOME STREET'
[COL] BIN 1089905: 'LOT' conflicto {'7503', '150'}, usando '150'
[COL] BIN 1089936: 'House No' conflicto {'3225', '605'}, usando '605'
[COL] BIN 1089936: 'Street Name' conflicto {'BROADWAY', 'WEST  129 STREET'}, usando 'WEST  129 STREET'
[COL] BIN 1089953: 'House No' conflicto {'185', '602'}, usando '602'
[COL] BIN 1089953: 'Street Name' conflicto {'AVENUE B', 'EAST   12 STREET'}, usando 'EAST   12 STREET'
[COL] BIN 1089957: 'House No' conflicto {'250', '2255'}, usando '250'
[COL] BIN 1089957: 'Street Name' conflicto {'BROADWAY', 'WEST   81 STREET'}, usando 'WEST   81 STREET'
[COL] BIN 1089968: 'House No' conflicto {'520', '521'}, usando '520'
[COL] BIN 1089968: 'Street Name' conflicto {'WEST   27 STREET', 'WEST   28 STREET'}, usando 'WEST   28 STREET'
[COL] BIN 1089969: 'House No' conflicto {'50', '846'}, usando '50'
[COL] BIN 1089969: 'Street Name' conflicto {'WEST   30 STREET', '6 AVENUE'}, usando 'WEST   30 STREET'
[COL] BIN 1089972: 'House No' conflicto {'395', '400', '1', '401', '391'}, usando '395'
[COL] BIN 1089972: 'Street Name' conflicto {'9 AVENUE', 'MANHATTAN WEST', 'NINTH AVENUE', 'WEST   33 STREET'}, usando 'NINTH AVENUE'
[COL] BIN 1089972: 'LOT' conflicto {'7504', '60'}, usando '60'
[COL] BIN 1090071: 'House No' conflicto {'1091', '412', '443', '424'}, usando '1091'
[COL] BIN 1090071: 'Street Name' conflicto {'WEST  114 STREET', 'AMSTERDAM AVENUE', 'WEST  113 STREET'}, usando 'AMSTERDAM AVENUE'
[COL] BIN 1090115: 'House No' conflicto {'19', '118'}, usando '19'
[COL] BIN 1090115: 'Street Name' conflicto {'FULTON STREET', 'DUTCH STREET'}, usando 'DUTCH STREET'
[COL] BIN 1090122: 'Street Name' conflicto {'HUDSON BOULEVARD EAST', 'HUDSON BOULEVARD'}, usando 'HUDSON BOULEVARD'
[COL] BIN 1090142: 'House No' conflicto {'1730', '1465'}, usando '1465'
[COL] BIN 1090142: 'Street Name' conflicto {'PARK AVENUE', 'LEXINGTON AVENUE'}, usando 'PARK AVENUE'
[COL] BIN 1090147: 'Street Name' conflicto {'1 AVENUE', 'FIRST AVENUE'}, usando '1 AVENUE'
[COL] BIN 1090158: 'House No' conflicto {'15', '1865'}, usando '15'
[COL] BIN 1090158: 'Street Name' conflicto {'BROADWAY', 'WEST   61 STREET'}, usando 'WEST   61 STREET'
[COL] BIN 1090180: 'House No' conflicto {'225', '1780', '217'}, usando '217'
[COL] BIN 1090180: 'Street Name' conflicto {'BROADWAY', 'WEST   57 STREET'}, usando 'WEST   57 STREET'
[COL] BIN 1090190: 'House No' conflicto {'833', '606'}, usando '833'
[COL] BIN 1090190: 'Street Name' conflicto {'11 AVENUE', 'WEST   57 STREET'}, usando '11 AVENUE'
[COL] BIN 1090207: 'House No' conflicto {'2228', '2236'}, usando '2228'
[COL] BIN 1090229: 'House No' conflicto {'80', '71'}, usando '71'
[COL] BIN 1090229: 'Street Name' conflicto {'4 AVENUE', 'EAST   10 STREET'}, usando '4 AVENUE'
[COL] BIN 1090231: 'House No' conflicto {'7', '14'}, usando '7'
[COL] BIN 1090231: 'Street Name' conflicto {'WEST   21 STREET', 'WEST   22 STREET'}, usando 'WEST   21 STREET'
[COL] BIN 1090233: 'House No' conflicto {'260', '252', '1065'}, usando '252'
[COL] BIN 1090233: 'Street Name' conflicto {'EAST   57 STREET', '2 AVENUE'}, usando 'EAST   57 STREET'
[COL] BIN 1090258: 'House No' conflicto {'2040', '285'}, usando '2040'
[COL] BIN 1090258: 'Street Name' conflicto {'FREDERICK DOUGLASS BOULEVARD', 'WEST  110 STREET'}, usando 'FREDERICK DOUGLASS BOULEVARD'
[COL] BIN 1090263: 'House No' conflicto {'181', '28'}, usando '181'
[COL] BIN 1090263: 'Street Name' conflicto {'MERCER STREET', 'WEST HOUSTON STREET'}, usando 'MERCER STREET'
[COL] BIN 1090274: 'House No' conflicto {'415', '516', '50', '508', '502'}, usando '50'
[COL] BIN 1090274: 'Street Name' conflicto {'10 AVENUE', 'WEST   34 STREET', 'HUDSON YARDS', 'TENTH AVENUE'}, usando 'HUDSON YARDS'
[COL] BIN 1090305: 'House No' conflicto {'301', '1538'}, usando '301'
[COL] BIN 1090305: 'Street Name' conflicto {'EAST   80 STREET', 'SECOND AVENUE'}, usando 'EAST   80 STREET'
[COL] BIN 1090305: 'LOT' conflicto {'7503', '1'}, usando '1'
[COL] BIN 1090365: 'LOT' conflicto {'7503', '34'}, usando '7503'
[COL] BIN 1090385: 'House No' conflicto {'210', '206'}, usando '210'
[COL] BIN 1090404: 'House No' conflicto {'18', '20', '22'}, usando '18'
[COL] BIN 1090411: 'Street Name' conflicto {'FREDERICK DOUGLASS BOULEVARD', 'FREDERICK DOUGLAS BOULEVARD'}, usando 'FREDERICK DOUGLAS BOULEVARD'
[COL] BIN 1090416: 'House No' conflicto {'60', '56', '62'}, usando '62'
[COL] BIN 1090420: 'House No' conflicto {'100', '98'}, usando '100'
[COL] BIN 1090443: 'House No' conflicto {'1227', '1225'}, usando '1225'
[COL] BIN 1090444: 'House No' conflicto {'505', '500'}, usando '500'
[COL] BIN 1090444: 'Street Name' conflicto {'WEST   44 STREET', 'WEST   45 STREET'}, usando 'WEST   45 STREET'
[COL] BIN 1090457: 'Street Name' conflicto {'3 AVENUE', 'THIRD AVENUE'}, usando '3 AVENUE'
[COL] BIN 1090470: 'House No' conflicto {'181', '185'}, usando '185'
[COL] BIN 1090475: 'House No' conflicto {'23', '25'}, usando '23'
[COL] BIN 1090479: 'House No' conflicto {'15', '126'}, usando '15'
[COL] BIN 1090479: 'Street Name' conflicto {'EAST   30 STREET', 'MADISON AVENUE'}, usando 'EAST   30 STREET'
[COL] BIN 1090481: 'House No' conflicto {'412', '71'}, usando '71'
[COL] BIN 1090481: 'Street Name' conflicto {'LAIGHT STREET', 'GREENWICH STREET'}, usando 'LAIGHT STREET'
[COL] BIN 1090494: 'Street Name' conflicto {'1 AVENUE', 'FIRST AVENUE'}, usando 'FIRST AVENUE'
[COL] BIN 1090495: 'House No' conflicto {'262', '242'}, usando '242'
[COL] BIN 1090526: 'House No' conflicto {'45', '520'}, usando '45'
[COL] BIN 1090526: 'Street Name' conflicto {'PARK AVENUE', 'EAST   60 STREET'}, usando 'EAST   60 STREET'
[COL] BIN 1090548: 'House No' conflicto {'95', '89'}, usando '89'
[COL] BIN 1090554: 'Street Name' conflicto {'DELANCEY STREET', 'DELANCY STREET'}, usando 'DELANCEY STREET'
[COL] BIN 1090562: 'House No' conflicto {'92', '130'}, usando '92'
[COL] BIN 1090562: 'Street Name' conflicto {'FULTON STREET', 'WILLIAM STREET'}, usando 'FULTON STREET'
[COL] BIN 1090563: 'House No' conflicto {'200', '1681'}, usando '200'
[COL] BIN 1090563: 'Street Name' conflicto {'3 AVENUE', 'EAST   95 STREET'}, usando 'EAST   95 STREET'
[COL] BIN 1090586: 'House No' conflicto {'1', '688'}, usando '688'
[COL] BIN 1090586: 'Street Name' conflicto {'BROADWAY', 'GREAT JONES ALLEY'}, usando 'BROADWAY'
[COL] BIN 1090608: 'House No' conflicto {'200', '989'}, usando '200'
[COL] BIN 1090608: 'Street Name' conflicto {'3 AVENUE', 'EAST   59 STREET'}, usando 'EAST   59 STREET'
[COL] BIN 1090617: 'House No' conflicto {'129', '120', '126'}, usando '126'
[COL] BIN 1090617: 'Street Name' conflicto {'WEST   42 STREET', 'WEST   41 STREET'}, usando 'WEST   42 STREET'
[COL] BIN 1090645: 'House No' conflicto {'85', '751'}, usando '751'
[COL] BIN 1090645: 'Street Name' conflicto {'AVENUE D', 'EAST    6 STREET'}, usando 'EAST    6 STREET'
[COL] BIN 1090647: 'House No' conflicto {'645', '2293', '650', '2289', '614'}, usando '650'
[COL] BIN 1090647: 'Street Name' conflicto {'WEST  130 STREET', 'WEST  131 STREET', '12 AVENUE'}, usando 'WEST  131 STREET'
[COL] BIN 1090656: 'House No' conflicto {'264', '70'}, usando '70'
[COL] BIN 1090656: 'Street Name' conflicto {'VESTRY STREET', 'WEST STREET'}, usando 'VESTRY STREET'
[COL] BIN 1090660: 'House No' conflicto {'249', '1183'}, usando '249'
[COL] BIN 1090660: 'Street Name' conflicto {'2 AVENUE', 'EAST   62 STREET'}, usando 'EAST   62 STREET'
[COL] BIN 1090681: 'House No' conflicto {'40', '40 A'}, usando '40'
[COL] BIN 1090681: 'Street Name' conflicto {'TENTH AVENUE', '10 AVENUE'}, usando '10 AVENUE'
[COL] BIN 1090682: 'House No' conflicto {'500', '1'}, usando '500'
[COL] BIN 1090682: 'Street Name' conflicto {'HIGHLINE', 'WEST   18 STREET'}, usando 'WEST   18 STREET'
[COL] BIN 1090691: 'House No' conflicto {'12', '13'}, usando '12'
[COL] BIN 1090691: 'Street Name' conflicto {'EAST   47 STREET', 'EAST   48 STREET'}, usando 'EAST   48 STREET'
[COL] BIN 1090697: 'House No' conflicto {'1687', '50'}, usando '50'
[COL] BIN 1090697: 'Street Name' conflicto {'MADISON AVENUE', 'EAST  112 STREET'}, usando 'EAST  112 STREET'
[COL] BIN 1090697: 'LOT' conflicto {'7503', '120'}, usando '120'
[COL] BIN 1090700: 'House No' conflicto {'24', '20'}, usando '24'
[COL] BIN 1090700: 'Street Name' conflicto {'2 AVENUE', 'SECOND AVENUE'}, usando 'SECOND AVENUE'
[COL] BIN 1090742: 'House No' conflicto {'86', '118'}, usando '118'
[COL] BIN 1090742: 'Street Name' conflicto {'ORCHARD STREET', 'DELANCEY STREET'}, usando 'ORCHARD STREET'
[COL] BIN 1090749: 'House No' conflicto {'137', '145'}, usando '145'
[COL] BIN 1090766: 'House No' conflicto {'610', '600'}, usando '600'
[COL] BIN 1090786: 'House No' conflicto {'1241', '1245'}, usando '1241'
[COL] BIN 1090790: 'LOT' conflicto {'76', '7501'}, usando '7501'
[COL] BIN 1090805: 'Street Name' conflicto {'FDR DRIVE', 'FDR DRIVE SERVICE ROAD EAST'}, usando 'FDR DRIVE'
[COL] BIN 1090813: 'House No' conflicto {'68', '70'}, usando '68'
[COL] BIN 1090824: 'House No' conflicto {'167', '171'}, usando '167'
[COL] BIN 1090825: 'House No' conflicto {'10', '1'}, usando '10'
[COL] BIN 1090830: 'House No' conflicto {'76', '107'}, usando '107'
[COL] BIN 1090830: 'Street Name' conflicto {'TRINITY PLACE', 'GREENWICH STREET'}, usando 'GREENWICH STREET'
[COL] BIN 1090835: 'LOT' conflicto {'43', '7502'}, usando '43'
[COL] BIN 1090862: 'House No' conflicto {'200', '253', '261'}, usando '261'
[COL] BIN 1090862: 'Street Name' conflicto {'3 AVENUE', 'EAST   21 STREET'}, usando '3 AVENUE'
[COL] BIN 1090866: 'House No' conflicto {'1560', '1558'}, usando '1558'
[COL] BIN 1090946: 'House No' conflicto {'50', '24'}, usando '50'
[COL] BIN 1090946: 'Street Name' conflicto {'BOWERY', 'ELIZABETH STREET'}, usando 'BOWERY'
[COL] BIN 1091002: 'LOT' conflicto {'7503', '30'}, usando '30'
[COL] BIN 1091027: 'House No' conflicto {'218', '2686'}, usando '218'
[COL] BIN 1091027: 'Street Name' conflicto {'WEST  103 STREET', 'BROADWAY'}, usando 'WEST  103 STREET'
[COL] BIN 1091027: 'LOT' conflicto {'43', '7502'}, usando '7502'
[COL] BIN 1091035: 'LOT' conflicto {'7504', '1'}, usando '7504'
[COL] BIN 1091043: 'House No' conflicto {'126', '124'}, usando '126'
[COL] BIN 1091043: 'Street Name' conflicto {'EAST   86 STREET', 'EAST 86 STREET'}, usando 'EAST 86 STREET'
[COL] BIN 1091043: 'LOT' conflicto {'7503', '59'}, usando '59'
[COL] BIN 1091044: 'House No' conflicto {'200', '1469', '1461'}, usando '1469'
[COL] BIN 1091044: 'Street Name' conflicto {'3 AVENUE', 'THIRD AVENUE', 'EAST   83 STREET'}, usando '3 AVENUE'
[COL] BIN 1091053: 'House No' conflicto {'478 REAR', '478REAR'}, usando '478REAR'
[COL] BIN 1091057: 'House No' conflicto {'40', '360'}, usando '360'
[COL] BIN 1091057: 'Street Name' conflicto {'EAST    4 STREET', 'BOWERY'}, usando 'BOWERY'
[COL] BIN 1091067: 'House No' conflicto {'125', '123A', '123'}, usando '125'
[COL] BIN 1091067: 'Street Name' conflicto {'WEST   57 STREET', 'WEST 57 STREET'}, usando 'WEST   57 STREET'
[COL] BIN 1091067: 'LOT' conflicto {'7509', '15'}, usando '7509'
[COL] BIN 1091084: 'House No' conflicto {'211', '2322'}, usando '211'
[COL] BIN 1091084: 'Street Name' conflicto {'BROADWAY', 'WEST   84 STREET'}, usando 'WEST   84 STREET'
[COL] BIN 1091085: 'Street Name' conflicto {'EAST   91 STREET', 'EAST 91 STREET'}, usando 'EAST 91 STREET'
[COL] BIN 1091090: 'Street Name' conflicto {'WEST 49 STREET', 'WEST   49 STREET'}, usando 'WEST   49 STREET'
[COL] BIN 1091091: 'Street Name' conflicto {'WEST 19 STREET', 'WEST   19 STREET'}, usando 'WEST 19 STREET'
[COL] BIN 1091568: 'House No' conflicto {'1119', '150', '1115'}, usando '1119'
[COL] BIN 1091568: 'Street Name' conflicto {'EAST   78 STREET', 'LEXINGTON AVENUE'}, usando 'LEXINGTON AVENUE'
[COL] BIN 1091569: 'House No' conflicto {'39', '41'}, usando '39'
[COL] BIN 1091569: 'LOT' conflicto {'20', '7502'}, usando '7502'
[COL] BIN 1091585: 'House No' conflicto {'1228', '1230'}, usando '1228'
[COL] BIN 1091590: 'House No' conflicto {'35', '370', '560', '550'}, usando '35'
[COL] BIN 1091590: 'Street Name' conflicto {'11 AVENUE', 'HUDSON YARDS', 'WEST   33 STREET'}, usando 'HUDSON YARDS'
[COL] BIN 1091596: 'LOT' conflicto {'7503', '23'}, usando '7503'
[COL] BIN 1091600: 'LOT' conflicto {'7505', '75'}, usando '75'
[COL] BIN 1091602: 'House No' conflicto {'117', '119', '121', '123'}, usando '121'
[COL] BIN 1091604: 'House No' conflicto {'501', '451'}, usando '501'
[COL] BIN 1091604: 'Street Name' conflicto {'10 AVENUE', 'WEST   35 STREET'}, usando 'WEST   35 STREET'
[COL] BIN 1091604: 'LOT' conflicto {'7501', '31'}, usando '31'
[COL] BIN 1091605: 'House No' conflicto {'515', '511', '501'}, usando '515'
[COL] BIN 1091627: 'House No' conflicto {'181', '1834'}, usando '181'
[COL] BIN 1091627: 'Street Name' conflicto {'EAST  101 STREET', '3 AVENUE'}, usando 'EAST  101 STREET'
[COL] BIN 1091627: 'LOT' conflicto {'7504', '33'}, usando '33'
[COL] BIN 1091643: 'House No' conflicto {'310', '7', '155'}, usando '310'
[COL] BIN 1091643: 'Street Name' conflicto {'VARICK STREET', 'HUDSON STREET', 'HUDSON SQUARE'}, usando 'HUDSON STREET'
[COL] BIN 1091682: 'House No' conflicto {'111', '540'}, usando '540'
[COL] BIN 1091682: 'Street Name' conflicto {'CHARLES STREET', 'HUDSON STREET'}, usando 'HUDSON STREET'
[COL] BIN 1091688: 'House No' conflicto {'7', '1843', '1', '1A'}, usando '1A'
[COL] BIN 1091688: 'Street Name' conflicto {'BROADWAY', 'WEST   60 STREET'}, usando 'WEST   60 STREET'
[DUP] BIN 1091692: Job Filing duplicado 'M00599495-B7' eliminado
[COL] BIN 1091692: 'House No' conflicto {'410', '407'}, usando '407'
[COL] BIN 1091692: 'Street Name' conflicto {'WEST  207 STREET', 'WEST  206 STREET'}, usando 'WEST  206 STREET'
[COL] BIN 1091695: 'Street Name' conflicto {'EAST 29 STREET', 'EAST   29 STREET'}, usando 'EAST   29 STREET'
[COL] BIN 1091731: 'Street Name' conflicto {'EAST 75 STREET', 'EAST   75 STREET'}, usando 'EAST 75 STREET'
[COL] BIN 1091731: 'LOT' conflicto {'45', '47'}, usando '45'
[COL] BIN 1091732: 'Street Name' conflicto {'WEST   96 STREET', 'WEST 96 STREET'}, usando 'WEST   96 STREET'
[COL] BIN 1091732: 'LOT' conflicto {'7504', '55'}, usando '55'
[COL] BIN 1091755: 'House No' conflicto {'83', '182'}, usando '83'
[COL] BIN 1091755: 'Street Name' conflicto {'THOMPSON STREET', 'SPRING STREET'}, usando 'THOMPSON STREET'
[COL] BIN 1091775: 'House No' conflicto {'66', '64'}, usando '66'
[COL] BIN 1091776: 'House No' conflicto {'251', '1481', '1487', '253', '255', '1485'}, usando '251'
[COL] BIN 1091776: 'Street Name' conflicto {'EAST   77 STREET', '2 AVENUE', 'EAST 77 STREET'}, usando 'EAST   77 STREET'
[COL] BIN 1091782: 'House No' conflicto {'126', '130'}, usando '130'
[COL] BIN 1091783: 'Street Name' conflicto {'EAST   55 STREET', 'EAST 55 STREET'}, usando 'EAST   55 STREET'
[COL] BIN 1091784: 'House No' conflicto {'7', '106'}, usando '106'
[COL] BIN 1091784: 'Street Name' conflicto {'JOHN STREET', 'PLATT STREET'}, usando 'JOHN STREET'
[COL] BIN 1091787: 'House No' conflicto {'499', '501'}, usando '501'
[COL] BIN 1091788: 'Street Name' conflicto {'EAST 39 STREET', 'EAST   39 STREET'}, usando 'EAST 39 STREET'
[COL] BIN 1091791: 'House No' conflicto {'201', '205'}, usando '201'
[COL] BIN 1091791: 'Street Name' conflicto {'EAST 110 STREET', 'EAST  110 STREET'}, usando 'EAST  110 STREET'
[DUP] BIN 1091792: Job Filing duplicado 'M00637209-A3' eliminado
[COL] BIN 1091796: 'House No' conflicto {'131', '145'}, usando '145'
[COL] BIN 1091796: 'LOT' conflicto {'80', '62'}, usando '62'
[COL] BIN 1091798: 'House No' conflicto {'1448', '175'}, usando '1448'
[COL] BIN 1091798: 'Street Name' conflicto {'3 AVENUE', 'EAST   82 STREET'}, usando '3 AVENUE'
[COL] BIN 1091803: 'House No' conflicto {'5', '2035', '2033', '9'}, usando '2035'
[COL] BIN 1091803: 'Street Name' conflicto {'5 AVENUE', 'EAST  125 STREET'}, usando '5 AVENUE'
[COL] BIN 1091804: 'House No' conflicto {'10', '29', '6'}, usando '10'
[COL] BIN 1091804: 'Street Name' conflicto {'3 AVENUE', 'STUYVESANT STREET'}, usando 'STUYVESANT STREET'
[COL] BIN 1091808: 'House No' conflicto {'68', '66'}, usando '68'
[COL] BIN 1091809: 'Street Name' conflicto {'EAST 29 STREET', 'EAST   29 STREET'}, usando 'EAST 29 STREET'
[COL] BIN 1091813: 'Street Name' conflicto {'EAST 72 STREET', 'EAST   72 STREET'}, usando 'EAST 72 STREET'
[COL] BIN 1091817: 'House No' conflicto {'126', '686'}, usando '686'
[COL] BIN 1091817: 'Street Name' conflicto {'EAST   57 STREET', 'East 57th ST', 'LEXINGTON AVENUE'}, usando 'LEXINGTON AVENUE'
[COL] BIN 1091817: 'LOT' conflicto {'17', '13'}, usando '17'
[COL] BIN 1091823: 'House No' conflicto {'ONE', '3'}, usando '3'
[COL] BIN 1091823: 'Street Name' conflicto {'SAINT MARKS PLACE', 'ST MARKS PLACE', "ST MARK'S PLACE"}, usando 'SAINT MARKS PLACE'
[COL] BIN 1091824: 'Street Name' conflicto {'EAST   23 STREET', 'EAST 23 STREET'}, usando 'EAST   23 STREET'
[COL] BIN 1091825: 'Street Name' conflicto {'AVENUE OF THE AMERICAS', '6 AVENUE'}, usando '6 AVENUE'
[COL] BIN 1091827: 'Street Name' conflicto {'WEST 45 STREET', 'WEST   45 STREET'}, usando 'WEST 45 STREET'
[DUP] BIN 1091828: Job Filing duplicado 'M01116049-A1' eliminado
[COL] BIN 1091832: 'Street Name' conflicto {'1 AVENUE', 'FIRST AVENUE'}, usando '1 AVENUE'
[COL] BIN 1091835: 'House No' conflicto {'502', '500'}, usando '500'
[COL] BIN 1091835: 'Street Name' conflicto {'EAST 81 STREET', 'EAST   81 STREET'}, usando 'EAST 81 STREET'
[COL] BIN 1091838: 'House No' conflicto {'429', '437'}, usando '429'
[COL] BIN 1091838: 'Street Name' conflicto {'2 AVENUE', 'SECOND AVENUE'}, usando 'SECOND AVENUE'
[COL] BIN 1091838: 'LOT' conflicto {'30', '32', '34'}, usando '30'
[COL] BIN 1091853: 'House No' conflicto {'2', '15', '10', '570'}, usando '570'
[COL] BIN 1091853: 'Street Name' conflicto {'WEST   46 STREET', '5 AVENUE', 'WEST   47 STREET'}, usando '5 AVENUE'
[COL] BIN 1091853: 'LOT' conflicto {'37', '42', '27', '45'}, usando '37'
[COL] BIN 1091866: 'Street Name' conflicto {'WEST   88 STREET', 'WEST 88 STREET'}, usando 'WEST   88 STREET'
[COL] BIN 1091866: 'LOT' conflicto {'35', '34', '36', '33'}, usando '36'
[COL] BIN 1091871: 'Street Name' conflicto {'EAST 83 STREET', 'EAST   83 STREET'}, usando 'EAST 83 STREET'
[COL] BIN 1091874: 'Street Name' conflicto {'EAST   86 STREET', 'EAST 86 STREET'}, usando 'EAST 86 STREET'
[COL] BIN 1091887: 'Street Name' conflicto {'5 AVENUE', 'FIFTH AVENUE'}, usando 'FIFTH AVENUE'
[COL] BIN 1091890: 'House No' conflicto {'760', '762'}, usando '762'
[COL] BIN 1091896: 'Street Name' conflicto {'WEST   24 STREET', 'WEST 24 STREET'}, usando 'WEST   24 STREET'
[COL] BIN 1091906: 'House No' conflicto {'616', '622'}, usando '616'
[COL] BIN 1091932: 'Street Name' conflicto {'WEST  218 STREET', 'WEST 218 STREET'}, usando 'WEST  218 STREET'
[DUP] BIN 1091935: Job Filing duplicado 'M00611352-A9' eliminado
[DUP] BIN 1091935: Job Filing duplicado 'M00611352-B1' eliminado
[DUP] BIN 1091935: Job Filing duplicado 'M00611352-B1' eliminado
[DUP] BIN 1091935: Job Filing duplicado 'M00611352-B1' eliminado
[COL] BIN 1091935: 'House No' conflicto {'310', '300'}, usando '300'
[COL] BIN 1091935: 'Street Name' conflicto {'EAST   50 STREET', 'EAST 50 STREET'}, usando 'EAST   50 STREET'
[COL] BIN 1091935: 'LOT' conflicto {'153', '51'}, usando '51'
[COL] BIN 1091941: 'House No' conflicto {'341', '343', '345', '347'}, usando '343'
[COL] BIN 1091941: 'LOT' conflicto {'23', '24'}, usando '23'
[COL] BIN 1091945: 'Street Name' conflicto {'3 AVENUE', 'THIRD AVENUE'}, usando '3 AVENUE'
[COL] BIN 1091948: 'Street Name' conflicto {'WEST 19 STREET', 'WEST   19 STREET'}, usando 'WEST 19 STREET'
[COL] BIN 1813346: 'House No' conflicto {'ONE', '1'}, usando '1'
[COL] BIN 2000035: 'House No' conflicto {'230', '510'}, usando '510'
[COL] BIN 2000035: 'Street Name' conflicto {'EAST  138 STREET', 'BROOK AVENUE'}, usando 'EAST  138 STREET'
[COL] BIN 2000051: 'House No' conflicto {'543', '555'}, usando '555'
[COL] BIN 2000133: 'House No' conflicto {'558', '560'}, usando '560'
[COL] BIN 2000506: 'House No' conflicto {'424', '434'}, usando '424'
[COL] BIN 2000538: 'House No' conflicto {'450', '448', '452'}, usando '448'
[COL] BIN 2000645: 'House No' conflicto {'343', '349'}, usando '349'
[COL] BIN 2000683: 'House No' conflicto {'26', '79'}, usando '79'
[COL] BIN 2000683: 'Street Name' conflicto {'ALEXANDER AVENUE', 'BRUCKNER BOULEVARD'}, usando 'ALEXANDER AVENUE'
[COL] BIN 2000780: 'House No' conflicto {'199', '270'}, usando '199'
[COL] BIN 2000780: 'Street Name' conflicto {'EAST  137 STREET', 'LINCOLN AVENUE'}, usando 'LINCOLN AVENUE'
[COL] BIN 2000784: 'Street Name' conflicto {'3 AVENUE', 'THIRD AVENUE'}, usando 'THIRD AVENUE'
[COL] BIN 2000802: 'House No' conflicto {'2537', '260'}, usando '260'
[COL] BIN 2000802: 'Street Name' conflicto {'3 AVENUE', 'EAST  138 STREET'}, usando 'EAST  138 STREET'
[COL] BIN 2000847: 'House No' conflicto {'358', '524'}, usando '524'
[COL] BIN 2000847: 'Street Name' conflicto {'EAST  149 STREET', 'COURTLANDT AVENUE'}, usando 'COURTLANDT AVENUE'
[COL] BIN 2000851: 'House No' conflicto {'378', '384', '396'}, usando '384'
[COL] BIN 2000853: 'Street Name' conflicto {'3 AVENUE', 'THIRD AVENUE'}, usando 'THIRD AVENUE'
[COL] BIN 2000859: 'House No' conflicto {'383', '557'}, usando '557'
[COL] BIN 2000859: 'Street Name' conflicto {'MELROSE AVENUE', 'EAST  149 STREET'}, usando 'MELROSE AVENUE'
[COL] BIN 2000865: 'House No' conflicto {'2855', '2857'}, usando '2855'
[COL] BIN 2000866: 'House No' conflicto {'2861', '558'}, usando '558'
[COL] BIN 2000866: 'Street Name' conflicto {'MELROSE AVENUE', '3 AVENUE'}, usando 'MELROSE AVENUE'
[COL] BIN 2000883: 'House No' conflicto {'337', '335'}, usando '337'
[COL] BIN 2000968: 'House No' conflicto {'231A', '225'}, usando '231A'
[COL] BIN 2001025: 'House No' conflicto {'301', '120'}, usando '120'
[COL] BIN 2001025: 'Street Name' conflicto {'WALTON AVENUE', 'EAST 140 STREET'}, usando 'EAST 140 STREET'
[COL] BIN 2001152: 'House No' conflicto {'520', '510'}, usando '520'
[COL] BIN 2001229: 'House No' conflicto {'3251', '517'}, usando '3251'
[COL] BIN 2001229: 'Street Name' conflicto {'THIRD AVENUE', 'EAST  163 STREET'}, usando 'THIRD AVENUE'
[COL] BIN 2001327: 'House No' conflicto {'1228', '493'}, usando '1228'
[COL] BIN 2001327: 'Street Name' conflicto {'WASHINGTON AVENUE', 'EAST  168 STREET'}, usando 'WASHINGTON AVENUE'
[COL] BIN 2001350: 'Street Name' conflicto {'3 AVENUE', 'THIRD AVENUE'}, usando '3 AVENUE'
[COL] BIN 2001482: 'House No' conflicto {'450', '454'}, usando '454'
[COL] BIN 2001665: 'House No' conflicto {'631', '390 EAST', '390'}, usando '631'
[COL] BIN 2001665: 'Street Name' conflicto {'MELROSE AVENUE', 'EAST  152 STREET'}, usando 'MELROSE AVENUE'
[COL] BIN 2001939: 'House No' conflicto {'3201', '3211'}, usando '3201'
[COL] BIN 2002259: 'House No' conflicto {'1150', '308'}, usando '308'
[COL] BIN 2002259: 'Street Name' conflicto {'EAST  167 STREET', 'COLLEGE AVENUE'}, usando 'EAST  167 STREET'
[COL] BIN 2002456: 'House No' conflicto {'226', '200'}, usando '226'
[COL] BIN 2002704: 'House No' conflicto {'900', '215'}, usando '215'
[COL] BIN 2002704: 'Street Name' conflicto {'SHERIDAN AVENUE', 'EAST  161 STREET'}, usando 'EAST  161 STREET'
[COL] BIN 2002742: 'House No' conflicto {'1125', '196'}, usando '1125'
[COL] BIN 2002742: 'Street Name' conflicto {'SHERIDAN AVENUE', 'MCCLELLAN STREET'}, usando 'SHERIDAN AVENUE'
[COL] BIN 2002796: 'House No' conflicto {'888', '888B'}, usando '888B'
[COL] BIN 2002797: 'House No' conflicto {'190', '196'}, usando '190'
[COL] BIN 2002804: 'House No' conflicto {'190', '903'}, usando '190'
[COL] BIN 2002804: 'Street Name' conflicto {'SHERIDAN AVENUE', 'EAST  162 STREET'}, usando 'EAST  162 STREET'
[COL] BIN 2002837: 'House No' conflicto {'1173', '1175'}, usando '1173'
[COL] BIN 2002870: 'House No' conflicto {'111', '1000'}, usando '1000'
[COL] BIN 2002870: 'Street Name' conflicto {'WALTON AVENUE', 'EAST  164 STREET'}, usando 'WALTON AVENUE'
[COL] BIN 2002901: 'House No' conflicto {'811', '131'}, usando '811'
[COL] BIN 2002901: 'Street Name' conflicto {'WALTON AVENUE', 'EAST  157 STREET'}, usando 'WALTON AVENUE'
[COL] BIN 2002910: 'House No' conflicto {'86', '865'}, usando '86'
[COL] BIN 2002910: 'Street Name' conflicto {'WALTON AVENUE', 'EAST  161 STREET'}, usando 'EAST  161 STREET'
[COL] BIN 2002966: 'House No' conflicto {'1289', '1275'}, usando '1289'
[COL] BIN 2002978: 'House No' conflicto {'113', '815'}, usando '113'
[COL] BIN 2002978: 'Street Name' conflicto {'GERARD AVENUE', 'EAST  157 STREET'}, usando 'EAST  157 STREET'
[COL] BIN 2002980: 'House No' conflicto {'856', '58'}, usando '856'
[COL] BIN 2002980: 'Street Name' conflicto {'RIVER AVENUE', 'EAST  161 STREET'}, usando 'RIVER AVENUE'
[COL] BIN 2002981: 'House No' conflicto {'50', '48', '860'}, usando '48'
[COL] BIN 2002981: 'Street Name' conflicto {'RIVER AVENUE', 'EAST  161 STREET'}, usando 'EAST  161 STREET'
[COL] BIN 2002989: 'House No' conflicto {'910', '60'}, usando '910'
[COL] BIN 2002989: 'Street Name' conflicto {'RIVER AVENUE', 'EAST  162 STREET'}, usando 'RIVER AVENUE'
[COL] BIN 2003016: 'House No' conflicto {'69', '59'}, usando '69'
[COL] BIN 2003027: 'House No' conflicto {'12', '28'}, usando '28'
[COL] BIN 2003100: 'Street Name' conflicto {'WEST 170 STREET', 'WEST  170 STREET'}, usando 'WEST 170 STREET'
[COL] BIN 2003389: 'Street Name' conflicto {'EDWARD L GRANT HIGHWAY', 'EDWARD GRANT HIGHWAY'}, usando 'EDWARD L GRANT HIGHWAY'
[COL] BIN 2003543: 'House No' conflicto {'1387', '1381'}, usando '1387'
[COL] BIN 2003659: 'House No' conflicto {'328', '340'}, usando '328'
[COL] BIN 2003660: 'House No' conflicto {'352', '348'}, usando '348'
[COL] BIN 2003686: 'Street Name' conflicto {'SAINT ANNS AVENUE', 'ST ANNS AVENUE'}, usando 'SAINT ANNS AVENUE'
[COL] BIN 2003834: 'House No' conflicto {'351', '677'}, usando '351'
[COL] BIN 2003834: 'Street Name' conflicto {'POWERS AVENUE', 'EAST  141 STREET'}, usando 'POWERS AVENUE'
[COL] BIN 2003971: 'House No' conflicto {'812', '814'}, usando '814'
[COL] BIN 2004017: 'House No' conflicto {'805', '815'}, usando '805'
[COL] BIN 2004121: 'House No' conflicto {'544', '540'}, usando '544'
[COL] BIN 2004152: 'House No' conflicto {'967', '977'}, usando '977'
[COL] BIN 2004314: 'Street Name' conflicto {'ST ANNS AVENUE', "ST ANN'S AVENUE"}, usando 'ST ANN'S AVENUE'
[COL] BIN 2004526: 'House No' conflicto {'1110', '691'}, usando '1110'
[COL] BIN 2004526: 'Street Name' conflicto {'EAST  166 STREET', 'BOSTON ROAD'}, usando 'BOSTON ROAD'
[COL] BIN 2004684: 'House No' conflicto {'685', '683'}, usando '685'
[COL] BIN 2004736: 'House No' conflicto {'1156', '751'}, usando '751'
[COL] BIN 2004736: 'Street Name' conflicto {'HOME STREET', 'FOREST AVENUE'}, usando 'HOME STREET'
[COL] BIN 2004916: 'Street Name' conflicto {'EAST 151 STREET', 'EAST  151 STREET'}, usando 'EAST  151 STREET'
[COL] BIN 2005038: 'House No' conflicto {'1150', '818'}, usando '818'
[COL] BIN 2005038: 'Street Name' conflicto {'HOME STREET', 'UNION AVENUE'}, usando 'HOME STREET'
[COL] BIN 2005123: 'Street Name' conflicto {'AVENUE ST JOHN', 'AVENUE SAINT JOHN'}, usando 'AVENUE ST JOHN'
[DUP] BIN 2005150: Job Filing duplicado 'X01149034-P9' eliminado
[COL] BIN 2005150: 'Street Name' conflicto {'EAST 156 STREET', 'EAST  156 STREET'}, usando 'EAST  156 STREET'
[COL] BIN 2005346: 'House No' conflicto {'888', '895'}, usando '888'
[COL] BIN 2005346: 'Street Name' conflicto {'WESTCHESTER AVENUE', 'REV JAMES A POLITE AVENUE'}, usando 'WESTCHESTER AVENUE'
[COL] BIN 2005348: 'Street Name' conflicto {'REV JAMES A POLITE AVENUE', 'REV J A POLITE AVENUE'}, usando 'REV JAMES A POLITE AVENUE'
[COL] BIN 2005568: 'House No' conflicto {'952', '758'}, usando '758'
[COL] BIN 2005568: 'Street Name' conflicto {'LONGWOOD AVENUE', 'KELLY STREET'}, usando 'KELLY STREET'
[COL] BIN 2005634: 'House No' conflicto {'940', '970'}, usando '970'
[COL] BIN 2005634: 'Street Name' conflicto {'TIFFANY STREET', 'EAST  163 STREET'}, usando 'EAST  163 STREET'
[COL] BIN 2005731: 'House No' conflicto {'1024', '1022'}, usando '1022'
[COL] BIN 2005764: 'House No' conflicto {'1020', '1018'}, usando '1018'
[COL] BIN 2005764: 'LOT' conflicto {'7501', '40'}, usando '40'
[COL] BIN 2005786: 'House No' conflicto {'961', '965'}, usando '961'
[COL] BIN 2005787: 'House No' conflicto {'957', '953'}, usando '953'
[COL] BIN 2005811: 'House No' conflicto {'1165', '1169'}, usando '1165'
[COL] BIN 2005939: 'House No' conflicto {'1201', '890', '847'}, usando '1201'
[COL] BIN 2005939: 'Street Name' conflicto {'LAFAYETTE AVENUE', 'BARRETTO STREET', 'GARRISON AVENUE'}, usando 'LAFAYETTE AVENUE'
[COL] BIN 2005958: 'House No' conflicto {'803', '1275'}, usando '803'
[COL] BIN 2005958: 'Street Name' conflicto {'HUNTS POINT AVENUE', 'LAFAYETTE AVENUE'}, usando 'HUNTS POINT AVENUE'
[COL] BIN 2006015: 'House No' conflicto {'1010', '945', '1000'}, usando '1010'
[COL] BIN 2006015: 'Street Name' conflicto {'ALDUS STREET', 'SOUTHERN BOULEVARD'}, usando 'SOUTHERN BOULEVARD'
[COL] BIN 2006023: 'House No' conflicto {'1057', '1076'}, usando '1057'
[COL] BIN 2006023: 'Street Name' conflicto {'HOE AVENUE', 'EAST  165 STREET'}, usando 'HOE AVENUE'
[COL] BIN 2006367: 'House No' conflicto {'1176', '916'}, usando '916'
[COL] BIN 2006367: 'Street Name' conflicto {'GARRISON AVENUE', 'FAILE STREET'}, usando 'FAILE STREET'
[COL] BIN 2006786: 'House No' conflicto {'1201', '500'}, usando '1201'
[COL] BIN 2006786: 'Street Name' conflicto {'TIFFANY STREET', 'OAK POINT AVENUE'}, usando 'OAK POINT AVENUE'
[COL] BIN 2006826: 'House No' conflicto {'1285', '1289'}, usando '1285'
[COL] BIN 2006846: 'House No' conflicto {'1321', '518'}, usando '1321'
[COL] BIN 2006846: 'Street Name' conflicto {'BRYANT AVENUE', 'OAK POINT AVENUE'}, usando 'OAK POINT AVENUE'
[COL] BIN 2007633: 'Street Name' conflicto {'MT HOPE PLACE', 'MOUNT HOPE PLACE'}, usando 'MOUNT HOPE PLACE'
[COL] BIN 2007996: 'House No' conflicto {'157', '151', '155'}, usando '151'
[COL] BIN 2008004: 'House No' conflicto {'163', '161'}, usando '161'
[COL] BIN 2008030: 'Street Name' conflicto {'EAST 169 STREET', 'EAST  169 STREET'}, usando 'EAST  169 STREET'
[COL] BIN 2008153: 'House No' conflicto {'1609', '1605'}, usando '1605'
[DUP] BIN 2008205: Job Filing duplicado 'X00728468-P3' eliminado
[COL] BIN 2008209: 'House No' conflicto {'1788', '1790'}, usando '1788'
[COL] BIN 2008406: 'House No' conflicto {'1975', '1979'}, usando '1975'
[COL] BIN 2008469: 'House No' conflicto {'57', '67'}, usando '67'
[COL] BIN 2008582: 'House No' conflicto {'1804', '127'}, usando '127'
[COL] BIN 2008582: 'Street Name' conflicto {'WEST TREMONT AVENUE', 'HARRISON AVENUE'}, usando 'WEST TREMONT AVENUE'
[COL] BIN 2008632: 'House No' conflicto {'32', '38', '34'}, usando '32'
[COL] BIN 2008645: 'House No' conflicto {'1372', '1364', '1356'}, usando '1364'
[COL] BIN 2008645: 'Street Name' conflicto {'EDWARD L GRANT HIGHWAY', 'SHAKESPEARE AVENUE'}, usando 'EDWARD L GRANT HIGHWAY'
[DUP] BIN 2008701: Job Filing duplicado 'X00819177-P4' eliminado
[COL] BIN 2008774: 'House No' conflicto {'1545', '120'}, usando '1545'
[COL] BIN 2008774: 'Street Name' conflicto {'NELSON AVENUE', 'FEATHERBED LANE'}, usando 'NELSON AVENUE'
[COL] BIN 2009009: 'House No' conflicto {'1760', '1770'}, usando '1760'
[COL] BIN 2009016: 'House No' conflicto {'1773', '170'}, usando '1773'
[COL] BIN 2009016: 'Street Name' conflicto {'WEST TREMONT AVENUE', 'UNIVERSITY AVENUE'}, usando 'UNIVERSITY AVENUE'
[COL] BIN 2009054: 'House No' conflicto {'1925', '1927'}, usando '1925'
[COL] BIN 2009462: 'House No' conflicto {'411', '4175'}, usando '4175'
[COL] BIN 2009462: 'Street Name' conflicto {'EAST  176 STREET', 'PARK AVENUE'}, usando 'PARK AVENUE'
[COL] BIN 2009595: 'Street Name' conflicto {'3 AVENUE', 'THIRD AVENUE'}, usando '3 AVENUE'
[COL] BIN 2009611: 'House No' conflicto {'3630', '3594'}, usando '3630'
[COL] BIN 2009611: 'Street Name' conflicto {'3 AVENUE', 'THIRD AVENUE'}, usando 'THIRD AVENUE'
[COL] BIN 2009620: 'House No' conflicto {'1309', '1307'}, usando '1307'
[COL] BIN 2009659: 'House No' conflicto {'1701', '3976'}, usando '3976'
[COL] BIN 2009659: 'Street Name' conflicto {'3 AVENUE', 'FULTON AVENUE'}, usando '3 AVENUE'
[COL] BIN 2009949: 'House No' conflicto {'1816', '1806', '701'}, usando '701'
[COL] BIN 2009949: 'Street Name' conflicto {'EAST  175 STREET', 'CROTONA AVENUE'}, usando 'EAST  175 STREET'
[COL] BIN 2010261: 'House No' conflicto {'1462', '1458'}, usando '1458'
[COL] BIN 2011009: 'House No' conflicto {'340', '342'}, usando '340'
[COL] BIN 2011060: 'House No' conflicto {'2427', '376'}, usando '376'
[COL] BIN 2011060: 'Street Name' conflicto {'EAST  188 STREET', 'WEBSTER AVENUE'}, usando 'EAST  188 STREET'
[COL] BIN 2011070: 'House No' conflicto {'380', '378', '372'}, usando '378'
[COL] BIN 2011225: 'House No' conflicto {'416', '410'}, usando '416'
[COL] BIN 2011509: 'House No' conflicto {'507', '519'}, usando '507'
[COL] BIN 2011589: 'House No' conflicto {'548', '4521'}, usando '548'
[COL] BIN 2011589: 'Street Name' conflicto {'3 AVENUE', 'EAST  183 STREET'}, usando 'EAST  183 STREET'
[COL] BIN 2011776: 'House No' conflicto {'2465', '2455'}, usando '2465'
[COL] BIN 2011855: 'House No' conflicto {'2111', '2110', '559'}, usando '2110'
[COL] BIN 2011855: 'Street Name' conflicto {'MONTEREY AVENUE', 'LAFONTAINE AVENUE', 'EAST  180 STREET'}, usando 'MONTEREY AVENUE'
[COL] BIN 2011976: 'House No' conflicto {'1976', '600'}, usando '1976'
[COL] BIN 2011976: 'Street Name' conflicto {'EAST  178 STREET', 'ARTHUR AVENUE'}, usando 'ARTHUR AVENUE'
[COL] BIN 2011985: 'Street Name' conflicto {'EAST  178 STREET', 'EAST 178 STREET'}, usando 'EAST 178 STREET'
[COL] BIN 2011993: 'House No' conflicto {'619', '629'}, usando '629'
[COL] BIN 2012264: 'House No' conflicto {'608', '610'}, usando '608'
[COL] BIN 2012654: 'House No' conflicto {'705', '701'}, usando '705'
[COL] BIN 2012841: 'House No' conflicto {'2355', '2357'}, usando '2357'
[COL] BIN 2012941: 'House No' conflicto {'767', '761'}, usando '761'
[COL] BIN 2012955: 'House No' conflicto {'800', '820'}, usando '800'
[COL] BIN 2012957: 'House No' conflicto {'2050', '2055'}, usando '2055'
[COL] BIN 2012957: 'Street Name' conflicto {'PROSPECT AVENUE', 'MAPES AVENUE'}, usando 'MAPES AVENUE'
[COL] BIN 2013027: 'House No' conflicto {'2311', '760'}, usando '2311'
[COL] BIN 2013027: 'Street Name' conflicto {'EAST  183 STREET', 'SOUTHERN BOULEVARD'}, usando 'SOUTHERN BOULEVARD'
[COL] BIN 2013307: 'House No' conflicto {'2225', '2190'}, usando '2225'
[COL] BIN 2013307: 'Street Name' conflicto {'WEBSTER AVENUE', 'FOLIN STREET'}, usando 'WEBSTER AVENUE'
[COL] BIN 2013317: 'House No' conflicto {'2176', '2160'}, usando '2160'
[COL] BIN 2013339: 'Street Name' conflicto {'EAST 184 STREET', 'EAST  184 STREET'}, usando 'EAST  184 STREET'
[COL] BIN 2013561: 'House No' conflicto {'230', '2252'}, usando '2252'
[COL] BIN 2013561: 'Street Name' conflicto {'EAST  183 STREET', 'RYER AVENUE'}, usando 'RYER AVENUE'
[COL] BIN 2013583: 'House No' conflicto {'2384', '2374'}, usando '2384'
[COL] BIN 2013591: 'House No' conflicto {'2430', '2432'}, usando '2432'
[COL] BIN 2013600: 'House No' conflicto {'2484', '2488', '2480'}, usando '2488'
[COL] BIN 2013607: 'House No' conflicto {'205', '203', '207', '209'}, usando '203'
[COL] BIN 2013614: 'House No' conflicto {'237', '257', '263'}, usando '257'
[COL] BIN 2013680: 'House No' conflicto {'2080', '2090'}, usando '2090'
[COL] BIN 2013717: 'House No' conflicto {'2165', '239'}, usando '2165'
[COL] BIN 2013717: 'Street Name' conflicto {'RYER AVENUE', 'EAST  181 STREET'}, usando 'RYER AVENUE'
[COL] BIN 2013718: 'House No' conflicto {'2234', '2230'}, usando '2230'
[COL] BIN 2013724: 'House No' conflicto {'2274', '2278'}, usando '2274'
[COL] BIN 2013736: 'House No' conflicto {'2340', '2346'}, usando '2346'
[COL] BIN 2013770: 'Street Name' conflicto {'GRAND CONCOURSE', 'GRANDCONCOURSE'}, usando 'GRAND CONCOURSE'
[COL] BIN 2013809: 'House No' conflicto {'148', '140'}, usando '140'
[COL] BIN 2013811: 'House No' conflicto {'151', '2501'}, usando '2501'
[COL] BIN 2013811: 'Street Name' conflicto {'GRAND CONCOURSE', 'EAST FORDHAM ROAD'}, usando 'GRAND CONCOURSE'
[COL] BIN 2013841: 'House No' conflicto {'2101', '110'}, usando '110'
[COL] BIN 2013841: 'Street Name' conflicto {'CRESTON AVENUE', 'EAST  181 STREET'}, usando 'EAST  181 STREET'
[COL] BIN 2013902: 'House No' conflicto {'97', '2386'}, usando '2386'
[COL] BIN 2013902: 'Street Name' conflicto {'MORRIS AVENUE', 'EAST  184 STREET'}, usando 'MORRIS AVENUE'
[COL] BIN 2013910: 'House No' conflicto {'2447', '2449'}, usando '2449'
[COL] BIN 2013919: 'House No' conflicto {'31', '29'}, usando '31'
[COL] BIN 2014028: 'House No' conflicto {'58', '2449'}, usando '2449'
[COL] BIN 2014028: 'Street Name' conflicto {'MORRIS AVENUE', 'EAST FORDHAM ROAD'}, usando 'MORRIS AVENUE'
[COL] BIN 2014100: 'House No' conflicto {'2426', '2438'}, usando '2426'
[COL] BIN 2014101: 'House No' conflicto {'4', '2', '12'}, usando '2'
[COL] BIN 2014153: 'House No' conflicto {'5', '7'}, usando '7'
[COL] BIN 2014207: 'House No' conflicto {'20', '2232'}, usando '2232'
[COL] BIN 2014207: 'Street Name' conflicto {'BUCHANAN PLACE', 'DAVIDSON AVENUE'}, usando 'DAVIDSON AVENUE'
[COL] BIN 2014327: 'House No' conflicto {'12', '8'}, usando '8'
[COL] BIN 2014355: 'House No' conflicto {'2450', '17', '2460'}, usando '2450'
[COL] BIN 2014355: 'Street Name' conflicto {'DAVIDSON AVENUE', 'WEST FORDHAM ROAD'}, usando 'DAVIDSON AVENUE'
[COL] BIN 2014361: 'House No' conflicto {'5', '1'}, usando '1'
[COL] BIN 2014377: 'House No' conflicto {'18', '2564'}, usando '2564'
[COL] BIN 2014377: 'Street Name' conflicto {'WEST  192 STREET', 'DAVIDSON AVENUE'}, usando 'DAVIDSON AVENUE'
[COL] BIN 2014614: 'House No' conflicto {'2374', '84'}, usando '2374'
[COL] BIN 2014614: 'Street Name' conflicto {'WEST FORDHAM ROAD', 'UNIVERSITY AVENUE'}, usando 'UNIVERSITY AVENUE'
[COL] BIN 2014615: 'House No' conflicto {'50', '58'}, usando '58'
[COL] BIN 2014814: 'House No' conflicto {'2485', '104'}, usando '104'
[COL] BIN 2014814: 'Street Name' conflicto {'WEST  190 STREET', 'UNIVERSITY AVENUE'}, usando 'WEST  190 STREET'
[COL] BIN 2014892: 'Street Name' conflicto {'ANDREWS AVENUE SOUTH', 'ANDREWS AVENUE'}, usando 'ANDREWS AVENUE SOUTH'
[COL] BIN 2014986: 'House No' conflicto {'193', '1901'}, usando '1901'
[COL] BIN 2014986: 'Street Name' conflicto {'HENNESSY PLACE', 'WEST BURNSIDE AVENUE'}, usando 'HENNESSY PLACE'
[COL] BIN 2015048: 'Street Name' conflicto {'SEDGEWICK AVENUE', 'SEDGWICK AVENUE'}, usando 'SEDGEWICK AVENUE'
[COL] BIN 2015248: 'House No' conflicto {'65', '2691'}, usando '2691'
[COL] BIN 2015248: 'Street Name' conflicto {'RESERVOIR AVENUE', 'WEST KINGSBRIDGE ROAD'}, usando 'RESERVOIR AVENUE'
[COL] BIN 2015810: 'House No' conflicto {'3344', '3340'}, usando '3344'
[COL] BIN 2015986: 'House No' conflicto {'3620', '3638'}, usando '3620'
[COL] BIN 2015988: 'House No' conflicto {'3646', '3648', '3656'}, usando '3648'
[COL] BIN 2016403: 'House No' conflicto {'2763', '2759'}, usando '2759'
[COL] BIN 2016824: 'House No' conflicto {'227', '229'}, usando '229'
[COL] BIN 2017134: 'Street Name' conflicto {'GRAND CONCOURSE', 'GRANDCONCOURSE'}, usando 'GRANDCONCOURSE'
[COL] BIN 2017164: 'House No' conflicto {'211', '2851'}, usando '211'
[COL] BIN 2017164: 'Street Name' conflicto {'EAST  198 STREET', 'VALENTINE AVENUE'}, usando 'EAST  198 STREET'
[COL] BIN 2017179: 'House No' conflicto {'2909', '2911'}, usando '2909'
[COL] BIN 2017256: 'Street Name' conflicto {'EAST  203 STREET', 'EAST 203 STREET'}, usando 'EAST  203 STREET'
[COL] BIN 2017274: 'Street Name' conflicto {'EAST  203 STREET', 'EAST 203 STREET'}, usando 'EAST 203 STREET'
[COL] BIN 2017318: 'House No' conflicto {'2955', '2951'}, usando '2955'
[COL] BIN 2017354: 'Street Name' conflicto {'EAST 205 STREET', 'EAST  205 STREET'}, usando 'EAST 205 STREET'
[COL] BIN 2017611: 'House No' conflicto {'2', '6'}, usando '2'
[COL] BIN 2017675: 'House No' conflicto {'3433', '3435'}, usando '3435'
[COL] BIN 2017715: 'House No' conflicto {'3441', '3427', '3431'}, usando '3431'
[COL] BIN 2017755: 'House No' conflicto {'3394', '4', '10', '3396'}, usando '3396'
[COL] BIN 2017755: 'Street Name' conflicto {'JEROME AVENUE', 'EAST  208 STREET'}, usando 'JEROME AVENUE'
[COL] BIN 2017769: 'House No' conflicto {'3424', '3420'}, usando '3424'
[COL] BIN 2017774: 'House No' conflicto {'3490', '2', '4'}, usando '3490'
[COL] BIN 2017774: 'Street Name' conflicto {'JEROME AVENUE', 'EAST GUN HILL ROAD'}, usando 'JEROME AVENUE'
[COL] BIN 2017775: 'House No' conflicto {'8', '14'}, usando '14'
[COL] BIN 2017775: 'Street Name' conflicto {'EAST GUNHILL ROAD', 'EAST GUN HILL ROAD'}, usando 'EAST GUNHILL ROAD'
[COL] BIN 2017801: 'House No' conflicto {'3504', '145'}, usando '3504'
[COL] BIN 2017801: 'Street Name' conflicto {'EAST GUN HILL ROAD', 'ROCHAMBEAU AVENUE'}, usando 'ROCHAMBEAU AVENUE'
[COL] BIN 2017814: 'House No' conflicto {'89', '79', '3505'}, usando '79'
[COL] BIN 2017814: 'Street Name' conflicto {'ROCHAMBEAU AVENUE', 'EAST GUNHILL ROAD', 'EAST GUN HILL ROAD'}, usando 'EAST GUN HILL ROAD'
[COL] BIN 2017818: 'House No' conflicto {'3500', '47'}, usando '47'
[COL] BIN 2017818: 'Street Name' conflicto {'DEKALB AVENUE', 'EAST GUN HILL ROAD'}, usando 'EAST GUN HILL ROAD'
[COL] BIN 2017947: 'House No' conflicto {'304', '310', '306'}, usando '306'
[COL] BIN 2018225: 'House No' conflicto {'3450', '200 E'}, usando '3450'
[COL] BIN 2018225: 'Street Name' conflicto {'WAYNE AVENUE', 'GUN HILL ROAD'}, usando 'WAYNE AVENUE'
[COL] BIN 2018266: 'Street Name' conflicto {'GUNHILL ROAD', 'EAST GUN HILL ROAD'}, usando 'EAST GUN HILL ROAD'
[COL] BIN 2018344: 'House No' conflicto {'3201', '3203'}, usando '3203'
[COL] BIN 2018643: 'House No' conflicto {'333B', '3502'}, usando '3502'
[COL] BIN 2018643: 'Street Name' conflicto {'HULL AVENUE', 'EAST GUNHILL ROAD'}, usando 'HULL AVENUE'
[COL] BIN 2018648: 'House No' conflicto {'3505', '349'}, usando '349'
[COL] BIN 2018648: 'Street Name' conflicto {'DECATUR AVENUE', 'EAST GUN HILL ROAD'}, usando 'EAST GUN HILL ROAD'
[COL] BIN 2019245: 'House No' conflicto {'278', '4343'}, usando '278'
[COL] BIN 2019245: 'Street Name' conflicto {'KATONAH AVENUE', 'EAST  239 STREET'}, usando 'EAST  239 STREET'
[COL] BIN 2019329: 'LOT' conflicto {'32', '33'}, usando '33'
[COL] BIN 2019522: 'House No' conflicto {'4358', '305'}, usando '4358'
[COL] BIN 2019522: 'Street Name' conflicto {'KATONAH AVENUE', 'EAST  239 STREET'}, usando 'KATONAH AVENUE'
[COL] BIN 2022552: 'House No' conflicto {'845', '843'}, usando '845'
[COL] BIN 2022561: 'House No' conflicto {'1461', '1459'}, usando '1461'
[COL] BIN 2022645: 'House No' conflicto {'1933', '1965'}, usando '1933'
[COL] BIN 2023565: 'House No' conflicto {'1582', '1064'}, usando '1582'
[COL] BIN 2023565: 'Street Name' conflicto {'MANOR AVENUE', 'WATSON AVENUE'}, usando 'WATSON AVENUE'
[COL] BIN 2023774: 'House No' conflicto {'1186', '1482', '1480'}, usando '1186'
[COL] BIN 2023774: 'Street Name' conflicto {'WESTCHESTER AVENUE', 'EVERGREEN AVENUE'}, usando 'EVERGREEN AVENUE'
[COL] BIN 2023898: 'House No' conflicto {'1548', '1546', '1556'}, usando '1548'
[COL] BIN 2023991: 'House No' conflicto {'1592', '1590'}, usando '1590'
[COL] BIN 2024005: 'House No' conflicto {'1612', '1602'}, usando '1612'
[COL] BIN 2024208: 'LOT' conflicto {'7501', '1'}, usando '1'
[COL] BIN 2025163: 'House No' conflicto {'1527', '1521', '1523'}, usando '1527'
[COL] BIN 2025221: 'House No' conflicto {'1555', '1553'}, usando '1553'
[COL] BIN 2025383: 'House No' conflicto {'1625', '1627'}, usando '1625'
[COL] BIN 2025386: 'House No' conflicto {'1274', '1272'}, usando '1274'
[COL] BIN 2025407: 'House No' conflicto {'1230', '1675'}, usando '1675'
[COL] BIN 2025407: 'Street Name' conflicto {'METCALF AVENUE', 'WESTCHESTER AVENUE'}, usando 'WESTCHESTER AVENUE'
[COL] BIN 2025611: 'House No' conflicto {'1762', '1280'}, usando '1762'
[COL] BIN 2025611: 'Street Name' conflicto {'EAST  172 STREET', 'COMMONWEALTH AVENUE'}, usando 'EAST  172 STREET'
[COL] BIN 2025620: 'House No' conflicto {'1791', '1779'}, usando '1791'
[COL] BIN 2025914: 'House No' conflicto {'1236', '1234'}, usando '1234'
[COL] BIN 2025960: 'House No' conflicto {'112', '100'}, usando '100'
[COL] BIN 2026533: 'House No' conflicto {'1207', '1203'}, usando '1203'
[COL] BIN 2026670: 'Street Name' conflicto {'CASTLE HILL AVENUE', 'CASTLEHILL AVENUE'}, usando 'CASTLEHILL AVENUE'
[COL] BIN 2026929: 'House No' conflicto {'1270', '1274', '1276'}, usando '1270'
[COL] BIN 2026929: 'Street Name' conflicto {'CASTLE HILL AVENUE', 'CASTLEHILL AVENUE'}, usando 'CASTLE HILL AVENUE'
[COL] BIN 2026971: 'House No' conflicto {'1060', '1070'}, usando '1060'
[COL] BIN 2027194: 'House No' conflicto {'2401', '1200'}, usando '1200'
[COL] BIN 2027194: 'Street Name' conflicto {'ZEREGA AVENUE', 'GLEASON AVENUE'}, usando 'ZEREGA AVENUE'
[COL] BIN 2027626: 'House No' conflicto {'1306', '1300'}, usando '1300'
[COL] BIN 2027965: 'House No' conflicto {'1863', '1855', '1853'}, usando '1855'
[COL] BIN 2028704: 'House No' conflicto {'1587', '1836'}, usando '1587'
[COL] BIN 2028704: 'Street Name' conflicto {'EAST TREMONT AVENUE', 'THIERIOT AVENUE'}, usando 'THIERIOT AVENUE'
[COL] BIN 2028868: 'House No' conflicto {'31', '1316'}, usando '1316'
[COL] BIN 2028868: 'Street Name' conflicto {'HUGH J GRANT CIRCLE', 'METROPOLITAN AVENUE'}, usando 'METROPOLITAN AVENUE'
[COL] BIN 2028965: 'House No' conflicto {'1457', '2064'}, usando '2064'
[COL] BIN 2028965: 'Street Name' conflicto {'UNIONPORT ROAD', 'MCGRAW AVENUE'}, usando 'MCGRAW AVENUE'
[COL] BIN 2029018: 'House No' conflicto {'1317', '1309'}, usando '1317'
[COL] BIN 2029050: 'House No' conflicto {'1380', '1382'}, usando '1382'
[COL] BIN 2029113: 'House No' conflicto {'63', '65', '67'}, usando '65'
[COL] BIN 2041870: 'House No' conflicto {'41', '40'}, usando '41'
[COL] BIN 2041960: 'House No' conflicto {'2704', '2702A'}, usando '2704'
[COL] BIN 2041968: 'House No' conflicto {'2742', '2742A'}, usando '2742'
[COL] BIN 2041970: 'House No' conflicto {'2750', '2748'}, usando '2748'
[COL] BIN 2043412: 'House No' conflicto {'653', '655'}, usando '655'
[COL] BIN 2043478: 'House No' conflicto {'719', '715'}, usando '715'
[COL] BIN 2043662: 'House No' conflicto {'803', '1808'}, usando '1808'
[COL] BIN 2043662: 'Street Name' conflicto {'BARNES AVENUE', 'MORRIS PARK AVENUE'}, usando 'BARNES AVENUE'
[COL] BIN 2043801: 'House No' conflicto {'1801', '1803'}, usando '1801'
[COL] BIN 2045493: 'House No' conflicto {'1027', '1025', '1033'}, usando '1025'
[COL] BIN 2045970: 'House No' conflicto {'2890', '2931'}, usando '2931'
[COL] BIN 2045970: 'Street Name' conflicto {'WESTCHESTER AVENUE', 'BUHRE AVENUE'}, usando 'WESTCHESTER AVENUE'
[COL] BIN 2046556: 'House No' conflicto {'2889', '2893'}, usando '2889'
[COL] BIN 2046710: 'House No' conflicto {'1800', '1820'}, usando '1800'
[COL] BIN 2047159: 'House No' conflicto {'2801', '2805'}, usando '2801'
[COL] BIN 2047443: 'House No' conflicto {'3120', '3645'}, usando '3120'
[COL] BIN 2047443: 'Street Name' conflicto {'WILKINSON AVENUE', 'BRUCKNER BOULEVARD'}, usando 'WILKINSON AVENUE'
[COL] BIN 2047464: 'House No' conflicto {'3681', '3685'}, usando '3681'
[COL] BIN 2047718: 'House No' conflicto {'3251', '3257'}, usando '3251'
[COL] BIN 2047750: 'House No' conflicto {'3279', '3281', '3273'}, usando '3281'
[COL] BIN 2048554: 'House No' conflicto {'1903', '1133'}, usando '1903'
[COL] BIN 2048554: 'Street Name' conflicto {'RHINELANDER AVENUE', 'WILLIAMSBRIDGE ROAD'}, usando 'WILLIAMSBRIDGE ROAD'
[COL] BIN 2048796: 'House No' conflicto {'748', '736'}, usando '748'
[COL] BIN 2048823: 'House No' conflicto {'772', '2131', '770'}, usando '770'
[COL] BIN 2048823: 'Street Name' conflicto {'LYDIG AVENUE', 'WALLACE AVENUE'}, usando 'LYDIG AVENUE'
[COL] BIN 2048825: 'House No' conflicto {'786', '790', '2132'}, usando '2132'
[COL] BIN 2048825: 'Street Name' conflicto {'LYDIG AVENUE', 'WALLACE AVENUE'}, usando 'WALLACE AVENUE'
[COL] BIN 2049380: 'House No' conflicto {'2159', '2163A', '2161A'}, usando '2163A'
[COL] BIN 2049397: 'House No' conflicto {'2192', '2198'}, usando '2198'
[COL] BIN 2049403: 'House No' conflicto {'731', '735', '2140'}, usando '731'
[COL] BIN 2049403: 'Street Name' conflicto {'LYDIG AVENUE', 'CRUGER AVENUE'}, usando 'LYDIG AVENUE'
[COL] BIN 2050008: 'Street Name' conflicto {'PELHAM PARKWAY', 'PELHAM PARKWAY NORTH'}, usando 'PELHAM PARKWAY NORTH'
[COL] BIN 2050046: 'House No' conflicto {'2324', '2334'}, usando '2324'
[COL] BIN 2050178: 'Street Name' conflicto {'PELHAM PARKWAY', 'PELHAM PARKWAY NORTH'}, usando 'PELHAM PARKWAY'
[COL] BIN 2050370: 'Street Name' conflicto {'PELHAM PARKWAY', 'PELHAM PARKWAY NORTH'}, usando 'PELHAM PARKWAY NORTH'
[COL] BIN 2050382: 'Street Name' conflicto {'PELHAM PARKWAY', 'PELHAM PARKWAY NORTH'}, usando 'PELHAM PARKWAY'
[COL] BIN 2051390: 'House No' conflicto {'756', '750'}, usando '750'
[COL] BIN 2053519: 'Street Name' conflicto {'EAST GUNHILL ROAD', 'GUNHILL ROAD'}, usando 'EAST GUNHILL ROAD'
[COL] BIN 2053549: 'House No' conflicto {'2805', '2811'}, usando '2805'
[COL] BIN 2053873: 'House No' conflicto {'1013', '1011', '1017', '1015'}, usando '1017'
[COL] BIN 2054784: 'House No' conflicto {'700', '2958'}, usando '2958'
[COL] BIN 2054784: 'Street Name' conflicto {'WHITE PLAINS ROAD', 'ADEE AVENUE'}, usando 'WHITE PLAINS ROAD'
[COL] BIN 2055613: 'House No' conflicto {'754', '756'}, usando '756'
[COL] BIN 2056270: 'House No' conflicto {'765', '761', '769'}, usando '769'
[COL] BIN 2057021: 'Street Name' conflicto {'GUN HILL ROAD', 'EAST GUN HILL ROAD'}, usando 'EAST GUN HILL ROAD'
[COL] BIN 2057045: 'Street Name' conflicto {'EAST GUNHILL ROAD', 'EAST GUN HILL ROAD'}, usando 'EAST GUNHILL ROAD'
[COL] BIN 2057523: 'House No' conflicto {'670', '680'}, usando '680'
[COL] BIN 2058245: 'House No' conflicto {'812', '814'}, usando '812'
[COL] BIN 2060247: 'House No' conflicto {'3500', '3401'}, usando '3401'
[COL] BIN 2060247: 'Street Name' conflicto {'BOSTON ROAD', 'MICKLE AVENUE'}, usando 'MICKLE AVENUE'
[COL] BIN 2062970: 'House No' conflicto {'3961', '3951'}, usando '3951'
[COL] BIN 2063069: 'House No' conflicto {'4043', '4049'}, usando '4043'
[COL] BIN 2063413: 'House No' conflicto {'3966', '3970', '3960 1/2'}, usando '3970'
[COL] BIN 2063475: 'House No' conflicto {'4000', '4008', '4010'}, usando '4010'
[COL] BIN 2063560: 'House No' conflicto {'4054 A', '4056'}, usando '4056'
[COL] BIN 2063709: 'House No' conflicto {'4182', '4174', '4194'}, usando '4182'
[COL] BIN 2063709: 'Street Name' conflicto {'WHITE PLAINS ROAD', 'WHITEPLAINS ROAD'}, usando 'WHITE PLAINS ROAD'
[COL] BIN 2066190: 'House No' conflicto {'3800', '3750'}, usando '3750'
[COL] BIN 2066884: 'House No' conflicto {'3906', '1401'}, usando '1401'
[COL] BIN 2066884: 'Street Name' conflicto {'EAST  233 STREET', 'SETON AVENUE'}, usando 'EAST  233 STREET'
[COL] BIN 2068169: 'House No' conflicto {'4216', '4218', '4222'}, usando '4222'
[COL] BIN 2072356: 'House No' conflicto {'2200', '801'}, usando '2200'
[COL] BIN 2072356: 'Street Name' conflicto {'GIVAN AVENUE', 'CO-OP CITY BOULEVARD'}, usando 'GIVAN AVENUE'
[COL] BIN 2072365: 'Street Name' conflicto {'COOP CITY BOULEVARD', 'CO-OP CITY BOULEVARD'}, usando 'CO-OP CITY BOULEVARD'
[COL] BIN 2072483: 'House No' conflicto {'4000', '4008'}, usando '4008'
[COL] BIN 2074737: 'House No' conflicto {'2982', '1450'}, usando '1450'
[COL] BIN 2074737: 'Street Name' conflicto {'CROSBY AVENUE', 'ZULETTE AVENUE'}, usando 'CROSBY AVENUE'
[COL] BIN 2076429: 'House No' conflicto {'3421', '3429', '3431'}, usando '3431'
[COL] BIN 2076679: 'House No' conflicto {'3617', '3615', '3619'}, usando '3615'
[COL] BIN 2077021: 'House No' conflicto {'3813', '3811', '3821'}, usando '3813'
[COL] BIN 2077284: 'House No' conflicto {'4007', '4001'}, usando '4007'
[COL] BIN 2079944: 'House No' conflicto {'3716', '3718'}, usando '3718'
[COL] BIN 2080263: 'House No' conflicto {'815', '770'}, usando '770'
[COL] BIN 2080263: 'Street Name' conflicto {'BRUSH AVENUE', 'HUTCHINSON RIVER PARKWAY'}, usando 'BRUSH AVENUE'
[COL] BIN 2080351: 'House No' conflicto {'3752', '3754'}, usando '3752'
[COL] BIN 2080422: 'House No' conflicto {'650', '2700'}, usando '2700'
[COL] BIN 2080422: 'Street Name' conflicto {'RANDALL AVENUE', 'BUTTRICK AVENUE'}, usando 'RANDALL AVENUE'
[COL] BIN 2080456: 'House No' conflicto {'4004', '4010'}, usando '4010'
[COL] BIN 2081723: 'House No' conflicto {'552', '550'}, usando '550'
[COL] BIN 2083133: 'House No' conflicto {'221', '213', '3006'}, usando '213'
[COL] BIN 2083133: 'Street Name' conflicto {'GODWIN TERRACE', 'WEST  230 STREET'}, usando 'WEST  230 STREET'
[COL] BIN 2083141: 'House No' conflicto {'212', '214'}, usando '212'
[COL] BIN 2083141: 'Street Name' conflicto {'WEST  231 STREET', 'WEST 231 STREET'}, usando 'WEST 231 STREET'
[COL] BIN 2083159: 'House No' conflicto {'5591', '5589'}, usando '5589'
[COL] BIN 2083161: 'House No' conflicto {'205', '207', '209'}, usando '209'
[COL] BIN 2083162: 'House No' conflicto {'224', '211', '230'}, usando '224'
[COL] BIN 2083162: 'Street Name' conflicto {'WEST  231 STREET', 'NAPLES TERRACE'}, usando 'NAPLES TERRACE'
[COL] BIN 2083173: 'House No' conflicto {'279', '277'}, usando '277'
[COL] BIN 2083241: 'Street Name' conflicto {'PALISADES AVENUE', 'PALISADE AVENUE'}, usando 'PALISADE AVENUE'
[COL] BIN 2083472: 'Street Name' conflicto {'PALISADE AVENUE', 'PALISADES AVENUE'}, usando 'PALISADES AVENUE'
[COL] BIN 2083473: 'Street Name' conflicto {'PALISADES AVENUE', 'PALISADE AVENUE'}, usando 'PALISADE AVENUE'
[COL] BIN 2083479: 'Street Name' conflicto {'PALISADES AVENUE', 'PALISADE AVENUE'}, usando 'PALISADE AVENUE'
[COL] BIN 2083997: 'House No' conflicto {'3700', '3708'}, usando '3708'
[COL] BIN 2084137: 'House No' conflicto {'3545', '3543'}, usando '3545'
[COL] BIN 2084160: 'House No' conflicto {'3533', '3529'}, usando '3529'
[COL] BIN 2084161: 'House No' conflicto {'3509', '561', '3517'}, usando '3509'
[COL] BIN 2084161: 'Street Name' conflicto {'WEST  235 STREET', 'JOHNSON AVENUE'}, usando 'JOHNSON AVENUE'
[COL] BIN 2084796: 'House No' conflicto {'5628', '5626A', '5626'}, usando '5628'
[COL] BIN 2085482: 'House No' conflicto {'6050', '6052'}, usando '6052'
[COL] BIN 2085820: 'Street Name' conflicto {'HENRY HUDSON PARKWAY WEST', 'HENRY HUDSON PARKWAY'}, usando 'HENRY HUDSON PARKWAY'
[COL] BIN 2086250: 'Street Name' conflicto {'HHP', 'HENRY HUDSON PARKWAY'}, usando 'HENRY HUDSON PARKWAY'
[COL] BIN 2086309: 'House No' conflicto {'5444', '5414'}, usando '5414'
[COL] BIN 2086317: 'House No' conflicto {'5661', '5681', '5667'}, usando '5681'
[COL] BIN 2086706: 'House No' conflicto {'856', '864', '858'}, usando '856'
[COL] BIN 2086808: 'House No' conflicto {'2459', '2475'}, usando '2475'
[COL] BIN 2086808: 'Street Name' conflicto {'SOUTH BOULEVARD', 'SOUTHERN BOULEVARD'}, usando 'SOUTHERN BOULEVARD'
[COL] BIN 2087163: 'House No' conflicto {'2040', '2044'}, usando '2044'
[COL] BIN 2087521: 'House No' conflicto {'304', '302', '308'}, usando '308'
[COL] BIN 2087584: 'House No' conflicto {'4525', '4513'}, usando '4525'
[COL] BIN 2088325: 'House No' conflicto {'444', '4770', '440', '1'}, usando '1'
[COL] BIN 2088325: 'Street Name' conflicto {'3 AVENUE', 'FORDHAM PLAZA', 'EAST FORDHAM ROAD'}, usando 'FORDHAM PLAZA'
[COL] BIN 2089977: 'House No' conflicto {'52', '50'}, usando '50'
[COL] BIN 2090986: 'House No' conflicto {'201', '530'}, usando '201'
[COL] BIN 2090986: 'Street Name' conflicto {'SAINT ANNS AVENUE', 'EAST  137 STREET'}, usando 'SAINT ANNS AVENUE'
[COL] BIN 2091116: 'House No' conflicto {'271', '281'}, usando '281'
[COL] BIN 2091127: 'House No' conflicto {'360', '340'}, usando '340'
[COL] BIN 2091132: 'House No' conflicto {'324', '314'}, usando '314'
[COL] BIN 2091135: 'House No' conflicto {'2635', '2645'}, usando '2645'
[COL] BIN 2091136: 'Street Name' conflicto {'3 AVENUE', 'THIRD AVENUE'}, usando 'THIRD AVENUE'
[COL] BIN 2091140: 'House No' conflicto {'205', '207'}, usando '207'
[COL] BIN 2091142: 'House No' conflicto {'182', '188'}, usando '182'
[COL] BIN 2091223: 'House No' conflicto {'799', '785'}, usando '785'
[COL] BIN 2091223: 'Street Name' conflicto {'COURTLAND AVENUE', 'COURTLANDT AVENUE'}, usando 'COURTLANDT AVENUE'
[COL] BIN 2091224: 'House No' conflicto {'765', '325'}, usando '765'
[COL] BIN 2091224: 'Street Name' conflicto {'COURTLANDT AVENUE', 'EAST  156 STREET'}, usando 'COURTLANDT AVENUE'
[COL] BIN 2091283: 'House No' conflicto {'664', '674'}, usando '664'
[COL] BIN 2091284: 'House No' conflicto {'535', '525'}, usando '535'
[COL] BIN 2091301: 'House No' conflicto {'694', '346'}, usando '694'
[COL] BIN 2091301: 'Street Name' conflicto {'POWERS AVENUE', 'EAST  142 STREET'}, usando 'EAST  142 STREET'
[COL] BIN 2091318: 'House No' conflicto {'550', '540'}, usando '550'
[COL] BIN 2091381: 'LOT' conflicto {'8', '108'}, usando '108'
[COL] BIN 2091467: 'House No' conflicto {'2755', '2745'}, usando '2755'
[COL] BIN 2091470: 'House No' conflicto {'560', '550'}, usando '550'
[COL] BIN 2091964: 'House No' conflicto {'765', '955'}, usando '955'
[COL] BIN 2091964: 'Street Name' conflicto {'TINTON AVENUE', 'EAST  163 STREET'}, usando 'TINTON AVENUE'
[COL] BIN 2092079: 'Street Name' conflicto {'3 AVENUE', 'THIRD AVENUE'}, usando 'THIRD AVENUE'
[COL] BIN 2092082: 'House No' conflicto {'3603', '489'}, usando '3603'
[COL] BIN 2092082: 'Street Name' conflicto {'3 AVENUE', 'THIRD AVENUE', 'EAST  169 STREET'}, usando 'THIRD AVENUE'
[COL] BIN 2092162: 'House No' conflicto {'324', '326'}, usando '326'
[COL] BIN 2092432: 'House No' conflicto {'2400', '2'}, usando '2'
[COL] BIN 2092432: 'Street Name' conflicto {'SEDGEWICK AVENUE', 'FORDHAM HILL OVAL'}, usando 'FORDHAM HILL OVAL'
[COL] BIN 2092434: 'House No' conflicto {'4', '2440'}, usando '2440'
[COL] BIN 2092434: 'Street Name' conflicto {'SEDGEWICK AVENUE', 'FORDHAM HILL OVAL'}, usando 'SEDGEWICK AVENUE'
[COL] BIN 2092440: 'House No' conflicto {'2663', '2608', '2660'}, usando '2660'
[COL] BIN 2092440: 'Street Name' conflicto {'BAILEY AVENUE', 'HEATH AVENUE'}, usando 'BAILEY AVENUE'
[COL] BIN 2092673: 'House No' conflicto {'2165', '635'}, usando '2165'
[COL] BIN 2092673: 'Street Name' conflicto {'RANDALL AVENUE', 'CASTLE HILL AVENUE'}, usando 'RANDALL AVENUE'
[COL] BIN 2092748: 'House No' conflicto {'1780', '1776'}, usando '1780'
[COL] BIN 2092758: 'Street Name' conflicto {'THERIOT AVENUE', 'THIERIOT AVENUE'}, usando 'THERIOT AVENUE'
[COL] BIN 2093405: 'House No' conflicto {'2450', '2460'}, usando '2450'
[COL] BIN 2093408: 'House No' conflicto {'950', '930'}, usando '950'
[COL] BIN 2093412: 'House No' conflicto {'925', '2420'}, usando '925'
[COL] BIN 2093412: 'Street Name' conflicto {'BRONXWOOD AVENUE', 'WARING AVENUE'}, usando 'WARING AVENUE'
[COL] BIN 2093415: 'House No' conflicto {'981', '975'}, usando '975'
[COL] BIN 2093417: 'House No' conflicto {'955', '935'}, usando '935'
[COL] BIN 2093490: 'House No' conflicto {'1134', '1130'}, usando '1134'
[COL] BIN 2093500: 'House No' conflicto {'1236', '1230'}, usando '1236'
[COL] BIN 2093503: 'House No' conflicto {'3020', '3010', '3018'}, usando '3018'
[COL] BIN 2093739: 'House No' conflicto {'1186', '1180'}, usando '1186'
[COL] BIN 2093977: 'House No' conflicto {'791', '780'}, usando '780'
[COL] BIN 2093977: 'Street Name' conflicto {'EAST  133 STREET', 'EAST  132 STREET'}, usando 'EAST  133 STREET'
[COL] BIN 2094139: 'Street Name' conflicto {'229 DRIVE NORTH', 'EAST  229 STREET'}, usando '229 DRIVE NORTH'
[COL] BIN 2094141: 'House No' conflicto {'3861', '3865'}, usando '3865'
[COL] BIN 2094150: 'Street Name' conflicto {'EAST  229 DRIVE SOUTH', '229 DRIVE SOUTH'}, usando '229 DRIVE SOUTH'
[COL] BIN 2094155: 'House No' conflicto {'1195', '1189'}, usando '1195'
[COL] BIN 2094157: 'House No' conflicto {'1153', '1155'}, usando '1155'
[COL] BIN 2094160: 'House No' conflicto {'4030', '4034'}, usando '4034'
[COL] BIN 2094163: 'Street Name' conflicto {'226 DRIVE', '226 DRIVE SOUTH'}, usando '226 DRIVE'
[COL] BIN 2094164: 'Street Name' conflicto {'226 DRIVE', '226 DRIVE SOUTH'}, usando '226 DRIVE'
[COL] BIN 2094165: 'Street Name' conflicto {'226 DRIVE', '226 DRIVE SOUTH'}, usando '226 DRIVE'
[COL] BIN 2094166: 'Street Name' conflicto {'226 DRIVE', '226 DRIVE SOUTH'}, usando '226 DRIVE SOUTH'
[COL] BIN 2094173: 'Street Name' conflicto {'226 DRIVE', '226 DRIVE SOUTH'}, usando '226 DRIVE SOUTH'
[COL] BIN 2094174: 'House No' conflicto {'1195', '1855'}, usando '1195'
[COL] BIN 2094174: 'Street Name' conflicto {'EAST  225 STREET', 'SCHIEFFELIN AVENUE'}, usando 'EAST  225 STREET'
[COL] BIN 2094217: 'House No' conflicto {'2175', '4422'}, usando '2175'
[COL] BIN 2094217: 'Street Name' conflicto {'3 AVENUE', 'THIRD AVENUE', 'QUARRY ROAD'}, usando 'QUARRY ROAD'
[COL] BIN 2094224: 'House No' conflicto {'2272', '2214', '2228', '2210', '2156', '2180', '2276'}, usando '2156'
[COL] BIN 2094275: 'House No' conflicto {'1025', '955'}, usando '955'
[COL] BIN 2094327: 'House No' conflicto {'957', '995'}, usando '995'
[COL] BIN 2094327: 'Street Name' conflicto {'WESTCHESTER AVENUE', 'KELLY STREET'}, usando 'KELLY STREET'
[COL] BIN 2094673: 'House No' conflicto {'2464', '7'}, usando '7'
[COL] BIN 2094673: 'Street Name' conflicto {'JEROME AVENUE', 'EAST FORDHAM ROAD'}, usando 'EAST FORDHAM ROAD'
[COL] BIN 2094677: 'House No' conflicto {'24', '16'}, usando '24'
[COL] BIN 2094766: 'Street Name' conflicto {'EAST GUNHILL ROAD', 'EAST GUN HILL ROAD'}, usando 'EAST GUNHILL ROAD'
[COL] BIN 2094783: 'House No' conflicto {'287', '4293'}, usando '4293'
[COL] BIN 2094783: 'Street Name' conflicto {'KATONAH AVENUE', 'EAST  236 STREET'}, usando 'KATONAH AVENUE'
[COL] BIN 2094835: 'House No' conflicto {'1967', '1925', '1937', '1957', '1931', '1927'}, usando '1927'
[COL] BIN 2094865: 'House No' conflicto {'1277', '1269'}, usando '1277'
[COL] BIN 2095044: 'Street Name' conflicto {'GUN HILL ROAD', 'EAST GUN HILL ROAD'}, usando 'GUN HILL ROAD'
[COL] BIN 2096003: 'House No' conflicto {'859', '857'}, usando '859'
[COL] BIN 2096013: 'House No' conflicto {'2195', '2193'}, usando '2195'
[COL] BIN 2096013: 'Street Name' conflicto {'ANDREWS AVENUE', 'ANDREWS AVENUE NORTH'}, usando 'ANDREWS AVENUE NORTH'
[COL] BIN 2096601: 'House No' conflicto {'1314', '29'}, usando '1314'
[COL] BIN 2096601: 'Street Name' conflicto {'HUGH GRANT CIRCLE', 'VIRGINIA AVENUE'}, usando 'VIRGINIA AVENUE'
[COL] BIN 2096637: 'House No' conflicto {'1491', '1489'}, usando '1491'
[COL] BIN 2096639: 'House No' conflicto {'1443', '1470', '1451'}, usando '1443'
[COL] BIN 2096639: 'Street Name' conflicto {'WEST AVENUE', 'METROPOLITAN AVENUE'}, usando 'METROPOLITAN AVENUE'
[COL] BIN 2096641: 'House No' conflicto {'44', '64'}, usando '64'
[COL] BIN 2096674: 'House No' conflicto {'1368', '1380', '1374', '1370', '1376'}, usando '1368'
[COL] BIN 2096676: 'House No' conflicto {'1420', '1410'}, usando '1420'
[COL] BIN 2096682: 'House No' conflicto {'1416', '1442', '1440'}, usando '1416'
[COL] BIN 2096690: 'House No' conflicto {'1490', '1480', '1498'}, usando '1498'
[COL] BIN 2096723: 'Street Name' conflicto {'SAINT RAYMOND AVENUE', 'ST RAYMOND AVENUE'}, usando 'SAINT RAYMOND AVENUE'
[COL] BIN 2096863: 'House No' conflicto {'9-09', '09-09'}, usando '09-09'
[COL] BIN 2097027: 'House No' conflicto {'555', '410', '423', '2870', '2856', '421', '2866'}, usando '2870'
[COL] BIN 2097027: 'Street Name' conflicto {'3 AVENUE', 'EAST  149 STREET', 'WESTCHESTER AVENUE', 'BERGEN AVENUE', 'THIRD AVENUE'}, usando '3 AVENUE'
[COL] BIN 2097309: 'Street Name' conflicto {'BEDFORD PARK BOULEVARD WEST', 'BEDFORD PARK BLVD WEST'}, usando 'BEDFORD PARK BLVD WEST'
[COL] BIN 2097360: 'House No' conflicto {'1825', '1811'}, usando '1811'
[COL] BIN 2097466: 'House No' conflicto {'2059', '2069', '2057', '2035', '2045', '2045A', '2081', '2039', '2075'}, usando '2069'
[COL] BIN 2097469: 'House No' conflicto {'115A', '129', '105'}, usando '105'
[COL] BIN 2097550: 'Street Name' conflicto {'PELHAM PARKWAY SOUTH', 'PELHAM PARKWAY'}, usando 'PELHAM PARKWAY SOUTH'
[COL] BIN 2098457: 'House No' conflicto {'443', '439'}, usando '439'
[COL] BIN 2098457: 'Street Name' conflicto {'EAST 165 STREET', 'EAST  165 STREET'}, usando 'EAST 165 STREET'
[COL] BIN 2098457: 'LOT' conflicto {'7501', '44'}, usando '7501'
[COL] BIN 2098632: 'House No' conflicto {'150', '180'}, usando '150'
[COL] BIN 2098662: 'House No' conflicto {'1043', '1041', '1030', '1026'}, usando '1043'
[COL] BIN 2098662: 'Street Name' conflicto {'WESTCHESTER AVENUE', 'SOUTHERN BOULEVARD'}, usando 'SOUTHERN BOULEVARD'
[COL] BIN 2100381: 'LOT' conflicto {'382', '390'}, usando '390'
[COL] BIN 2100465: 'House No' conflicto {'265', '269', '267'}, usando '267'
[COL] BIN 2101746: 'House No' conflicto {'2972', '2968'}, usando '2972'
[COL] BIN 2101907: 'House No' conflicto {'1010', '1001'}, usando '1010'
[COL] BIN 2101907: 'Street Name' conflicto {'EAST  178 STREET', 'EAST  179 STREET'}, usando 'EAST  179 STREET'
[COL] BIN 2102454: 'House No' conflicto {'330', '340'}, usando '330'
[COL] BIN 2103645: 'House No' conflicto {'3721', '3725'}, usando '3721'
[COL] BIN 2103832: 'House No' conflicto {'5', '1'}, usando '5'
[COL] BIN 2103869: 'House No' conflicto {'885', '855'}, usando '885'
[COL] BIN 2109474: 'House No' conflicto {'1600', '16-00'}, usando '1600'
[COL] BIN 2109474: 'Borough' conflicto {'Bronx', 'Queens'}, usando 'Bronx'
[COL] BIN 2109477: 'Borough' conflicto {'Bronx', 'Queens'}, usando 'Bronx'
[COL] BIN 2109483: 'LOT' conflicto {'460', '500'}, usando '500'
[COL] BIN 2109662: 'House No' conflicto {'1239', '1249'}, usando '1239'
[COL] BIN 2112706: 'House No' conflicto {'410', '408'}, usando '410'
[COL] BIN 2112838: 'Street Name' conflicto {'TIBBETT AVENUE', 'TIBBET AVENUE'}, usando 'TIBBET AVENUE'
[COL] BIN 2113012: 'House No' conflicto {'2700', '2740'}, usando '2700'
[COL] BIN 2113012: 'Street Name' conflicto {'KAZIMIROFF BOULEVARD', 'SOUTHERN BOULEVARD', 'DR KAZIMIROFF BOULEVARD'}, usando 'KAZIMIROFF BOULEVARD'
[COL] BIN 2113257: 'House No' conflicto {'3525', '3536'}, usando '3525'
[COL] BIN 2113257: 'Street Name' conflicto {'CAMBRIDGE AVENUE', 'RIVERDALE AVENUE'}, usando 'RIVERDALE AVENUE'
[COL] BIN 2113376: 'House No' conflicto {'1039', '1033'}, usando '1039'
[COL] BIN 2113529: 'Street Name' conflicto {'BEACH TERRACE', 'BEECH TERRACE'}, usando 'BEACH TERRACE'
[COL] BIN 2113628: 'House No' conflicto {'30', '16'}, usando '30'
[COL] BIN 2114124: 'House No' conflicto {'400', '760'}, usando '760'
[COL] BIN 2114124: 'Street Name' conflicto {'MELROSE AVENUE', 'EAST  157 STREET'}, usando 'MELROSE AVENUE'
[COL] BIN 2114452: 'House No' conflicto {'31', '33'}, usando '33'
[COL] BIN 2115671: 'House No' conflicto {'1979', '1973'}, usando '1973'
[COL] BIN 2116544: 'Street Name' conflicto {'OAKPOINT AVENUE', 'OAK POINT AVENUE'}, usando 'OAK POINT AVENUE'
[COL] BIN 2116639: 'House No' conflicto {'839C', '839'}, usando '839C'
[COL] BIN 2116646: 'House No' conflicto {'3225', '514'}, usando '514'
[COL] BIN 2116646: 'Street Name' conflicto {'THIRD AVENUE', 'EAST  163 STREET'}, usando 'EAST  163 STREET'
[COL] BIN 2116652: 'House No' conflicto {'1500', '15-00'}, usando '15-00'
[COL] BIN 2116652: 'Borough' conflicto {'Bronx', 'Queens'}, usando 'Bronx'
[COL] BIN 2116712: 'House No' conflicto {'3321', '500'}, usando '500'
[COL] BIN 2116712: 'Street Name' conflicto {'EAST  165 STREET', 'THIRD AVENUE'}, usando 'EAST  165 STREET'
[COL] BIN 2116936: 'Street Name' conflicto {'PALISADES AVENUE', 'PALISADE AVENUE'}, usando 'PALISADE AVENUE'
[COL] BIN 2117503: 'Street Name' conflicto {'EAST  149 STREET', 'EAST 149 STREET'}, usando 'EAST 149 STREET'
[COL] BIN 2117503: 'LOT' conflicto {'87', '175'}, usando '87'
[COL] BIN 2117695: 'Street Name' conflicto {'ST ANNS AVENUE', "ST ANN'S AVENUE"}, usando 'ST ANNS AVENUE'
[COL] BIN 2117698: 'Street Name' conflicto {'WILLIAMSBRIDGE ROAD', 'WILLIAMBRIDGE ROAD'}, usando 'WILLIAMBRIDGE ROAD'
[COL] BIN 2117976: 'House No' conflicto {'1330', '1307'}, usando '1330'
[COL] BIN 2117976: 'Street Name' conflicto {'INTERVALE AVENUE', 'LOUIS NINE BOULEVARD'}, usando 'INTERVALE AVENUE'
[COL] BIN 2118206: 'House No' conflicto {'700', '3254'}, usando '700'
[COL] BIN 2118206: 'Street Name' conflicto {'WHITE PLAINS ROAD', 'ROSEWOOD STREET'}, usando 'ROSEWOOD STREET'
[COL] BIN 2118334: 'House No' conflicto {'2175', '2175A'}, usando '2175'
[COL] BIN 2118670: 'House No' conflicto {'651', '600'}, usando '600'
[COL] BIN 2118670: 'Street Name' conflicto {'RIVER AVENUE', 'EXTERIOR STREET'}, usando 'EXTERIOR STREET'
[COL] BIN 2118946: 'Street Name' conflicto {'COOP CITY BOULEVARD', 'CO-OP CITY BOULEVARD'}, usando 'CO-OP CITY BOULEVARD'
[COL] BIN 2120210: 'House No' conflicto {'979', '1880'}, usando '979'
[COL] BIN 2120210: 'Street Name' conflicto {'BOSTON ROAD', 'CROSS BRONX EXPRESSWAY'}, usando 'CROSS BRONX EXPRESSWAY'
[COL] BIN 2120214: 'LOT' conflicto {'2', '1'}, usando '1'
[COL] BIN 2123825: 'Street Name' conflicto {'HUTCHINSON RIVER PARKWAY SR', 'HUTCHINSON RIVER PARKWAY'}, usando 'HUTCHINSON RIVER PARKWAY'
[COL] BIN 2123825: 'LOT' conflicto {'50', '1'}, usando '50'
[COL] BIN 2124445: 'LOT' conflicto {'37', '7502'}, usando '37'
[COL] BIN 2125172: 'House No' conflicto {'5244', '5250'}, usando '5250'
[COL] BIN 2127025: 'House No' conflicto {'5510', '5520'}, usando '5520'
[COL] BIN 2127050: 'House No' conflicto {'459', '455'}, usando '459'
[COL] BIN 2127137: 'LOT' conflicto {'50', '1'}, usando '1'
[COL] BIN 2127175: 'Street Name' conflicto {'SOUTHERN BOULEVARD', 'DR KAZIMIROFF BOULEVARD'}, usando 'SOUTHERN BOULEVARD'
[COL] BIN 2127303: 'House No' conflicto {'827', '825'}, usando '825'
[COL] BIN 2127589: 'House No' conflicto {'654', '660'}, usando '654'
[COL] BIN 2128550: 'House No' conflicto {'253', '255', '555'}, usando '253'
[COL] BIN 2128550: 'Street Name' conflicto {'EAST  149 STREET', 'MORRIS AVENUE'}, usando 'EAST  149 STREET'
[COL] BIN 2128706: 'House No' conflicto {'1715', '1672'}, usando '1672'
[COL] BIN 2128706: 'Street Name' conflicto {'WEST FARMS ROAD', 'BOONE AVENUE'}, usando 'BOONE AVENUE'
[COL] BIN 2129393: 'LOT' conflicto {'7501', '2'}, usando '7501'
[COL] BIN 2129508: 'House No' conflicto {'1959', '1955'}, usando '1959'
[COL] BIN 2129656: 'Street Name' conflicto {'3 AVENUE', 'THIRD AVENUE'}, usando 'THIRD AVENUE'
[COL] BIN 2129656: 'LOT' conflicto {'7501', '13'}, usando '13'
[COL] BIN 2129690: 'House No' conflicto {'2305', '2311'}, usando '2311'
[COL] BIN 2129721: 'LOT' conflicto {'7501', '99'}, usando '99'
[COL] BIN 2129725: 'LOT' conflicto {'87', '7501'}, usando '87'
[COL] BIN 2130444: 'House No' conflicto {'1024', '1030'}, usando '1030'
[COL] BIN 2130624: 'House No' conflicto {'1010', '1002', '1000'}, usando '1000'
[COL] BIN 2130650: 'Street Name' conflicto {'3 AVENUE', 'THIRD AVENUE'}, usando 'THIRD AVENUE'
[COL] BIN 2130855: 'House No' conflicto {'2100', '2172'}, usando '2100'
[COL] BIN 2130903: 'LOT' conflicto {'22', '17'}, usando '22'
[COL] BIN 2130918: 'House No' conflicto {'1298', '2451'}, usando '2451'
[COL] BIN 2130918: 'Street Name' conflicto {'POPLAR STREET', 'Inwood Ave.'}, usando 'POPLAR STREET'
[COL] BIN 2130918: 'Block' conflicto {'2855', '4062'}, usando '4062'
[COL] BIN 2130918: 'LOT' conflicto {'7', '51', '6'}, usando '6'
[COL] BIN 2130992: 'LOT' conflicto {'60', '1'}, usando '60'
[COL] BIN 2131084: 'LOT' conflicto {'233', '231'}, usando '233'
[COL] BIN 2131120: 'Street Name' conflicto {'EAST 138 STREET', 'EAST  138 STREET'}, usando 'EAST  138 STREET'
[COL] BIN 2131229: 'Street Name' conflicto {'EAST  227 STREET', 'EAST 227 STREET'}, usando 'EAST  227 STREET'
[COL] BIN 2131231: 'House No' conflicto {'4506', '4508'}, usando '4506'
[DUP] BIN 2817580: Job Filing duplicado 'X00791429-A7' eliminado
[DUP] BIN 2817580: Job Filing duplicado 'X00791429-A7' eliminado
[DUP] BIN 2817580: Job Filing duplicado 'X00791429-A7' eliminado
[COL] BIN 3000000: 'House No' conflicto {'201', '338'}, usando '201'
[COL] BIN 3000000: 'Street Name' conflicto {'KENT AVENUE', 'HOWARD AVENUE'}, usando 'KENT AVENUE'
[COL] BIN 3000000: 'Block' conflicto {'2357', '1438'}, usando '2357'
[COL] BIN 3000000: 'LOT' conflicto {'24', '1'}, usando '1'
[COL] BIN 3000010: 'House No' conflicto {'30', '20', '145', '28'}, usando '20'
[COL] BIN 3000010: 'Street Name' conflicto {'JOHN STREET', 'PLYMOUTH STREET', 'JAY STREET'}, usando 'JAY STREET'
[COL] BIN 3000085: 'House No' conflicto {'42', '67'}, usando '67'
[COL] BIN 3000085: 'Street Name' conflicto {'FRONT STREET', 'MAIN STREET'}, usando 'FRONT STREET'
[COL] BIN 3000088: 'House No' conflicto {'111', '56', '55'}, usando '55'
[COL] BIN 3000088: 'Street Name' conflicto {'WASHINGTON STREET', 'FRONT STREET', 'ADAMS STREET'}, usando 'WASHINGTON STREET'
[COL] BIN 3000090: 'House No' conflicto {'68', '143'}, usando '143'
[COL] BIN 3000090: 'Street Name' conflicto {'FRONT STREET', 'JAY STREET'}, usando 'FRONT STREET'
[COL] BIN 3000116: 'House No' conflicto {'80', '295'}, usando '295'
[COL] BIN 3000116: 'Street Name' conflicto {'FRONT STREET', 'HUDSON AVENUE'}, usando 'FRONT STREET'
[COL] BIN 3000171: 'House No' conflicto {'73', '77'}, usando '73'
[COL] BIN 3000176: 'House No' conflicto {'240', '250'}, usando '250'
[COL] BIN 3000208: 'House No' conflicto {'52', '22'}, usando '22'
[COL] BIN 3000208: 'Street Name' conflicto {'FLATBUSH AVENUE EXTENSION', 'CHAPEL STREET'}, usando 'CHAPEL STREET'
[COL] BIN 3000259: 'House No' conflicto {'335', '350'}, usando '335'
[COL] BIN 3000259: 'Street Name' conflicto {'JAY STREET', 'ADAMS STREET'}, usando 'ADAMS STREET'
[COL] BIN 3000265: 'House No' conflicto {'329', '6'}, usando '6'
[COL] BIN 3000265: 'Street Name' conflicto {'METROTECH CENTER', 'JAY STREET', 'METROTECH'}, usando 'METROTECH CENTER'
[COL] BIN 3000274: 'Street Name' conflicto {'METRO TECH', 'METROTECH'}, usando 'METRO TECH'
[COL] BIN 3000370: 'LOT' conflicto {'7503', '100'}, usando '7503'
[COL] BIN 3000375: 'House No' conflicto {'34', '404A', '402', '404'}, usando '402'
[COL] BIN 3000375: 'Street Name' conflicto {'WILLOUGHBY STREET', 'JAY STREET'}, usando 'JAY STREET'
[COL] BIN 3000386: 'House No' conflicto {'52', '395'}, usando '52'
[COL] BIN 3000386: 'Street Name' conflicto {'WILLOUGHBY STREET', 'JAY STREET'}, usando 'WILLOUGHBY STREET'
[COL] BIN 3000452: 'House No' conflicto {'229', '25', '484'}, usando '25'
[COL] BIN 3000452: 'Street Name' conflicto {'FULTON STREET', 'LIVINGSTON STREET', 'ELM PLACE'}, usando 'ELM PLACE'
[COL] BIN 3000468: 'House No' conflicto {'2', '6'}, usando '2'
[COL] BIN 3000468: 'Street Name' conflicto {'NEVINS STREET', 'FLATBUSH AVENUE'}, usando 'FLATBUSH AVENUE'
[COL] BIN 3000483: 'House No' conflicto {'30', '20'}, usando '20'
[COL] BIN 3000533: 'House No' conflicto {'112', '110'}, usando '110'
[COL] BIN 3000689: 'LOT' conflicto {'50', '7502'}, usando '7502'
[COL] BIN 3000722: 'House No' conflicto {'68', '72'}, usando '72'
[COL] BIN 3000753: 'House No' conflicto {'30', '38'}, usando '30'
[COL] BIN 3000819: 'House No' conflicto {'262', '274'}, usando '274'
[COL] BIN 3000872: 'House No' conflicto {'97', '348'}, usando '348'
[COL] BIN 3000872: 'Street Name' conflicto {'ATLANTIC AVENUE', 'HOYT STREET'}, usando 'ATLANTIC AVENUE'
[COL] BIN 3001020: 'House No' conflicto {'24', '561'}, usando '561'
[COL] BIN 3001020: 'Street Name' conflicto {'PACIFIC STREET', '4 AVENUE'}, usando 'PACIFIC STREET'
[COL] BIN 3001479: 'Street Name' conflicto {'VINE STREET', 'COLUMBIA HEIGHTS'}, usando 'COLUMBIA HEIGHTS'
[COL] BIN 3001692: 'House No' conflicto {'52', '54'}, usando '54'
[COL] BIN 3001708: 'House No' conflicto {'59 #6C', '59'}, usando '59'
[COL] BIN 3001742: 'House No' conflicto {'169', '171'}, usando '169'
[COL] BIN 3001864: 'House No' conflicto {'74', '72', '70'}, usando '70'
[COL] BIN 3001930: 'LOT' conflicto {'7501', '31'}, usando '31'
[COL] BIN 3001937: 'House No' conflicto {'300', '1'}, usando '300'
[COL] BIN 3001937: 'Street Name' conflicto {'PIERREPONT PLAZA', 'CADMAN PLAZA WEST'}, usando 'CADMAN PLAZA WEST'
[COL] BIN 3001944: 'House No' conflicto {'57', '49'}, usando '49'
[COL] BIN 3001956: 'House No' conflicto {'36', '196'}, usando '36'
[COL] BIN 3001956: 'Street Name' conflicto {'HICKS STREET', 'PIERREPONT STREET'}, usando 'PIERREPONT STREET'
[COL] BIN 3001962: 'House No' conflicto {'125', '121'}, usando '125'
[COL] BIN 3002010: 'House No' conflicto {'138', '177'}, usando '138'
[COL] BIN 3002010: 'Street Name' conflicto {'PIERREPONT STREET', 'MONTAGUE STREET'}, usando 'PIERREPONT STREET'
[COL] BIN 3002261: 'House No' conflicto {'38', '44'}, usando '44'
[COL] BIN 3002543: 'House No' conflicto {'66', '75'}, usando '75'
[COL] BIN 3002543: 'Street Name' conflicto {'COURT STREET', 'LIVINGSTON STREET'}, usando 'LIVINGSTON STREET'
[COL] BIN 3002552: 'House No' conflicto {'60', '58'}, usando '60'
[COL] BIN 3002558: 'House No' conflicto {'210', '57'}, usando '210'
[COL] BIN 3002558: 'Street Name' conflicto {'COURT STREET', 'JORALEMON STREET'}, usando 'JORALEMON STREET'
[COL] BIN 3002613: 'House No' conflicto {'11', '7'}, usando '7'
[COL] BIN 3002650: 'House No' conflicto {'78', '81'}, usando '78'
[COL] BIN 3002650: 'Street Name' conflicto {'COURT STREET', 'LIVINGSTON STREET'}, usando 'LIVINGSTON STREET'
[COL] BIN 3003099: 'House No' conflicto {'100', '350'}, usando '350'
[COL] BIN 3003099: 'Street Name' conflicto {'AMITY STREET', 'HENRY STREET'}, usando 'HENRY STREET'
[COL] BIN 3003273: 'House No' conflicto {'200', '210', '220'}, usando '200'
[COL] BIN 3003536: 'House No' conflicto {'254', '232'}, usando '232'
[COL] BIN 3003536: 'Street Name' conflicto {'COURT STREET', 'BALTIC STREET'}, usando 'COURT STREET'
[COL] BIN 3005146: 'LOT' conflicto {'7503', '16'}, usando '16'
[COL] BIN 3005276: 'Street Name' conflicto {'SECOND PLACE', '2 PLACE'}, usando '2 PLACE'
[COL] BIN 3005898: 'House No' conflicto {'196', '155'}, usando '155'
[COL] BIN 3005898: 'Street Name' conflicto {'BOND STREET', 'BERGEN STREET'}, usando 'BOND STREET'
[COL] BIN 3006318: 'House No' conflicto {'182', '318'}, usando '182'
[COL] BIN 3006318: 'Street Name' conflicto {'SMITH STREET', 'WARREN STREET'}, usando 'SMITH STREET'
[COL] BIN 3006688: 'Street Name' conflicto {'DE GRAW STREET', 'DEGRAW STREET'}, usando 'DEGRAW STREET'
[COL] BIN 3006743: 'Street Name' conflicto {'DE GRAW STREET', 'DEGRAW STREET'}, usando 'DE GRAW STREET'
[COL] BIN 3007060: 'House No' conflicto {'285', '372'}, usando '372'
[COL] BIN 3007060: 'Street Name' conflicto {'SMITH STREET', 'SACKETT STREET'}, usando 'SACKETT STREET'
[COL] BIN 3007243: 'LOT' conflicto {'7507', '30'}, usando '7507'
[COL] BIN 3007345: 'Street Name' conflicto {'3 AVENUE', 'THIRD AVENUE'}, usando 'THIRD AVENUE'
[COL] BIN 3007707: 'House No' conflicto {'512', '522'}, usando '522'
[COL] BIN 3007907: 'Street Name' conflicto {'THIRD STREET', '3 STREET'}, usando 'THIRD STREET'
[COL] BIN 3007962: 'House No' conflicto {'385', '2'}, usando '2'
[COL] BIN 3007962: 'Street Name' conflicto {'SMITH STREET', '3 STREET'}, usando '3 STREET'
[COL] BIN 3008019: 'House No' conflicto {'108', '427'}, usando '427'
[COL] BIN 3008019: 'Street Name' conflicto {'COURT STREET', '3 PLACE'}, usando 'COURT STREET'
[COL] BIN 3008215: 'House No' conflicto {'628', '610'}, usando '610'
[COL] BIN 3008474: 'House No' conflicto {'324', '322'}, usando '324'
[COL] BIN 3008781: 'House No' conflicto {'169', '168'}, usando '168'
[COL] BIN 3008781: 'Street Name' conflicto {'COFFEY STREET', 'VAN DYKE STREET'}, usando 'VAN DYKE STREET'
[COL] BIN 3008877: 'House No' conflicto {'685', '699'}, usando '685'
[COL] BIN 3009588: 'House No' conflicto {'225', '292'}, usando '225'
[COL] BIN 3009588: 'Street Name' conflicto {'24 STREET', '25 STREET'}, usando '25 STREET'
[COL] BIN 3009621: 'House No' conflicto {'749', '750'}, usando '750'
[COL] BIN 3009621: 'Street Name' conflicto {'5 AVENUE', 'FIFTH AVENUE'}, usando '5 AVENUE'
[COL] BIN 3009889: 'Street Name' conflicto {'3 AVENUE', 'THIRD AVENUE'}, usando '3 AVENUE'
[COL] BIN 3010432: 'LOT' conflicto {'54', '7501'}, usando '7501'
[COL] BIN 3010557: 'House No' conflicto {'4014', '4002'}, usando '4002'
[COL] BIN 3010951: 'Street Name' conflicto {'4 AVENUE', 'FOURTH AVENUE'}, usando 'FOURTH AVENUE'
[COL] BIN 3011044: 'House No' conflicto {'809', '4317'}, usando '4317'
[COL] BIN 3011044: 'Street Name' conflicto {'8 AVENUE', '44 STREET'}, usando '8 AVENUE'
[COL] BIN 3011467: 'House No' conflicto {'201', '4501'}, usando '201'
[COL] BIN 3011467: 'Street Name' conflicto {'2 AVENUE', '46 STREET'}, usando '46 STREET'
[COL] BIN 3013046: 'House No' conflicto {'4910', '4902', '4906'}, usando '4902'
[COL] BIN 3013533: 'House No' conflicto {'5119', '411'}, usando '411'
[COL] BIN 3013533: 'Street Name' conflicto {'4 AVENUE', '52 STREET'}, usando '52 STREET'
[COL] BIN 3013561: 'House No' conflicto {'5106', '5102'}, usando '5102'
[COL] BIN 3013917: 'House No' conflicto {'5224', '5216'}, usando '5216'
[COL] BIN 3013917: 'Street Name' conflicto {'5 AVENUE', 'FIFTH AVENUE'}, usando '5 AVENUE'
[COL] BIN 3016179: 'House No' conflicto {'705', '5823'}, usando '705'
[COL] BIN 3016179: 'Street Name' conflicto {'7 AVENUE', '59 STREET'}, usando '59 STREET'
[COL] BIN 3016353: 'House No' conflicto {'5924', '683'}, usando '683'
[COL] BIN 3016353: 'Street Name' conflicto {'7 AVENUE', '60 STREET'}, usando '60 STREET'
[COL] BIN 3016395: 'LOT' conflicto {'12', '7502'}, usando '7502'
[COL] BIN 3017368: 'House No' conflicto {'687 1/2', '687A'}, usando '687 1/2'
[COL] BIN 3017587: 'LOT' conflicto {'54', '7504'}, usando '54'
[COL] BIN 3018012: 'House No' conflicto {'521', '531'}, usando '531'
[COL] BIN 3018047: 'House No' conflicto {'4012', '4002'}, usando '4002'
[COL] BIN 3018105: 'House No' conflicto {'807', '4023'}, usando '4023'
[COL] BIN 3018105: 'Street Name' conflicto {'8 AVENUE', '41 STREET'}, usando '8 AVENUE'
[COL] BIN 3018269: 'Street Name' conflicto {'SEVENTH AVENUE', '7 AVENUE'}, usando 'SEVENTH AVENUE'
[COL] BIN 3018484: 'House No' conflicto {'192', '194'}, usando '192'
[COL] BIN 3018496: 'House No' conflicto {'218', '463'}, usando '218'
[COL] BIN 3018496: 'Street Name' conflicto {'BERGEN STREET', 'FLATBUSH AVENUE'}, usando 'FLATBUSH AVENUE'
[COL] BIN 3018990: 'LOT' conflicto {'7503', '127'}, usando '127'
[COL] BIN 3019180: 'Street Name' conflicto {'DOUGLASS STREET', 'DOUGLAS STREET'}, usando 'DOUGLASS STREET'
[COL] BIN 3019193: 'Street Name' conflicto {'5 AVENUE', 'FIFTH AVENUE'}, usando 'FIFTH AVENUE'
[DUP] BIN 3019200: Job Filing duplicado 'B01172127-S1' eliminado
[COL] BIN 3019347: 'Street Name' conflicto {'DOUGLASS STREET', 'DOUGLAS STREET'}, usando 'DOUGLAS STREET'
[COL] BIN 3019396: 'Street Name' conflicto {'5 AVENUE', 'FIFTH AVENUE'}, usando 'FIFTH AVENUE'
[COL] BIN 3019404: 'LOT' conflicto {'16', '7506'}, usando '7506'
[COL] BIN 3020189: 'House No' conflicto {'787', '763'}, usando '763'
[COL] BIN 3020310: 'LOT' conflicto {'7505', '41'}, usando '41'
[COL] BIN 3020359: 'House No' conflicto {'786', '784'}, usando '784'
[COL] BIN 3020570: 'House No' conflicto {'265', '6'}, usando '6'
[COL] BIN 3020570: 'Street Name' conflicto {'GARFIELD PLACE', '4 AVENUE'}, usando 'GARFIELD PLACE'
[COL] BIN 3020570: 'LOT' conflicto {'8', '7510'}, usando '8'
[COL] BIN 3020603: 'Street Name' conflicto {'FIRST STREET', '1 STREET'}, usando '1 STREET'
[COL] BIN 3020630: 'Street Name' conflicto {'SIXTH AVENUE', '6 AVENUE'}, usando 'SIXTH AVENUE'
[COL] BIN 3020760: 'LOT' conflicto {'7501', '1'}, usando '1'
[COL] BIN 3021019: 'House No' conflicto {'210', '206'}, usando '210'
[COL] BIN 3021094: 'Street Name' conflicto {'SIXTH AVENUE', '6 AVENUE'}, usando 'SIXTH AVENUE'
[COL] BIN 3021123: 'LOT' conflicto {'7507', '9'}, usando '9'
[COL] BIN 3021254: 'LOT' conflicto {'7503', '6'}, usando '6'
[COL] BIN 3021257: 'LOT' conflicto {'7504', '9'}, usando '7504'
[COL] BIN 3021879: 'Street Name' conflicto {'5 AVENUE', 'FIFTH AVENUE'}, usando 'FIFTH AVENUE'
[COL] BIN 3022077: 'Street Name' conflicto {'NINTH STREET', '9 STREET'}, usando 'NINTH STREET'
[COL] BIN 3022110: 'House No' conflicto {'249', '251'}, usando '249'
[COL] BIN 3022174: 'House No' conflicto {'435', '326'}, usando '435'
[COL] BIN 3022174: 'Street Name' conflicto {'9 STREET', '7 AVENUE'}, usando '9 STREET'
[COL] BIN 3022183: 'Street Name' conflicto {'NINTH STREET', '9 STREET'}, usando '9 STREET'
[COL] BIN 3022265: 'Street Name' conflicto {'5 AVENUE', 'FIFTH AVENUE'}, usando '5 AVENUE'
[COL] BIN 3023414: 'Street Name' conflicto {'5 AVENUE', 'FIFTH AVENUE'}, usando 'FIFTH AVENUE'
[COL] BIN 3023598: 'Street Name' conflicto {'3 AVENUE', 'THIRD AVENUE'}, usando 'THIRD AVENUE'
[COL] BIN 3023674: 'House No' conflicto {'205', '550'}, usando '550'
[COL] BIN 3023674: 'Street Name' conflicto {'15 STREET', '5 AVENUE'}, usando '5 AVENUE'
[COL] BIN 3024177: 'LOT' conflicto {'18', '7508'}, usando '18'
[COL] BIN 3024216: 'House No' conflicto {'263', '261'}, usando '261'
[COL] BIN 3024351: 'House No' conflicto {'304', '158', '306', '164'}, usando '304'
[COL] BIN 3024351: 'Street Name' conflicto {'PARK PLACE', 'FLATBUSH AVENUE'}, usando 'FLATBUSH AVENUE'
[COL] BIN 3024392: 'Street Name' conflicto {'SAINT JOHNS PLACE', "ST JOHN'S PLACE"}, usando 'ST JOHN'S PLACE'
[COL] BIN 3024549: 'Street Name' conflicto {'PLAZA STREET WEST', 'PLAZA STREET'}, usando 'PLAZA STREET'
[COL] BIN 3024626: 'Street Name' conflicto {'PLAZA ST WEST', 'PLAZA STREET WEST'}, usando 'PLAZA STREET WEST'
[COL] BIN 3024627: 'Street Name' conflicto {'PLAZA STREET WEST', 'PLAZA STREET'}, usando 'PLAZA STREET'
[COL] BIN 3024654: 'Street Name' conflicto {'8 AVENUE', 'EIGHTH AVENUE'}, usando '8 AVENUE'
[COL] BIN 3024765: 'Street Name' conflicto {'8 AVENUE', 'EIGHTH AVENUE'}, usando 'EIGHTH AVENUE'
[COL] BIN 3025149: 'Street Name' conflicto {'FIRST STREET', '1 STREET'}, usando 'FIRST STREET'
[COL] BIN 3025586: 'House No' conflicto {'249', '267'}, usando '249'
[COL] BIN 3025586: 'Street Name' conflicto {'SEVENTH AVENUE', '7 AVENUE'}, usando '7 AVENUE'
[COL] BIN 3026734: 'Street Name' conflicto {'PROSPECT PARK SOUTH WEST', 'PROSPECT PARK SOUTHWEST'}, usando 'PROSPECT PARK SOUTHWEST'
[COL] BIN 3027196: 'Street Name' conflicto {'PPW', 'PROSPECT PARK WEST'}, usando 'PROSPECT PARK WEST'
[COL] BIN 3027805: 'House No' conflicto {'66', '479'}, usando '66'
[COL] BIN 3027805: 'Street Name' conflicto {'BERGEN STREET', '6 AVENUE'}, usando '6 AVENUE'
[COL] BIN 3027901: 'House No' conflicto {'593 A', '593A'}, usando '593 A'
[COL] BIN 3028018: 'House No' conflicto {'895', '1000'}, usando '895'
[COL] BIN 3028018: 'Street Name' conflicto {'BERGEN STREET', 'DEAN STREET'}, usando 'BERGEN STREET'
[COL] BIN 3028027: 'House No' conflicto {'73', '267'}, usando '267'
[COL] BIN 3028027: 'Street Name' conflicto {'ST MARKS AVENUE', 'FLATBUSH AVENUE'}, usando 'FLATBUSH AVENUE'
[COL] BIN 3028204: 'House No' conflicto {'80', '66'}, usando '80'
[COL] BIN 3028207: 'House No' conflicto {'233', '235'}, usando '235'
[COL] BIN 3028281: 'House No' conflicto {'443', '445'}, usando '443'
[COL] BIN 3028281: 'Street Name' conflicto {"ST MARK'S AVENUE", 'ST MARKS AVENUE'}, usando 'ST MARKS AVENUE'
[COL] BIN 3028453: 'LOT' conflicto {'73', '7506'}, usando '7506'
[COL] BIN 3028698: 'House No' conflicto {'307', '126'}, usando '126'
[COL] BIN 3028698: 'Street Name' conflicto {'PROSPECT PLACE', 'FLATBUSH AVENUE'}, usando 'PROSPECT PLACE'
[COL] BIN 3029031: 'House No' conflicto {'365', '357'}, usando '357'
[COL] BIN 3029309: 'House No' conflicto {'391', '387'}, usando '387'
[COL] BIN 3029311: 'Street Name' conflicto {'PLAZA STREET', 'PLAZA ST EAST', 'PLAZA STREET EAST'}, usando 'PLAZA STREET EAST'
[COL] BIN 3029312: 'Street Name' conflicto {'PLAZA STREET', 'PLAZA ST EAST', 'PLAZA STREET EAST'}, usando 'PLAZA STREET EAST'
[COL] BIN 3029314: 'Street Name' conflicto {'PLAZA STREET', 'PLAZA STREET EAST'}, usando 'PLAZA STREET EAST'
[COL] BIN 3029330: 'Street Name' conflicto {'ST JOHNS PLACE', 'SAINT JOHNS PLACE', "SAINT JOHN'S PLACE", "ST JOHN'S PLACE"}, usando 'ST JOHNS PLACE'
[COL] BIN 3029331: 'Street Name' conflicto {'ST JOHNS PLACE', 'SAINT JOHNS PLACE', "SAINT JOHN'S PLACE", 'ST JOHN PLACE'}, usando 'SAINT JOHN'S PLACE'
[COL] BIN 3029333: 'Street Name' conflicto {'PLAZA STREET', 'PLAZA STREET EAST'}, usando 'PLAZA STREET EAST'
[COL] BIN 3029419: 'Street Name' conflicto {'ST JOHNS PLACE', "ST JOHN'S PLACE"}, usando 'ST JOHN'S PLACE'
[COL] BIN 3029525: 'Street Name' conflicto {'ST JOHNS PLACE', 'SAINT JOHNS PLACE', 'ST JOHN PLACE'}, usando 'ST JOHN PLACE'
[COL] BIN 3029551: 'House No' conflicto {'781', '478'}, usando '478'
[COL] BIN 3029551: 'Street Name' conflicto {'WASHINGTON AVENUE', 'SAINT JOHNS PLACE'}, usando 'SAINT JOHNS PLACE'
[COL] BIN 3029660: 'House No' conflicto {'802', '327'}, usando '802'
[COL] BIN 3029660: 'Street Name' conflicto {'EASTERN PARKWAY', 'FRANKLIN AVENUE'}, usando 'FRANKLIN AVENUE'
[COL] BIN 3029665: 'House No' conflicto {'2', '10'}, usando '10'
[COL] BIN 3029665: 'Street Name' conflicto {'GRAND ARMY PLAZA', 'EASTERN PARKWAY'}, usando 'GRAND ARMY PLAZA'
[COL] BIN 3029674: 'House No' conflicto {'320', '812', '806'}, usando '806'
[COL] BIN 3029674: 'Street Name' conflicto {'EASTERN PARKWAY', 'FRANKLIN AVENUE'}, usando 'FRANKLIN AVENUE'
[COL] BIN 3029725: 'LOT' conflicto {'7502', '14'}, usando '14'
[COL] BIN 3030192: 'House No' conflicto {'79', '81'}, usando '81'
[COL] BIN 3031390: 'House No' conflicto {'743', '653'}, usando '653'
[COL] BIN 3031390: 'Street Name' conflicto {'STERLING PLACE', 'FRANKLIN AVENUE'}, usando 'STERLING PLACE'
[COL] BIN 3032303: 'Street Name' conflicto {'ST JOHNS PLACE', "ST JOHN'S PLACE"}, usando 'ST JOHNS PLACE'
[COL] BIN 3032420: 'Street Name' conflicto {'ST JOHNS PLACE', 'ST JOHN PLACE'}, usando 'ST JOHN PLACE'
[COL] BIN 3032653: 'House No' conflicto {'788', '785'}, usando '788'
[COL] BIN 3032653: 'Street Name' conflicto {'NOSTRAND AVENUE', 'LINCOLN PLACE'}, usando 'LINCOLN PLACE'
[COL] BIN 3032907: 'House No' conflicto {'838', '848'}, usando '848'
[COL] BIN 3033471: 'House No' conflicto {'993', '991'}, usando '991'
[COL] BIN 3033491: 'House No' conflicto {'1087', '244'}, usando '1087'
[COL] BIN 3033491: 'Street Name' conflicto {'ROGERS AVENUE', 'CARROLL STREET'}, usando 'CARROLL STREET'
[COL] BIN 3033791: 'House No' conflicto {'1638', '131'}, usando '1638'
[COL] BIN 3033791: 'Street Name' conflicto {'CROWN STREET', 'BEDFORD AVENUE'}, usando 'BEDFORD AVENUE'
[COL] BIN 3034523: 'House No' conflicto {'988', '300'}, usando '300'
[COL] BIN 3034523: 'Street Name' conflicto {'NOSTRAND AVENUE', 'SULLIVAN PLACE'}, usando 'SULLIVAN PLACE'
[COL] BIN 3034764: 'House No' conflicto {'392', '215'}, usando '215'
[COL] BIN 3034764: 'Street Name' conflicto {'ROGERS AVENUE', 'STERLING STREET'}, usando 'STERLING STREET'
[COL] BIN 3034805: 'House No' conflicto {'1022', '1026'}, usando '1026'
[COL] BIN 3034834: 'House No' conflicto {'1019', '1017'}, usando '1019'
[COL] BIN 3035887: 'House No' conflicto {'1616', '130'}, usando '1616'
[COL] BIN 3035887: 'Street Name' conflicto {'ROCHESTER AVENUE', 'BERGEN STREET'}, usando 'BERGEN STREET'
[COL] BIN 3036944: 'Street Name' conflicto {'ST JOHNS PLACE', 'ST JOHN PLACE'}, usando 'ST JOHNS PLACE'
[COL] BIN 3037070: 'Street Name' conflicto {'ST JOHNS PLACE', 'ST JOHN PLACE'}, usando 'ST JOHN PLACE'
[COL] BIN 3037569: 'House No' conflicto {'291', '299'}, usando '299'
[COL] BIN 3037758: 'House No' conflicto {'1654', '293', '303'}, usando '293'
[COL] BIN 3037758: 'Street Name' conflicto {'SCHENECTADY AVENUE', 'UNION STREET'}, usando 'SCHENECTADY AVENUE'
[COL] BIN 3037964: 'House No' conflicto {'337', '1651'}, usando '337'
[COL] BIN 3037964: 'Street Name' conflicto {'CARROLL STREET', 'UTICA AVENUE'}, usando 'UTICA AVENUE'
[COL] BIN 3038666: 'House No' conflicto {'2414', '2402'}, usando '2402'
[COL] BIN 3039272: 'House No' conflicto {'1710', '1573'}, usando '1573'
[COL] BIN 3039272: 'Street Name' conflicto {'EAST NY AVENUE', 'ST MARKS AVENUE', 'EAST NEW YORK AVENUE'}, usando 'EAST NY AVENUE'
[COL] BIN 3040228: 'Street Name' conflicto {'MCDONOUGH STREET', 'MACDONOUGH STREET'}, usando 'MACDONOUGH STREET'
[COL] BIN 3041566: 'House No' conflicto {'24', '301'}, usando '24'
[COL] BIN 3041566: 'Street Name' conflicto {'MOTHER GASTON BOULEVARD', 'MAC DOUGAL STREET'}, usando 'MOTHER GASTON BOULEVARD'
[COL] BIN 3042819: 'House No' conflicto {'800', '804'}, usando '804'
[COL] BIN 3042921: 'House No' conflicto {'721', '101'}, usando '101'
[COL] BIN 3042921: 'Street Name' conflicto {'MARCUS GARVEY BOULEVARD', 'WILLOUGHBY AVENUE'}, usando 'MARCUS GARVEY BOULEVARD'
[COL] BIN 3043926: 'Street Name' conflicto {'MALCOLM X BOULEVARD', 'MALCOLM X BLVD'}, usando 'MALCOLM X BLVD'
[COL] BIN 3044256: 'House No' conflicto {'529A', '529 A'}, usando '529A'
[COL] BIN 3044525: 'Street Name' conflicto {'MALCOLM X BOULEVARD', 'MALCOM X BOULEVARD'}, usando 'MALCOLM X BOULEVARD'
[COL] BIN 3044658: 'House No' conflicto {'150', '146'}, usando '150'
[COL] BIN 3045630: 'House No' conflicto {'90', '958'}, usando '90'
[COL] BIN 3045630: 'Street Name' conflicto {'PUTNAM AVENUE', 'RALPH AVENUE'}, usando 'RALPH AVENUE'
[COL] BIN 3045829: 'Street Name' conflicto {'MALCOLM X BOULEVARD', 'MALCOM X BOULEVARD'}, usando 'MALCOM X BOULEVARD'
[COL] BIN 3046876: 'House No' conflicto {'538', '500'}, usando '500'
[COL] BIN 3047230: 'Street Name' conflicto {'MAC DONOUGH STREET', 'MACDONOUGH STREET'}, usando 'MAC DONOUGH STREET'
[COL] BIN 3047699: 'House No' conflicto {'1595', '1593'}, usando '1593'
[COL] BIN 3047734: 'House No' conflicto {'120 A', '120A'}, usando '120 A'
[COL] BIN 3048072: 'House No' conflicto {'1545', '55'}, usando '1545'
[COL] BIN 3048072: 'Street Name' conflicto {'ALBANY AVENUE', 'ATLANTIC AVENUE'}, usando 'ATLANTIC AVENUE'
[COL] BIN 3048272: 'House No' conflicto {'1889', '1885'}, usando '1885'
[COL] BIN 3049020: 'Street Name' conflicto {'SANFORD STREET', 'SANDFORD STREET'}, usando 'SANFORD STREET'
[COL] BIN 3049127: 'LOT' conflicto {'32', '7501'}, usando '32'
[COL] BIN 3050512: 'LOT' conflicto {'7501', '16'}, usando '7501'
[COL] BIN 3050817: 'House No' conflicto {'1097', '325'}, usando '325'
[COL] BIN 3050817: 'Street Name' conflicto {'GATES AVENUE', 'BEDFORD AVENUE'}, usando 'GATES AVENUE'
[COL] BIN 3051069: 'House No' conflicto {'360A', '360 A'}, usando '360A'
[COL] BIN 3051764: 'Street Name' conflicto {'PUTNAM AVENUE', 'PUTMAN AVENUE'}, usando 'PUTMAN AVENUE'
[COL] BIN 3053389: 'Street Name' conflicto {'MAC DONOUGH STREET', 'MACDONOUGH STREET'}, usando 'MAC DONOUGH STREET'
[COL] BIN 3053392: 'Street Name' conflicto {'MCDONOUGH STREET', 'MACDONOUGH STREET'}, usando 'MACDONOUGH STREET'
[COL] BIN 3053460: 'Street Name' conflicto {'MCDONOUGH STREET', 'MACDONOUGH STREET'}, usando 'MACDONOUGH STREET'
[COL] BIN 3053556: 'House No' conflicto {'619', '601'}, usando '619'
[COL] BIN 3053753: 'House No' conflicto {'1308', '1306'}, usando '1308'
[COL] BIN 3054130: 'House No' conflicto {'176', '186'}, usando '176'
[COL] BIN 3054156: 'House No' conflicto {'256', '264'}, usando '256'
[COL] BIN 3054797: 'House No' conflicto {'165', '440'}, usando '165'
[COL] BIN 3054797: 'Street Name' conflicto {'CLINTON AVENUE', 'MYRTLE AVENUE'}, usando 'CLINTON AVENUE'
[COL] BIN 3055000: 'LOT' conflicto {'35', '7511'}, usando '35'
[COL] BIN 3055092: 'House No' conflicto {'236', '232', '234', '230', '257'}, usando '257'
[COL] BIN 3055092: 'Street Name' conflicto {'WASHINGTON AVENUE', 'HALL STREET'}, usando 'WASHINGTON AVENUE'
[COL] BIN 3055170: 'Street Name' conflicto {'DEKALB AVENUE', 'DE KALB AVENUE'}, usando 'DE KALB AVENUE'
[COL] BIN 3055551: 'House No' conflicto {'294', '39'}, usando '294'
[COL] BIN 3055551: 'Street Name' conflicto {'CLIFTON PLACE', 'GRAND AVENUE'}, usando 'GRAND AVENUE'
[COL] BIN 3055754: 'House No' conflicto {'360', '110'}, usando '110'
[COL] BIN 3055754: 'Street Name' conflicto {'CLIFTON PLACE', 'CLASSON AVENUE'}, usando 'CLIFTON PLACE'
[COL] BIN 3055994: 'House No' conflicto {'389', '395'}, usando '389'
[COL] BIN 3055995: 'House No' conflicto {'385', '126'}, usando '385'
[COL] BIN 3055995: 'Street Name' conflicto {'GREENE AVENUE', 'CLINTON AVENUE'}, usando 'CLINTON AVENUE'
[COL] BIN 3056424: 'LOT' conflicto {'7509', '32'}, usando '7509'
[COL] BIN 3057263: 'LOT' conflicto {'15', '7502'}, usando '7502'
[COL] BIN 3057463: 'House No' conflicto {'1256', '1197'}, usando '1197'
[COL] BIN 3057463: 'Street Name' conflicto {'FULTON STREET', 'BEDFORD AVENUE'}, usando 'FULTON STREET'
[COL] BIN 3057520: 'House No' conflicto {'487', '483'}, usando '483'
[COL] BIN 3057923: 'Street Name' conflicto {'NORTH ELLIOTT PLACE', 'NORTH ELLIOT PLACE'}, usando 'NORTH ELLIOTT PLACE'
[DUP] BIN 3057933: Job Filing duplicado 'B00950721-A2' eliminado
[COL] BIN 3058227: 'House No' conflicto {'115', '192'}, usando '115'
[COL] BIN 3058227: 'Street Name' conflicto {'DUFFIELD STREET', 'WILLOUGHBY STREET'}, usando 'WILLOUGHBY STREET'
[COL] BIN 3058329: 'House No' conflicto {'154', '352'}, usando '352'
[COL] BIN 3058329: 'Street Name' conflicto {'ADELPHI STREET', 'MYRTLE AVENUE'}, usando 'MYRTLE AVENUE'
[COL] BIN 3058720: 'Street Name' conflicto {'FORT GREENE PLACE', 'FORT GREEN PLACE'}, usando 'FORT GREENE PLACE'
[COL] BIN 3058752: 'Street Name' conflicto {'FORT GREENE PLACE', 'FORT GREEN PLACE'}, usando 'FORT GREEN PLACE'
[COL] BIN 3059160: 'House No' conflicto {'55', '96'}, usando '55'
[COL] BIN 3059160: 'Street Name' conflicto {'ROCKWELL PLACE', 'FLATBUSH AVENUE'}, usando 'FLATBUSH AVENUE'
[COL] BIN 3059161: 'LOT' conflicto {'7504', '9'}, usando '7504'
[COL] BIN 3059164: 'House No' conflicto {'23', '19', '21'}, usando '21'
[COL] BIN 3061065: 'House No' conflicto {'68', '62'}, usando '68'
[COL] BIN 3061702: 'House No' conflicto {'500', '196'}, usando '500'
[COL] BIN 3061702: 'Street Name' conflicto {'NORTH   10 STREET', 'DRIGGS AVENUE'}, usando 'DRIGGS AVENUE'
[COL] BIN 3062037: 'House No' conflicto {'168', '170'}, usando '170'
[COL] BIN 3062164: 'House No' conflicto {'86', '84'}, usando '84'
[COL] BIN 3062167: 'Street Name' conflicto {'NORTH SIXTH STREET', 'NORTH    6 STREET'}, usando 'NORTH    6 STREET'
[COL] BIN 3062182: 'House No' conflicto {'136', '130', '132', '134'}, usando '134'
[COL] BIN 3062187: 'House No' conflicto {'200', '160'}, usando '200'
[COL] BIN 3062187: 'Street Name' conflicto {'NORTH    6 STREET', 'BEDFORD AVENUE'}, usando 'BEDFORD AVENUE'
[COL] BIN 3062200: 'House No' conflicto {'213', '215'}, usando '215'
[COL] BIN 3062265: 'House No' conflicto {'52', '268'}, usando '268'
[COL] BIN 3062265: 'Street Name' conflicto {'HAVEMEYER STREET', 'NORTH    6 STREET'}, usando 'NORTH    6 STREET'
[COL] BIN 3062336: 'House No' conflicto {'141', '229'}, usando '141'
[COL] BIN 3062336: 'Street Name' conflicto {'NORTH    4 STREET', 'BEDFORD AVENUE'}, usando 'NORTH    4 STREET'
[COL] BIN 3062362: 'House No' conflicto {'240', '242'}, usando '240'
[COL] BIN 3062367: 'House No' conflicto {'118', '246', '128', '244', '238'}, usando '128'
[COL] BIN 3062367: 'Street Name' conflicto {'NORTH    4 STREET', 'BEDFORD AVENUE'}, usando 'NORTH    4 STREET'
[COL] BIN 3062371: 'House No' conflicto {'160', '158'}, usando '158'
[COL] BIN 3062373: 'House No' conflicto {'639', '265', '267'}, usando '267'
[COL] BIN 3062373: 'Street Name' conflicto {'METROPOLITAN AVENUE', 'DRIGGS AVENUE'}, usando 'METROPOLITAN AVENUE'
[COL] BIN 3062570: 'House No' conflicto {'65', '69'}, usando '65'
[COL] BIN 3062626: 'House No' conflicto {'151', '149'}, usando '149'
[COL] BIN 3062638: 'House No' conflicto {'176', '193'}, usando '176'
[COL] BIN 3062638: 'Street Name' conflicto {'NORTH    1 STREET', 'GRAND STREET'}, usando 'NORTH    1 STREET'
[COL] BIN 3062681: 'House No' conflicto {'309', '307'}, usando '309'
[COL] BIN 3062694: 'LOT' conflicto {'7501', '15'}, usando '15'
[COL] BIN 3062776: 'House No' conflicto {'294', '296'}, usando '296'
[COL] BIN 3062806: 'House No' conflicto {'222', '226'}, usando '222'
[COL] BIN 3062886: 'House No' conflicto {'289', '285'}, usando '289'
[COL] BIN 3062887: 'Street Name' conflicto {'SOUTH FIRST STREET', 'SOUTH    1 STREET'}, usando 'SOUTH FIRST STREET'
[COL] BIN 3063155: 'Street Name' conflicto {'SOUTH THIRD STREET', 'SOUTH    3 STREET'}, usando 'SOUTH THIRD STREET'
[COL] BIN 3063215: 'House No' conflicto {'400', '394'}, usando '400'
[COL] BIN 3063215: 'LOT' conflicto {'16', '17'}, usando '17'
[COL] BIN 3064222: 'LOT' conflicto {'24', '28'}, usando '28'
[COL] BIN 3064408: 'House No' conflicto {'190', '85', '180'}, usando '190'
[COL] BIN 3064408: 'Street Name' conflicto {'JAVA STREET', 'FRANKLIN STREET'}, usando 'FRANKLIN STREET'
[COL] BIN 3064438: 'House No' conflicto {'947', '151'}, usando '151'
[COL] BIN 3064438: 'Street Name' conflicto {'JAVA STREET', 'MANHATTAN AVENUE'}, usando 'JAVA STREET'
[COL] BIN 3064831: 'House No' conflicto {'150', '144'}, usando '150'
[COL] BIN 3065096: 'House No' conflicto {'148', '1118'}, usando '148'
[COL] BIN 3065096: 'Street Name' conflicto {'NOBLE STREET', 'LORIMER STREET'}, usando 'NOBLE STREET'
[COL] BIN 3065463: 'House No' conflicto {'341', '260'}, usando '260'
[COL] BIN 3065463: 'Street Name' conflicto {'KINGSLAND AVENUE', 'MONITOR STREET'}, usando 'MONITOR STREET'
[COL] BIN 3065477: 'House No' conflicto {'12', '7', '6'}, usando '12'
[COL] BIN 3065477: 'Street Name' conflicto {'NORTH   15 STREET', 'MESEROLE AVENUE', 'FRANKLIN STREET'}, usando 'FRANKLIN STREET'
[COL] BIN 3065591: 'House No' conflicto {'723', '992'}, usando '992'
[COL] BIN 3065591: 'Street Name' conflicto {'MANHATTAN AVENUE', 'LORIMER STREET'}, usando 'LORIMER STREET'
[COL] BIN 3065936: 'House No' conflicto {'15', '19'}, usando '15'
[COL] BIN 3065946: 'Street Name' conflicto {'NORMAN STREET', 'NORMAN AVENUE'}, usando 'NORMAN AVENUE'
[COL] BIN 3065960: 'House No' conflicto {'26', '33', '28'}, usando '33'
[COL] BIN 3065960: 'Street Name' conflicto {'DOBBIN STREET', 'NASSAU AVENUE'}, usando 'NASSAU AVENUE'
[COL] BIN 3066070: 'House No' conflicto {'694', '698'}, usando '698'
[COL] BIN 3066297: 'LOT' conflicto {'7503', '52'}, usando '7503'
[COL] BIN 3066473: 'Street Name' conflicto {'HUMBOLT STREET', 'HUMBOLDT STREET'}, usando 'HUMBOLT STREET'
[COL] BIN 3067007: 'Street Name' conflicto {'HUMBOLT STREET', 'HUMBOLDT STREET'}, usando 'HUMBOLDT STREET'
[COL] BIN 3067144: 'House No' conflicto {'120', '124'}, usando '124'
[COL] BIN 3068511: 'LOT' conflicto {'42', '7509'}, usando '42'
[COL] BIN 3068668: 'LOT' conflicto {'7501', '4'}, usando '7501'
[COL] BIN 3068754: 'House No' conflicto {'174', '362'}, usando '362'
[COL] BIN 3068754: 'Street Name' conflicto {'CONSELYEA STREET', 'GRAHAM AVENUE'}, usando 'GRAHAM AVENUE'
[COL] BIN 3069031: 'LOT' conflicto {'32', '7502'}, usando '7502'
[COL] BIN 3069252: 'House No' conflicto {'287', '155'}, usando '287'
[COL] BIN 3069252: 'Street Name' conflicto {'POWERS STREET', 'GRAHAM AVENUE'}, usando 'GRAHAM AVENUE'
[COL] BIN 3069482: 'House No' conflicto {'86', '809'}, usando '809'
[COL] BIN 3069482: 'Street Name' conflicto {'GRAND STREET', 'BUSHWICK AVENUE'}, usando 'GRAND STREET'
[COL] BIN 3069595: 'House No' conflicto {'720', '269'}, usando '720'
[COL] BIN 3069595: 'Street Name' conflicto {'GRAND STREET', 'GRAHAM AVENUE'}, usando 'GRAND STREET'
[COL] BIN 3070212: 'House No' conflicto {'57', '59'}, usando '57'
[COL] BIN 3070523: 'House No' conflicto {'223', '1150'}, usando '1150'
[COL] BIN 3070523: 'Street Name' conflicto {'VARICK AVENUE', 'METROPOLITAN AVENUE'}, usando 'METROPOLITAN AVENUE'
[COL] BIN 3070572: 'House No' conflicto {'144', '528', '140'}, usando '140'
[COL] BIN 3070572: 'Street Name' conflicto {'MESEROLE STREET', 'STEWART AVENUE'}, usando 'STEWART AVENUE'
[COL] BIN 3070574: 'House No' conflicto {'548', '111'}, usando '548'
[COL] BIN 3070574: 'Street Name' conflicto {'MESEROLE STREET', 'GARDNER AVENUE'}, usando 'MESEROLE STREET'
[COL] BIN 3070584: 'House No' conflicto {'521', '525'}, usando '525'
[COL] BIN 3070588: 'House No' conflicto {'573', '83'}, usando '573'
[COL] BIN 3070588: 'Street Name' conflicto {'JOHNSON AVENUE', 'GARDNER AVENUE'}, usando 'JOHNSON AVENUE'
[COL] BIN 3070656: 'House No' conflicto {'220', '21'}, usando '21'
[COL] BIN 3070656: 'Street Name' conflicto {'GARDNER AVENUE', 'INGRAHAM STREET'}, usando 'GARDNER AVENUE'
[COL] BIN 3070665: 'House No' conflicto {'77', '53'}, usando '53'
[COL] BIN 3070916: 'House No' conflicto {'234', '9'}, usando '9'
[COL] BIN 3070916: 'Street Name' conflicto {'MESEROLE STREET', 'UNION AVENUE'}, usando 'MESEROLE STREET'
[COL] BIN 3071193: 'House No' conflicto {'274', '278'}, usando '278'
[COL] BIN 3071316: 'House No' conflicto {'94', '96'}, usando '96'
[COL] BIN 3071533: 'House No' conflicto {'375', '168'}, usando '375'
[COL] BIN 3071533: 'Street Name' conflicto {'MOORE STREET', 'BUSHWICK AVENUE'}, usando 'BUSHWICK AVENUE'
[COL] BIN 3072389: 'House No' conflicto {'331', '333'}, usando '331'
[COL] BIN 3072636: 'House No' conflicto {'321', '48'}, usando '321'
[COL] BIN 3072636: 'Street Name' conflicto {'CYPRESS AVENUE', 'STARR STREET'}, usando 'STARR STREET'
[COL] BIN 3074278: 'Street Name' conflicto {'ST NICHOLAS AVENUE', 'SAINT NICHOLAS AVENUE'}, usando 'SAINT NICHOLAS AVENUE'
[COL] BIN 3074493: 'House No' conflicto {'264', '180'}, usando '180'
[COL] BIN 3074493: 'Street Name' conflicto {'IRVING AVENUE', 'STANHOPE STREET'}, usando 'IRVING AVENUE'
[COL] BIN 3075087: 'House No' conflicto {'440', '438'}, usando '440'
[COL] BIN 3075700: 'House No' conflicto {'266', '264', '1467'}, usando '264'
[COL] BIN 3075700: 'Street Name' conflicto {'BLEEKER STREET', 'MYRTLE AVENUE', 'BLEECKER STREET'}, usando 'BLEECKER STREET'
[COL] BIN 3075820: 'Street Name' conflicto {'ST NICHOLAS AVENUE', 'SAINT NICHOLAS AVENUE'}, usando 'ST NICHOLAS AVENUE'
[COL] BIN 3075907: 'House No' conflicto {'319', '172'}, usando '319'
[COL] BIN 3075907: 'Street Name' conflicto {'MENAHAN STREET', 'WILSON AVENUE'}, usando 'WILSON AVENUE'
[COL] BIN 3076260: 'LOT' conflicto {'7501', '44'}, usando '44'
[COL] BIN 3076356: 'House No' conflicto {'1530', '1526'}, usando '1526'
[COL] BIN 3077220: 'Street Name' conflicto {'PUTNAM AVENUE', 'PUTMAN AVENUE'}, usando 'PUTNAM AVENUE'
[COL] BIN 3077626: 'House No' conflicto {'457', '246'}, usando '457'
[COL] BIN 3077626: 'Street Name' conflicto {'CORNELIA STREET', 'WILSON AVENUE'}, usando 'WILSON AVENUE'
[COL] BIN 3079027: 'House No' conflicto {'125', '592'}, usando '125'
[COL] BIN 3079027: 'Street Name' conflicto {'COVERT STREET', 'CENTRAL AVENUE'}, usando 'COVERT STREET'
[COL] BIN 3079606: 'Street Name' conflicto {'SCHAEFFER STREET', 'SCHAEFER STREET'}, usando 'SCHAEFER STREET'
[COL] BIN 3081032: 'House No' conflicto {'165', '110'}, usando '165'
[COL] BIN 3081032: 'Street Name' conflicto {'CHESTER STREET', 'BRISTOL STREET'}, usando 'BRISTOL STREET'
[COL] BIN 3081460: 'Street Name' conflicto {'OSBORN STREET', 'OSBORNE STREET'}, usando 'OSBORN STREET'
[COL] BIN 3083660: 'House No' conflicto {'145 ST.', '145'}, usando '145 ST.'
[COL] BIN 3087634: 'House No' conflicto {'2933', '134'}, usando '2933'
[COL] BIN 3087634: 'Street Name' conflicto {'FULTON STREET', 'ASHFORD STREET'}, usando 'FULTON STREET'
[COL] BIN 3087730: 'House No' conflicto {'3079', '360'}, usando '360'
[COL] BIN 3087730: 'Street Name' conflicto {'FULTON STREET', 'ARLINGTON AVENUE'}, usando 'ARLINGTON AVENUE'
[COL] BIN 3087939: 'House No' conflicto {'200', '2929'}, usando '2929'
[COL] BIN 3087939: 'Street Name' conflicto {'ATLANTIC AVENUE', 'ASHFORD STREET'}, usando 'ATLANTIC AVENUE'
[COL] BIN 3088357: 'House No' conflicto {'332', '350'}, usando '332'
[COL] BIN 3090737: 'House No' conflicto {'745', '737'}, usando '737'
[COL] BIN 3092743: 'House No' conflicto {'234', '3342'}, usando '234'
[COL] BIN 3092743: 'Street Name' conflicto {'FULTON STREET', 'CRESCENT STREET'}, usando 'CRESCENT STREET'
[COL] BIN 3093581: 'House No' conflicto {'1075 A', '1075A'}, usando '1075 A'
[COL] BIN 3095254: 'House No' conflicto {'265', '2944'}, usando '2944'
[COL] BIN 3095254: 'Street Name' conflicto {'PITKIN AVENUE', 'FORBELL STREET'}, usando 'PITKIN AVENUE'
[COL] BIN 3096140: 'House No' conflicto {'739', '741', '737'}, usando '741'
[COL] BIN 3097671: 'House No' conflicto {'515', '900', '839', '531'}, usando '515'
[COL] BIN 3097671: 'Street Name' conflicto {'STANLEY AVENUE', 'PENNSYLVANIA AVENUE', 'NEW JERSEY AVENUE'}, usando 'STANLEY AVENUE'
[COL] BIN 3097872: 'House No' conflicto {'954', '918'}, usando '918'
[COL] BIN 3097973: 'House No' conflicto {'873', '374'}, usando '873'
[COL] BIN 3097973: 'Street Name' conflicto {'JEROME STREET', 'WORTMAN AVENUE'}, usando 'JEROME STREET'
[COL] BIN 3099007: 'House No' conflicto {'714', '680'}, usando '680'
[COL] BIN 3099068: 'House No' conflicto {'606', '602'}, usando '602'
[COL] BIN 3102225: 'House No' conflicto {'5201', '339'}, usando '5201'
[COL] BIN 3102225: 'Street Name' conflicto {'EAST   52 STREET', 'CHURCH AVENUE'}, usando 'CHURCH AVENUE'
[COL] BIN 3103013: 'House No' conflicto {'5402', '5412', '5404'}, usando '5404'
[COL] BIN 3103101: 'House No' conflicto {'195', '5602'}, usando '5602'
[COL] BIN 3103101: 'Street Name' conflicto {'EAST   56 STREET', 'CHURCH AVENUE'}, usando 'CHURCH AVENUE'
[COL] BIN 3103615: 'House No' conflicto {'ONE', '1'}, usando 'ONE'
[COL] BIN 3104049: 'House No' conflicto {'5602', '267'}, usando '5602'
[COL] BIN 3104049: 'Street Name' conflicto {'SNYDER AVENUE', 'EAST   56 STREET'}, usando 'SNYDER AVENUE'
[COL] BIN 3106170: 'House No' conflicto {'803', '4902'}, usando '4902'
[COL] BIN 3106170: 'Street Name' conflicto {'AVENUE D', 'EAST   49 STREET'}, usando 'AVENUE D'
[COL] BIN 3106612: 'House No' conflicto {'710', '720'}, usando '720'
[COL] BIN 3109425: 'House No' conflicto {'3424', '184'}, usando '3424'
[COL] BIN 3109425: 'Street Name' conflicto {'EAST   35 STREET', 'CHURCH AVENUE'}, usando 'CHURCH AVENUE'
[COL] BIN 3112333: 'House No' conflicto {'1911', '1881'}, usando '1911'
[COL] BIN 3114012: 'Street Name' conflicto {'EAST   32 STREET', 'EAST 32 STREET'}, usando 'EAST   32 STREET'
[COL] BIN 3114433: 'House No' conflicto {'4021', '4023'}, usando '4021'
[COL] BIN 3114643: 'House No' conflicto {'676', '2121', '672'}, usando '2121'
[COL] BIN 3114643: 'Street Name' conflicto {'WESTBURY COURT', 'FLATBUSH AVENUE'}, usando 'WESTBURY COURT'
[COL] BIN 3115049: 'House No' conflicto {'10', '579'}, usando '10'
[COL] BIN 3115049: 'Street Name' conflicto {'MIDWOOD STREET', 'FLATBUSH AVENUE'}, usando 'MIDWOOD STREET'
[COL] BIN 3115271: 'LOT' conflicto {'65', '7502'}, usando '7502'
[COL] BIN 3115865: 'Street Name' conflicto {'WINTHROP STREET', 'WINTHROP AVENUE'}, usando 'WINTHROP STREET'
[COL] BIN 3116022: 'House No' conflicto {'205', '660'}, usando '205'
[COL] BIN 3116022: 'Street Name' conflicto {'ROGERS AVENUE', 'CLARKSON AVENUE'}, usando 'CLARKSON AVENUE'
[COL] BIN 3116542: 'House No' conflicto {'510', '1927'}, usando '510'
[COL] BIN 3116542: 'Street Name' conflicto {'OCEAN AVENUE', 'CHURCH AVENUE'}, usando 'OCEAN AVENUE'
[COL] BIN 3116659: 'House No' conflicto {'730', '155'}, usando '155'
[COL] BIN 3116659: 'Street Name' conflicto {'ROGERS AVENUE', 'LINDEN BOULEVARD'}, usando 'LINDEN BOULEVARD'
[COL] BIN 3116881: 'House No' conflicto {'2211', '2223', '2215'}, usando '2211'
[COL] BIN 3117078: 'House No' conflicto {'1708', '1706'}, usando '1706'
[COL] BIN 3117142: 'House No' conflicto {'567', '222'}, usando '567'
[COL] BIN 3117142: 'Street Name' conflicto {'OCEAN AVENUE', 'EAST   21 STREET'}, usando 'OCEAN AVENUE'
[COL] BIN 3117218: 'House No' conflicto {'945', '943'}, usando '945'
[COL] BIN 3117221: 'House No' conflicto {'897', '895'}, usando '895'
[COL] BIN 3117226: 'House No' conflicto {'2230', '2230B', '2238'}, usando '2238'
[COL] BIN 3117426: 'House No' conflicto {'39', '507'}, usando '39'
[COL] BIN 3117426: 'Street Name' conflicto {'TURNER PLACE', 'CONEY ISLAND AVENUE'}, usando 'TURNER PLACE'
[COL] BIN 3117671: 'House No' conflicto {'2163', '1009'}, usando '1009'
[COL] BIN 3117671: 'Street Name' conflicto {'TILDEN AVENUE', 'FLATBUSH AVENUE'}, usando 'FLATBUSH AVENUE'
[COL] BIN 3118770: 'House No' conflicto {'380', '1710'}, usando '380'
[COL] BIN 3118770: 'Street Name' conflicto {'CORTELYOU ROAD', 'EAST   18 STREET'}, usando 'EAST   18 STREET'
[COL] BIN 3118860: 'Street Name' conflicto {'EAST 21 STREET', 'EAST   21 STREET'}, usando 'EAST 21 STREET'
[COL] BIN 3120080: 'House No' conflicto {'927', '1002'}, usando '1002'
[COL] BIN 3120080: 'Street Name' conflicto {'CONEY ISLAND AVENUE', 'DITMAS AVENUE'}, usando 'DITMAS AVENUE'
[COL] BIN 3120411: 'House No' conflicto {'1236', '2614'}, usando '1236'
[COL] BIN 3120411: 'Street Name' conflicto {'ROGERS AVENUE', 'NEWKIRK AVENUE'}, usando 'ROGERS AVENUE'
[COL] BIN 3120562: 'House No' conflicto {'1802', '1818'}, usando '1802'
[DUP] BIN 3120797: Job Filing duplicado 'B01177363-P3' eliminado
[COL] BIN 3121072: 'House No' conflicto {'1100', '1002'}, usando '1100'
[COL] BIN 3122175: 'House No' conflicto {'176', '166'}, usando '176'
[COL] BIN 3122911: 'Street Name' conflicto {'FT HAMILTON PARKWAY', 'FORT HAMILTON PARKWAY'}, usando 'FT HAMILTON PARKWAY'
[COL] BIN 3124430: 'House No' conflicto {'456', '446'}, usando '446'
[COL] BIN 3124664: 'House No' conflicto {'424', '416'}, usando '416'
[COL] BIN 3126488: 'LOT' conflicto {'48', '51'}, usando '48'
[COL] BIN 3127693: 'House No' conflicto {'3921', '3917', '3915'}, usando '3921'
[COL] BIN 3127904: 'House No' conflicto {'186', '184'}, usando '184'
[COL] BIN 3128817: 'House No' conflicto {'4715', '1521'}, usando '4715'
[COL] BIN 3128817: 'Street Name' conflicto {'48 STREET', '15 AVENUE'}, usando '15 AVENUE'
[COL] BIN 3130105: 'House No' conflicto {'2005', '5221'}, usando '2005'
[COL] BIN 3130105: 'Street Name' conflicto {'53 STREET', '20 AVENUE'}, usando '53 STREET'
[COL] BIN 3130849: 'House No' conflicto {'5610', '5606'}, usando '5610'
[COL] BIN 3131067: 'House No' conflicto {'1180', '1275', '1293'}, usando '1293'
[COL] BIN 3131067: 'Street Name' conflicto {'OCEAN PARKWAY', 'EAST    5 STREET'}, usando 'EAST    5 STREET'
[COL] BIN 3136085: 'House No' conflicto {'4305', '4301'}, usando '4301'
[COL] BIN 3136465: 'LOT' conflicto {'7505', '12'}, usando '12'
[COL] BIN 3137864: 'House No' conflicto {'815 A', '815A'}, usando '815 A'
[COL] BIN 3137935: 'Street Name' conflicto {'FT HAMILTON PARKWAY', 'FORT HAMILTON PARKWAY'}, usando 'FT HAMILTON PARKWAY'
[COL] BIN 3138863: 'Street Name' conflicto {'FT HAMILTON PARKWAY', 'FORT HAMILTON PARKWAY'}, usando 'FORT HAMILTON PARKWAY'
[COL] BIN 3139566: 'LOT' conflicto {'7502', '0'}, usando '7502'
[COL] BIN 3139966: 'Street Name' conflicto {'FT HAMILTON PARKWAY', 'FORT HAMILTON PARKWAY'}, usando 'FT HAMILTON PARKWAY'
[COL] BIN 3140589: 'Street Name' conflicto {'FT HAMILTON PARKWAY', 'FORT HAMILTON PARKWAY'}, usando 'FORT HAMILTON PARKWAY'
[COL] BIN 3140841: 'House No' conflicto {'5917', '5911', '5923'}, usando '5923'
[COL] BIN 3141179: 'House No' conflicto {'900', '902'}, usando '900'
[COL] BIN 3141270: 'House No' conflicto {'1224', '1230'}, usando '1230'
[COL] BIN 3141295: 'LOT' conflicto {'63', '61'}, usando '63'
[COL] BIN 3141407: 'House No' conflicto {'6210', '876'}, usando '876'
[COL] BIN 3141407: 'Street Name' conflicto {'62 STREET', '9 AVENUE'}, usando '62 STREET'
[COL] BIN 3141591: 'Street Name' conflicto {'TABOR COURT', '63 STREET'}, usando 'TABOR COURT'
[COL] BIN 3141676: 'House No' conflicto {'6307', '6303', '6319', '6323', '6315', '6309', '6301', '6317'}, usando '6309'
[COL] BIN 3141695: 'House No' conflicto {'6302', '6308'}, usando '6302'
[COL] BIN 3141695: 'Street Name' conflicto {'FT HAMILTON PARKWAY', 'FORT HAMILTON PARKWAY'}, usando 'FORT HAMILTON PARKWAY'
[COL] BIN 3142708: 'House No' conflicto {'6712', '6702'}, usando '6712'
[COL] BIN 3142836: 'Street Name' conflicto {'OVINGTON AVENUE', '68 STREET'}, usando '68 STREET'
[COL] BIN 3143041: 'Street Name' conflicto {'FT HAMILTON PARKWAY', 'FORT HAMILTON PARKWAY'}, usando 'FT HAMILTON PARKWAY'
[COL] BIN 3143523: 'LOT' conflicto {'7502', '1'}, usando '7502'
[COL] BIN 3143611: 'House No' conflicto {'6018', '781', '6020', '6016', '783', '6022'}, usando '781'
[COL] BIN 3143611: 'Street Name' conflicto {'8 AVENUE', '61 STREET'}, usando '61 STREET'
[COL] BIN 3143612: 'House No' conflicto {'755', '761', '771', '763'}, usando '755'
[COL] BIN 3143615: 'House No' conflicto {'717', '715'}, usando '715'
[COL] BIN 3143874: 'House No' conflicto {'641', '641H'}, usando '641'
[COL] BIN 3143886: 'House No' conflicto {'782', '6102'}, usando '782'
[COL] BIN 3143886: 'Street Name' conflicto {'8 AVENUE', '61 STREET'}, usando '61 STREET'
[COL] BIN 3145563: 'Street Name' conflicto {'BAYRIDGE AVENUE', 'BAY RIDGE AVENUE'}, usando 'BAY RIDGE AVENUE'
[COL] BIN 3145672: 'Street Name' conflicto {'3 AVENUE', 'THIRD AVENUE'}, usando '3 AVENUE'
[COL] BIN 3146508: 'House No' conflicto {'7118', '7124'}, usando '7118'
[COL] BIN 3146606: 'Street Name' conflicto {'5 AVENUE', 'FIFTH AVENUE'}, usando '5 AVENUE'
[COL] BIN 3146652: 'House No' conflicto {'7101', '506'}, usando '7101'
[COL] BIN 3146652: 'Street Name' conflicto {'5 AVENUE', 'OVINGTON AVENUE'}, usando '5 AVENUE'
[COL] BIN 3147328: 'House No' conflicto {'7215B', '7215'}, usando '7215'
[COL] BIN 3148471: 'House No' conflicto {'7415', '7423'}, usando '7415'
[COL] BIN 3150280: 'Street Name' conflicto {'3 AVENUE', 'THIRD AVENUE'}, usando 'THIRD AVENUE'
[COL] BIN 3151018: 'House No' conflicto {'612', '7901'}, usando '7901'
[COL] BIN 3151018: 'Street Name' conflicto {'79 STREET', '6 AVENUE'}, usando '6 AVENUE'
[COL] BIN 3151264: 'House No' conflicto {'301', '8027'}, usando '301'
[COL] BIN 3151264: 'Street Name' conflicto {'81 STREET', 'THIRD AVENUE'}, usando '81 STREET'
[COL] BIN 3153141: 'House No' conflicto {'8501', '402'}, usando '8501'
[COL] BIN 3153141: 'Street Name' conflicto {'4 AVENUE', '85 STREET'}, usando '4 AVENUE'
[COL] BIN 3153173: 'House No' conflicto {'477', '8524'}, usando '8524'
[COL] BIN 3153173: 'Street Name' conflicto {'86 STREET', '5 AVENUE'}, usando '5 AVENUE'
[COL] BIN 3153184: 'House No' conflicto {'437', '439'}, usando '437'
[COL] BIN 3153212: 'House No' conflicto {'553', '565', '8520', '559'}, usando '559'
[COL] BIN 3153212: 'Street Name' conflicto {'86 STREET', 'FORT HAMILTON PARKWAY'}, usando '86 STREET'
[COL] BIN 3153441: 'House No' conflicto {'275', '8622'}, usando '275'
[COL] BIN 3153441: 'Street Name' conflicto {'3 AVENUE', '87 STREET'}, usando '87 STREET'
[COL] BIN 3153534: 'LOT' conflicto {'20', '21'}, usando '20'
[COL] BIN 3153766: 'House No' conflicto {'8715', '8721'}, usando '8715'
[COL] BIN 3153766: 'Street Name' conflicto {'5 AVENUE', 'FIFTH AVENUE'}, usando '5 AVENUE'
[COL] BIN 3154140: 'House No' conflicto {'275', '8924'}, usando '275'
[COL] BIN 3154140: 'Street Name' conflicto {'3 AVENUE', '90 STREET'}, usando '90 STREET'
[COL] BIN 3154213: 'House No' conflicto {'8802', '8812'}, usando '8802'
[COL] BIN 3155473: 'House No' conflicto {'310', '9401'}, usando '9401'
[COL] BIN 3155473: 'Street Name' conflicto {'3 AVENUE', '94 STREET'}, usando '3 AVENUE'
[COL] BIN 3157770: 'House No' conflicto {'7114', '7120'}, usando '7120'
[COL] BIN 3160374: 'House No' conflicto {'2006', '2002'}, usando '2002'
[COL] BIN 3163501: 'House No' conflicto {'8117', '1113'}, usando '8117'
[COL] BIN 3163501: 'Street Name' conflicto {'11 AVENUE', '82 STREET'}, usando '11 AVENUE'
[COL] BIN 3165232: 'House No' conflicto {'8310', '2075'}, usando '8310'
[COL] BIN 3165232: 'Street Name' conflicto {'21 AVENUE', '84 STREET'}, usando '21 AVENUE'
[COL] BIN 3165375: 'House No' conflicto {'8413', '8421'}, usando '8421'
[COL] BIN 3165444: 'House No' conflicto {'8419', '8413'}, usando '8413'
[COL] BIN 3165744: 'House No' conflicto {'1769', '8514'}, usando '8514'
[COL] BIN 3165744: 'Street Name' conflicto {'86 STREET', '18 AVENUE'}, usando '18 AVENUE'
[COL] BIN 3165822: 'House No' conflicto {'1921', '1919'}, usando '1919'
[COL] BIN 3165904: 'House No' conflicto {'2141', '2141A'}, usando '2141'
[COL] BIN 3166499: 'House No' conflicto {'1702', '8603'}, usando '8603'
[COL] BIN 3166499: 'Street Name' conflicto {'86 STREET', '17 AVENUE'}, usando '17 AVENUE'
[COL] BIN 3166867: 'House No' conflicto {'1980', '1978', '1976'}, usando '1978'
[COL] BIN 3167716: 'House No' conflicto {'1751', '169'}, usando '1751'
[COL] BIN 3167716: 'Street Name' conflicto {'BATH AVENUE', 'BAY   17 STREET'}, usando 'BATH AVENUE'
[COL] BIN 3169978: 'House No' conflicto {'2002', '2014', '2022'}, usando '2014'
[COL] BIN 3170490: 'House No' conflicto {'840', '915'}, usando '915'
[COL] BIN 3170490: 'Street Name' conflicto {'EAST    8 STREET', 'EAST    7 STREET'}, usando 'EAST    7 STREET'
[COL] BIN 3171276: 'House No' conflicto {'1380', '1384'}, usando '1384'
[COL] BIN 3172233: 'House No' conflicto {'6403', '2202'}, usando '6403'
[COL] BIN 3172233: 'Street Name' conflicto {'BAY PARKWAY', '64 STREET'}, usando 'BAY PARKWAY'
[COL] BIN 3177462: 'House No' conflicto {'1755', '627'}, usando '627'
[COL] BIN 3177462: 'Street Name' conflicto {'OCEAN PARKWAY', 'KINGSHIGWY'}, usando 'KINGSHIGWY'
[COL] BIN 3177585: 'House No' conflicto {'945', '943'}, usando '943'
[COL] BIN 3178499: 'House No' conflicto {'472', '470'}, usando '472'
[COL] BIN 3180002: 'LOT' conflicto {'7501', '9'}, usando '7501'
[COL] BIN 3182469: 'Street Name' conflicto {'EAST 18 STREET', 'EAST   18 STREET'}, usando 'EAST   18 STREET'
[COL] BIN 3182519: 'House No' conflicto {'1932', '2102'}, usando '2102'
[COL] BIN 3182519: 'Street Name' conflicto {'KINGS HIGHWAY', 'OCEAN AVENUE'}, usando 'OCEAN AVENUE'
[COL] BIN 3182979: 'House No' conflicto {'1702', '1710'}, usando '1710'
[COL] BIN 3183035: 'House No' conflicto {'1520', '1524'}, usando '1520'
[COL] BIN 3184660: 'House No' conflicto {'2927', '2935'}, usando '2927'
[COL] BIN 3189523: 'House No' conflicto {'2925', '2919'}, usando '2919'
[COL] BIN 3189663: 'Street Name' conflicto {'BOARDWALK', 'BOARDWALK WEST'}, usando 'BOARDWALK'
[COL] BIN 3191059: 'House No' conflicto {'148', '152'}, usando '152'
[COL] BIN 3191941: 'House No' conflicto {'2002', '526'}, usando '526'
[COL] BIN 3191941: 'Street Name' conflicto {'OCEAN PARKWAY', 'AVENUE T'}, usando 'AVENUE T'
[COL] BIN 3195539: 'House No' conflicto {'2678', '2670'}, usando '2670'
[COL] BIN 3195540: 'House No' conflicto {'2692', '2684'}, usando '2692'
[COL] BIN 3196031: 'House No' conflicto {'2816', '2832', '2818', '2828', '2836'}, usando '2828'
[COL] BIN 3196547: 'House No' conflicto {'8', '3028'}, usando '3028'
[COL] BIN 3196547: 'Street Name' conflicto {'CONEY ISLAND AVENUE', 'BRIGHTON    8 COURT'}, usando 'CONEY ISLAND AVENUE'
[COL] BIN 3196571: 'House No' conflicto {'1039', '1029'}, usando '1039'
[COL] BIN 3196577: 'House No' conflicto {'2940', '2944'}, usando '2944'
[COL] BIN 3196580: 'House No' conflicto {'460', '458'}, usando '460'
[COL] BIN 3196586: 'House No' conflicto {'2915', '2935'}, usando '2915'
[COL] BIN 3197908: 'House No' conflicto {'2337', '2335'}, usando '2337'
[COL] BIN 3198174: 'House No' conflicto {'1621', '1625'}, usando '1625'
[COL] BIN 3198645: 'House No' conflicto {'4175', '2501'}, usando '2501'
[COL] BIN 3198645: 'Street Name' conflicto {'AVENUE U', 'BEDFORD AVENUE'}, usando 'AVENUE U'
[COL] BIN 3200479: 'House No' conflicto {'3043', '3033'}, usando '3033'
[COL] BIN 3201080: 'House No' conflicto {'2224', '2200'}, usando '2224'
[COL] BIN 3201080: 'Street Name' conflicto {'EAST   23 STREET', 'GRAVESEND NECK ROAD'}, usando 'EAST   23 STREET'
[COL] BIN 3201583: 'House No' conflicto {'3598', '3594'}, usando '3598'
[COL] BIN 3202143: 'House No' conflicto {'2737', '2729'}, usando '2737'
[COL] BIN 3203615: 'House No' conflicto {'2414', '2465'}, usando '2465'
[COL] BIN 3203615: 'Street Name' conflicto {'HARING STREET', 'BROWN STREET'}, usando 'HARING STREET'
[COL] BIN 3203632: 'House No' conflicto {'3054', '3050'}, usando '3050'
[COL] BIN 3203951: 'Street Name' conflicto {'SHEEPSHEAD BAY ROAD', 'AVENUE Z'}, usando 'SHEEPSHEAD BAY ROAD'
[COL] BIN 3204766: 'House No' conflicto {'3823', '3843', '3779', '3847'}, usando '3823'
[COL] BIN 3204918: 'House No' conflicto {'1618', '1620'}, usando '1618'
[COL] BIN 3205873: 'House No' conflicto {'1556', '3'}, usando '3'
[COL] BIN 3205873: 'Street Name' conflicto {'FLATBUSH AVENUE', 'HILLEL PLACE'}, usando 'HILLEL PLACE'
[COL] BIN 3205899: 'House No' conflicto {'1584', '2181', '3003'}, usando '1584'
[COL] BIN 3205899: 'Street Name' conflicto {'NOSTRAND AVENUE', 'AVENUE H', 'FLATBUSH AVENUE'}, usando 'FLATBUSH AVENUE'
[COL] BIN 3205900: 'House No' conflicto {'1578', '1580'}, usando '1580'
[COL] BIN 3205909: 'House No' conflicto {'1555', '1559'}, usando '1559'
[COL] BIN 3205910: 'House No' conflicto {'2141', '2137'}, usando '2137'
[COL] BIN 3206621: 'House No' conflicto {'1397', '1401'}, usando '1397'
[COL] BIN 3208201: 'House No' conflicto {'1784', '1145'}, usando '1784'
[COL] BIN 3208201: 'Street Name' conflicto {'EAST   35 STREET', 'FLATBUSH AVENUE'}, usando 'FLATBUSH AVENUE'
[COL] BIN 3211191: 'Street Name' conflicto {'EAST   28 STREET', 'EAST 28 STREET'}, usando 'EAST 28 STREET'
[COL] BIN 3214956: 'House No' conflicto {'1950', '1968', '1900 B', '1902'}, usando '1900 B'
[COL] BIN 3218052: 'House No' conflicto {'5601', '5611'}, usando '5601'
[COL] BIN 3218210: 'House No' conflicto {'2160', '2142'}, usando '2142'
[COL] BIN 3220765: 'House No' conflicto {'2140', '2146'}, usando '2140'
[COL] BIN 3221457: 'House No' conflicto {'5922', '5924'}, usando '5922'
[COL] BIN 3222404: 'House No' conflicto {'1570', '1566', '1556'}, usando '1566'
[COL] BIN 3223073: 'House No' conflicto {'5212', '5200'}, usando '5212'
[COL] BIN 3223183: 'House No' conflicto {'5501', '5503'}, usando '5503'
[COL] BIN 3224809: 'House No' conflicto {'7806', '7812'}, usando '7806'
[COL] BIN 3225821: 'House No' conflicto {'17', '1017'}, usando '17'
[COL] BIN 3225821: 'Street Name' conflicto {'EAST   89 STREET', 'CHURCH LANE'}, usando 'CHURCH LANE'
[COL] BIN 3229679: 'House No' conflicto {'1440', '1432'}, usando '1432'
[COL] BIN 3229932: 'House No' conflicto {'9102', '9110'}, usando '9102'
[COL] BIN 3230091: 'House No' conflicto {'1588', '1584', '1590'}, usando '1588'
[COL] BIN 3235259: 'House No' conflicto {'2052', '2046'}, usando '2046'
[COL] BIN 3235260: 'House No' conflicto {'9710', '9706'}, usando '9710'
[COL] BIN 3235273: 'House No' conflicto {'2084', '2128', '2092'}, usando '2084'
[COL] BIN 3235399: 'House No' conflicto {'2183', '2181'}, usando '2183'
[COL] BIN 3236237: 'House No' conflicto {'5803', '5811'}, usando '5803'
[COL] BIN 3236496: 'House No' conflicto {'1420', '1402'}, usando '1420'
[COL] BIN 3236665: 'House No' conflicto {'7101', '7103'}, usando '7103'
[COL] BIN 3237783: 'House No' conflicto {'2101', '7406'}, usando '2101'
[COL] BIN 3237783: 'Street Name' conflicto {'EAST   74 STREET', 'AVENUE U'}, usando 'EAST   74 STREET'
[COL] BIN 3242943: 'Street Name' conflicto {'MAYFAIR DRIVE SOUTH', 'MAYFAIR DRIVE'}, usando 'MAYFAIR DRIVE SOUTH'
[COL] BIN 3243428: 'House No' conflicto {'6606', '6612'}, usando '6612'
[COL] BIN 3244549: 'House No' conflicto {'3076', '3074', '3078'}, usando '3078'
[COL] BIN 3245025: 'House No' conflicto {'100', '3117'}, usando '100'
[COL] BIN 3245025: 'Street Name' conflicto {'OCEAN PARKWAY', 'BRIGHTON BEACH AVENUE'}, usando 'BRIGHTON BEACH AVENUE'
[COL] BIN 3245026: 'House No' conflicto {'50', '40'}, usando '50'
[COL] BIN 3245026: 'Street Name' conflicto {'BRIGHTON    1 ROAD', 'BRIGHTON FIRST ROAD'}, usando 'BRIGHTON    1 ROAD'
[COL] BIN 3245032: 'House No' conflicto {'224', '3100'}, usando '224'
[COL] BIN 3245032: 'Street Name' conflicto {'BRIGHTON FIRST PLACE', 'BRIGHTON BEACH AVENUE'}, usando 'BRIGHTON BEACH AVENUE'
[COL] BIN 3245041: 'House No' conflicto {'248', '242'}, usando '242'
[COL] BIN 3245104: 'House No' conflicto {'500', '414'}, usando '414'
[COL] BIN 3245125: 'House No' conflicto {'702', '722', '3200'}, usando '702'
[COL] BIN 3245125: 'Street Name' conflicto {'CONEY ISLAND AVENUE', 'BRIGHTON BEACH AVENUE'}, usando 'BRIGHTON BEACH AVENUE'
[COL] BIN 3245309: 'Street Name' conflicto {'OCEANVIEW AVENUE', 'OCEAN VIEW AVENUE'}, usando 'OCEAN VIEW AVENUE'
[COL] BIN 3245415: 'House No' conflicto {'1023', '1029'}, usando '1029'
[COL] BIN 3245643: 'House No' conflicto {'3085', '1103', '1105'}, usando '1105'
[COL] BIN 3245643: 'Street Name' conflicto {'BRIGHTON   13 STREET', 'BRIGHTON BEACH AVENUE'}, usando 'BRIGHTON BEACH AVENUE'
[COL] BIN 3245727: 'House No' conflicto {'1170', '1150'}, usando '1170'
[COL] BIN 3245728: 'House No' conflicto {'200', '210'}, usando '200'
[COL] BIN 3246566: 'Street Name' conflicto {'JAFFRAY STREET', 'JAFFREY STREET'}, usando 'JAFFREY STREET'
[COL] BIN 3247051: 'House No' conflicto {'2804', '1809'}, usando '1809'
[COL] BIN 3247051: 'Street Name' conflicto {'EMMONS AVENUE', 'EAST   19 STREET'}, usando 'EMMONS AVENUE'
[COL] BIN 3247918: 'House No' conflicto {'3845', '3855'}, usando '3845'
[COL] BIN 3247956: 'House No' conflicto {'3225', '3235'}, usando '3235'
[COL] BIN 3250340: 'LOT' conflicto {'12', '17'}, usando '17'
[COL] BIN 3251736: 'House No' conflicto {'80', '65'}, usando '65'
[COL] BIN 3251736: 'Street Name' conflicto {'NORTH    1 STREET', 'METROPOLITAN AVENUE'}, usando 'NORTH    1 STREET'
[COL] BIN 3251946: 'House No' conflicto {'464', '17'}, usando '464'
[COL] BIN 3251946: 'Street Name' conflicto {'RIDGEWOOD PLACE', 'WYCKOFF AVENUE'}, usando 'WYCKOFF AVENUE'
[COL] BIN 3253068: 'LOT' conflicto {'85', '7502'}, usando '85'
[COL] BIN 3253519: 'House No' conflicto {'10033', '10031'}, usando '10033'
[COL] BIN 3254636: 'House No' conflicto {'5402', '5410', '5414'}, usando '5414'
[COL] BIN 3255030: 'House No' conflicto {'185', '601'}, usando '601'
[COL] BIN 3255030: 'Street Name' conflicto {'ORIENTAL BOULEVARD', 'EXETER STREET'}, usando 'ORIENTAL BOULEVARD'
[COL] BIN 3255165: 'House No' conflicto {'337', '588', '345'}, usando '588'
[COL] BIN 3255165: 'Street Name' conflicto {'BALTIC STREET', 'BUTLER STREET'}, usando 'BALTIC STREET'
[COL] BIN 3255289: 'House No' conflicto {'1515', '2940'}, usando '2940'
[COL] BIN 3255289: 'Street Name' conflicto {'SURF AVENUE', 'WEST   15 STREET'}, usando 'WEST   15 STREET'
[COL] BIN 3255888: 'House No' conflicto {'745', '753', '96'}, usando '96'
[COL] BIN 3255888: 'Street Name' conflicto {'FULTON STREET', 'SOUTH PORTLAND AVENUE'}, usando 'SOUTH PORTLAND AVENUE'
[COL] BIN 3257059: 'House No' conflicto {'140A', '140 A'}, usando '140A'
[COL] BIN 3257104: 'House No' conflicto {'495', '525'}, usando '525'
[COL] BIN 3259415: 'Street Name' conflicto {'HUMBOLT STREET', 'HUMBOLDT STREET'}, usando 'HUMBOLT STREET'
[COL] BIN 3319418: 'Street Name' conflicto {'METROTECH CENTER', 'METROTECH'}, usando 'METROTECH'
[COL] BIN 3319420: 'House No' conflicto {'10', '250'}, usando '250'
[COL] BIN 3319420: 'Street Name' conflicto {'CADMAN PLAZA WEST', 'CLINTON STREET'}, usando 'CADMAN PLAZA WEST'
[COL] BIN 3319505: 'House No' conflicto {'4', '126'}, usando '4'
[COL] BIN 3319505: 'Street Name' conflicto {'METROTECH CENTER', 'MYRTLE AVENUE', 'METROTECH'}, usando 'METROTECH'
[COL] BIN 3320627: 'House No' conflicto {'501B', '501'}, usando '501'
[COL] BIN 3320675: 'House No' conflicto {'2686', '2670'}, usando '2670'
[COL] BIN 3320727: 'House No' conflicto {'2602', '2612'}, usando '2612'
[COL] BIN 3320782: 'House No' conflicto {'2263', '2241'}, usando '2241'
[COL] BIN 3321766: 'House No' conflicto {'2945', '2951'}, usando '2951'
[COL] BIN 3321780: 'House No' conflicto {'211', '1521', '1511'}, usando '1521'
[COL] BIN 3321780: 'Street Name' conflicto {'BRIGHTWATER AVENUE', 'BRIGHTON   15 STREET'}, usando 'BRIGHTWATER AVENUE'
[COL] BIN 3321834: 'House No' conflicto {'2930', '2929'}, usando '2930'
[COL] BIN 3321834: 'Street Name' conflicto {'WEST   30 STREET', 'WEST   31 STREET'}, usando 'WEST   30 STREET'
[COL] BIN 3321866: 'House No' conflicto {'448', '456'}, usando '448'
[COL] BIN 3321871: 'House No' conflicto {'325', '442'}, usando '325'
[COL] BIN 3321871: 'Street Name' conflicto {'CLASSON AVENUE', 'DEKALB AVENUE'}, usando 'CLASSON AVENUE'
[COL] BIN 3321876: 'House No' conflicto {'355', '365', '361'}, usando '365'
[COL] BIN 3321947: 'LOT' conflicto {'7503', '15'}, usando '7503'
[COL] BIN 3322544: 'House No' conflicto {'9255', '9265'}, usando '9255'
[COL] BIN 3323285: 'LOT' conflicto {'43', '45'}, usando '45'
[COL] BIN 3323377: 'Street Name' conflicto {'3 AVENUE', 'THIRD AVENUE'}, usando 'THIRD AVENUE'
[COL] BIN 3323677: 'House No' conflicto {'1192', '1194'}, usando '1192'
[COL] BIN 3323704: 'House No' conflicto {'80', '135'}, usando '80'
[COL] BIN 3323704: 'Street Name' conflicto {'RICHARDS STREET', 'DWIGHT STREET'}, usando 'DWIGHT STREET'
[COL] BIN 3324237: 'House No' conflicto {'640', '646'}, usando '640'
[COL] BIN 3324276: 'House No' conflicto {'881', '893'}, usando '881'
[COL] BIN 3324285: 'House No' conflicto {'797', '785'}, usando '785'
[COL] BIN 3324407: 'House No' conflicto {'4802', '476'}, usando '4802'
[COL] BIN 3324407: 'Street Name' conflicto {'48 STREET', '5 AVENUE'}, usando '5 AVENUE'
[COL] BIN 3324553: 'House No' conflicto {'989', '347'}, usando '347'
[COL] BIN 3324553: 'Street Name' conflicto {'NOSTRAND AVENUE', 'EMPIRE BOULEVARD'}, usando 'EMPIRE BOULEVARD'
[COL] BIN 3324663: 'Street Name' conflicto {'THOMAS BOYLAND STREET', 'THOMAS S BOYLAND STREET'}, usando 'THOMAS S BOYLAND STREET'
[COL] BIN 3324696: 'House No' conflicto {'309', '31'}, usando '309'
[COL] BIN 3324696: 'Street Name' conflicto {'MOTHER GASTON BOULEVARD', 'MACDOUGAL STREET'}, usando 'MACDOUGAL STREET'
[COL] BIN 3324728: 'House No' conflicto {'868', '33', '862'}, usando '862'
[COL] BIN 3324728: 'Street Name' conflicto {'MARCUS GARVEY BOULEVARD', 'PARK AVENUE'}, usando 'PARK AVENUE'
[COL] BIN 3324950: 'Street Name' conflicto {'BERKLEY PLACE', 'BERKELEY PLACE'}, usando 'BERKELEY PLACE'
[COL] BIN 3324972: 'House No' conflicto {'388', '997'}, usando '388'
[COL] BIN 3324972: 'Street Name' conflicto {'PULASKI STREET', 'DEKALB AVENUE'}, usando 'PULASKI STREET'
[COL] BIN 3324973: 'House No' conflicto {'360', '109', '971'}, usando '971'
[COL] BIN 3324973: 'Street Name' conflicto {'PULASKI STREET', 'DEKALB AVENUE', 'LEWIS AVENUE'}, usando 'DEKALB AVENUE'
[COL] BIN 3325173: 'House No' conflicto {'280', '1851'}, usando '1851'
[COL] BIN 3325173: 'Street Name' conflicto {'FULTON STREET', 'RALPH AVENUE'}, usando 'FULTON STREET'
[COL] BIN 3325182: 'House No' conflicto {'1743', '1747'}, usando '1743'
[COL] BIN 3325273: 'House No' conflicto {'687', '689'}, usando '689'
[COL] BIN 3325804: 'House No' conflicto {'151', '314'}, usando '314'
[COL] BIN 3325804: 'Street Name' conflicto {'SCHOLES STREET', 'BOGART STREET'}, usando 'SCHOLES STREET'
[COL] BIN 3325825: 'House No' conflicto {'7', '246'}, usando '7'
[COL] BIN 3325825: 'Street Name' conflicto {'MESEROLE STREET', 'BUSHWICK PLACE'}, usando 'BUSHWICK PLACE'
[COL] BIN 3325918: 'House No' conflicto {'237', '251'}, usando '237'
[COL] BIN 3326061: 'House No' conflicto {'747', '4'}, usando '747'
[COL] BIN 3326061: 'Street Name' conflicto {'BROADWAY', 'GRAHAM AVENUE'}, usando 'BROADWAY'
[COL] BIN 3326206: 'House No' conflicto {'11', '15'}, usando '11'
[COL] BIN 3326366: 'House No' conflicto {'878', '888'}, usando '888'
[COL] BIN 3326464: 'House No' conflicto {'575', '583'}, usando '583'
[COL] BIN 3326510: 'House No' conflicto {'287', '289'}, usando '289'
[COL] BIN 3326511: 'House No' conflicto {'307', '252'}, usando '252'
[COL] BIN 3326511: 'Street Name' conflicto {'OSBORN STREET', 'BLAKE AVENUE'}, usando 'OSBORN STREET'
[COL] BIN 3326512: 'House No' conflicto {'335', '333'}, usando '333'
[COL] BIN 3326513: 'House No' conflicto {'553', '557'}, usando '557'
[COL] BIN 3326515: 'House No' conflicto {'224', '230'}, usando '224'
[COL] BIN 3326515: 'Street Name' conflicto {'OSBORN STREET', 'OSBORNE STREET'}, usando 'OSBORNE STREET'
[COL] BIN 3326516: 'House No' conflicto {'292', '300'}, usando '292'
[COL] BIN 3326519: 'House No' conflicto {'293', '297'}, usando '297'
[COL] BIN 3326520: 'Street Name' conflicto {'OSBORN STREET', 'OSBORNE STREET'}, usando 'OSBORN STREET'
[COL] BIN 3326521: 'Street Name' conflicto {'OSBORN STREET', 'OSBORNE STREET'}, usando 'OSBORN STREET'
[COL] BIN 3326522: 'House No' conflicto {'345', '341'}, usando '345'
[COL] BIN 3326524: 'House No' conflicto {'544', '550'}, usando '550'
[COL] BIN 3326525: 'Street Name' conflicto {'OSBORN STREET', 'OSBORNE STREET'}, usando 'OSBORN STREET'
[COL] BIN 3326527: 'Street Name' conflicto {'OSBORN STREET', 'OSBORNE STREET'}, usando 'OSBORNE STREET'
[COL] BIN 3326528: 'House No' conflicto {'320', '267'}, usando '267'
[COL] BIN 3326528: 'Street Name' conflicto {'BLAKE AVENUE', 'OSBORN STREET', 'OSBORNE STREET'}, usando 'OSBORN STREET'
[COL] BIN 3326529: 'House No' conflicto {'336', '334'}, usando '336'
[COL] BIN 3326531: 'Street Name' conflicto {'OSBORN STREET', 'OSBORNE STREET'}, usando 'OSBORNE STREET'
[COL] BIN 3326582: 'House No' conflicto {'345', '365'}, usando '345'
[COL] BIN 3326582: 'Street Name' conflicto {'THATFORD STREET', 'THATFORD AVENUE'}, usando 'THATFORD AVENUE'
[COL] BIN 3326585: 'House No' conflicto {'420', '440'}, usando '420'
[COL] BIN 3326830: 'House No' conflicto {'5169', '5100', '5400'}, usando '5100'
[COL] BIN 3326830: 'Street Name' conflicto {'AVENUE U', 'KINGS PLAZA'}, usando 'KINGS PLAZA'
[COL] BIN 3326928: 'House No' conflicto {'2175', '2155B', '2179'}, usando '2175'
[COL] BIN 3326929: 'House No' conflicto {'2125', '2115', '2095', '2119', '2131', '2139', '2123'}, usando '2095'
[COL] BIN 3326974: 'House No' conflicto {'428', '414'}, usando '414'
[COL] BIN 3326975: 'House No' conflicto {'444', '442'}, usando '444'
[COL] BIN 3326977: 'House No' conflicto {'472', '466'}, usando '466'
[COL] BIN 3326992: 'House No' conflicto {'421', '419'}, usando '421'
[COL] BIN 3327047: 'House No' conflicto {'112', '96'}, usando '96'
[COL] BIN 3327068: 'House No' conflicto {'220', '2797'}, usando '2797'
[COL] BIN 3327068: 'Street Name' conflicto {'HENDRIX STREET', 'ATLANTIC AVENUE'}, usando 'ATLANTIC AVENUE'
[COL] BIN 3327068: 'LOT' conflicto {'5', '1'}, usando '5'
[COL] BIN 3327317: 'House No' conflicto {'2955', '2933'}, usando '2933'
[COL] BIN 3327360: 'Street Name' conflicto {'MCDONALD AVENUE', 'MACDONALD AVENUE'}, usando 'MACDONALD AVENUE'
[COL] BIN 3327361: 'Street Name' conflicto {'MCDONALD AVENUE', 'MACDONALD AVENUE'}, usando 'MCDONALD AVENUE'
[COL] BIN 3327452: 'House No' conflicto {'937', '939'}, usando '937'
[COL] BIN 3327489: 'House No' conflicto {'3790', '3804'}, usando '3804'
[COL] BIN 3327490: 'House No' conflicto {'3824', '3808'}, usando '3824'
[COL] BIN 3327554: 'House No' conflicto {'86', '88'}, usando '88'
[COL] BIN 3327554: 'LOT' conflicto {'1', '3'}, usando '3'
[COL] BIN 3327558: 'Street Name' conflicto {'SCHENECTADY AVENUE', 'SCHNECTADY AVENUE'}, usando 'SCHNECTADY AVENUE'
[COL] BIN 3327560: 'House No' conflicto {'567', '545', '551'}, usando '551'
[COL] BIN 3327565: 'House No' conflicto {'569', '585'}, usando '585'
[COL] BIN 3327565: 'Street Name' conflicto {'SCHENECTADY AVENUE', 'SCHNECTADY AVENUE'}, usando 'SCHENECTADY AVENUE'
[COL] BIN 3327610: 'House No' conflicto {'9718', '504'}, usando '9718'
[COL] BIN 3327610: 'Street Name' conflicto {'EAST   98 STREET', 'CHURCH AVENUE'}, usando 'CHURCH AVENUE'
[COL] BIN 3327739: 'House No' conflicto {'1449', '3005'}, usando '3005'
[COL] BIN 3327739: 'Street Name' conflicto {'NOSTRAND AVENUE', 'CHURCH AVENUE'}, usando 'CHURCH AVENUE'
[COL] BIN 3327878: 'House No' conflicto {'93', '88'}, usando '88'
[COL] BIN 3327878: 'Street Name' conflicto {'STAGG STREET', 'STAGG WALK', 'SCHOLES STREET'}, usando 'STAGG STREET'
[COL] BIN 3327879: 'House No' conflicto {'101', '92'}, usando '92'
[COL] BIN 3327879: 'Street Name' conflicto {'TEN EYCK STREET', 'STAGG WALK'}, usando 'TEN EYCK STREET'
[COL] BIN 3327881: 'House No' conflicto {'125', '114'}, usando '125'
[COL] BIN 3327881: 'Street Name' conflicto {'TEN EYCK STREET', 'STAGG WALK'}, usando 'STAGG WALK'
[COL] BIN 3327889: 'House No' conflicto {'178', '176'}, usando '178'
[COL] BIN 3328030: 'House No' conflicto {'382', '390'}, usando '390'
[COL] BIN 3328040: 'House No' conflicto {'330', '422'}, usando '422'
[COL] BIN 3328040: 'Street Name' conflicto {'POWELL STREET', 'BLAKE AVENUE'}, usando 'BLAKE AVENUE'
[COL] BIN 3328042: 'House No' conflicto {'370', '372'}, usando '372'
[COL] BIN 3328044: 'House No' conflicto {'420', '418'}, usando '418'
[COL] BIN 3328131: 'House No' conflicto {'383', '381'}, usando '381'
[COL] BIN 3328133: 'House No' conflicto {'393', '403'}, usando '403'
[COL] BIN 3328833: 'Street Name' conflicto {'FT HAMILTON PARKWAY', 'FORT HAMILTON PARKWAY'}, usando 'FORT HAMILTON PARKWAY'
[COL] BIN 3329007: 'LOT' conflicto {'7501', '17'}, usando '7501'
[COL] BIN 3329076: 'House No' conflicto {'1983', '1981'}, usando '1981'
[COL] BIN 3329131: 'LOT' conflicto {'113', '7502'}, usando '7502'
[COL] BIN 3329154: 'House No' conflicto {'2206', '2202'}, usando '2202'
[COL] BIN 3329338: 'House No' conflicto {'2726B', '2726'}, usando '2726B'
[COL] BIN 3329341: 'House No' conflicto {'1601', '1611', '1633', '2932'}, usando '1601'
[COL] BIN 3329341: 'Street Name' conflicto {'SURF AVENUE', 'WEST   16 STREET'}, usando 'SURF AVENUE'
[COL] BIN 3329396: 'House No' conflicto {'11', '20'}, usando '11'
[COL] BIN 3329396: 'Street Name' conflicto {'JOHN STREET', 'ADAMS STREET'}, usando 'ADAMS STREET'
[COL] BIN 3329423: 'House No' conflicto {'45', '79', '81'}, usando '45'
[COL] BIN 3329423: 'Street Name' conflicto {'FRONT STREET', 'MAIN STREET'}, usando 'MAIN STREET'
[COL] BIN 3329431: 'House No' conflicto {'30', '269'}, usando '269'
[COL] BIN 3329431: 'Street Name' conflicto {'GOLD STREET', 'PRINCE STREET'}, usando 'GOLD STREET'
[COL] BIN 3329442: 'House No' conflicto {'498', '500'}, usando '498'
[COL] BIN 3329694: 'House No' conflicto {'101', '1177'}, usando '101'
[COL] BIN 3329694: 'Street Name' conflicto {'JEFFERSON AVENUE', 'BEDFORD AVENUE'}, usando 'JEFFERSON AVENUE'
[COL] BIN 3329928: 'House No' conflicto {'56', '58'}, usando '58'
[COL] BIN 3329953: 'Street Name' conflicto {'NORTH SIXTH STREET', 'NORTH    6 STREET'}, usando 'NORTH SIXTH STREET'
[COL] BIN 3329961: 'House No' conflicto {'115', '111'}, usando '111'
[COL] BIN 3329975: 'House No' conflicto {'117', '190'}, usando '117'
[COL] BIN 3329975: 'Street Name' conflicto {'BERRY STREET', 'NORTH    3 STREET'}, usando 'NORTH    3 STREET'
[COL] BIN 3330027: 'House No' conflicto {'382', '1'}, usando '382'
[COL] BIN 3330027: 'Street Name' conflicto {'POWERS STREET', 'UNION AVENUE'}, usando 'UNION AVENUE'
[COL] BIN 3330048: 'House No' conflicto {'59', '64', '61', '190', '65'}, usando '61'
[COL] BIN 3330048: 'Street Name' conflicto {'FREEMAN STREET', 'GREEN STREET', 'WEST STREET'}, usando 'GREEN STREET'
[COL] BIN 3330159: 'House No' conflicto {'101', '99'}, usando '101'
[COL] BIN 3330251: 'House No' conflicto {'249', '655'}, usando '249'
[COL] BIN 3330251: 'Street Name' conflicto {'19 STREET', '5 AVENUE'}, usando '19 STREET'
[COL] BIN 3330874: 'House No' conflicto {'262', '441'}, usando '262'
[COL] BIN 3330874: 'Street Name' conflicto {'4 AVENUE', '9 STREET'}, usando '9 STREET'
[COL] BIN 3331276: 'Street Name' conflicto {'SEVENTH AVENUE', '7 AVENUE'}, usando '7 AVENUE'
[COL] BIN 3331419: 'House No' conflicto {'1540', '1530'}, usando '1530'
[COL] BIN 3331592: 'House No' conflicto {'887 B', '921'}, usando '921'
[COL] BIN 3331745: 'House No' conflicto {'80', '315'}, usando '315'
[COL] BIN 3331745: 'Street Name' conflicto {'JAY STREET', 'JOHNSON STREET'}, usando 'JAY STREET'
[COL] BIN 3332011: 'House No' conflicto {'76', '80'}, usando '76'
[COL] BIN 3332127: 'House No' conflicto {'5121', '5115'}, usando '5121'
[COL] BIN 3332200: 'House No' conflicto {'34', '986'}, usando '986'
[COL] BIN 3332200: 'Street Name' conflicto {'GATES AVENUE', 'RALPH AVENUE'}, usando 'GATES AVENUE'
[COL] BIN 3332507: 'Street Name' conflicto {'ST EDWARDS STREET', 'SAINT EDWARDS STREET'}, usando 'ST EDWARDS STREET'
[COL] BIN 3332518: 'House No' conflicto {'456', '1'}, usando '1'
[COL] BIN 3332518: 'Street Name' conflicto {'FULTON STREET', 'HOYT STREET'}, usando 'HOYT STREET'
[COL] BIN 3334991: 'House No' conflicto {'128', '130'}, usando '130'
[COL] BIN 3335245: 'House No' conflicto {'32', '145'}, usando '32'
[COL] BIN 3335245: 'Street Name' conflicto {'AUBURN PLACE', 'NORTH ELLIOT WALK'}, usando 'AUBURN PLACE'
[COL] BIN 3335246: 'House No' conflicto {'293', '297'}, usando '297'
[COL] BIN 3335251: 'House No' conflicto {'106', '104'}, usando '104'
[COL] BIN 3335253: 'House No' conflicto {'138', '135'}, usando '135'
[COL] BIN 3335253: 'Street Name' conflicto {'CUMBERLAND WALK', 'WASHINGTON WALK'}, usando 'WASHINGTON WALK'
[COL] BIN 3335254: 'House No' conflicto {'149', '132'}, usando '132'
[COL] BIN 3335254: 'Street Name' conflicto {'NORTH OXFORD WALK', 'NORTH PORTLAND AVENUE'}, usando 'NORTH OXFORD WALK'
[COL] BIN 3335256: 'House No' conflicto {'140', '149'}, usando '149'
[COL] BIN 3335256: 'Street Name' conflicto {'NORTH OXFORD WALK', 'WASHINGTON WALK'}, usando 'NORTH OXFORD WALK'
[COL] BIN 3335261: 'House No' conflicto {'68', '79'}, usando '79'
[COL] BIN 3335261: 'Street Name' conflicto {'NORTH OXFORD WALK', 'CUMBERLAND WALK'}, usando 'NORTH OXFORD WALK'
[COL] BIN 3335747: 'House No' conflicto {'100', '108'}, usando '108'
[COL] BIN 3335765: 'House No' conflicto {'267', '263'}, usando '263'
[COL] BIN 3335796: 'House No' conflicto {'292', '300'}, usando '292'
[COL] BIN 3335912: 'House No' conflicto {'294', '101', '292'}, usando '101'
[COL] BIN 3335912: 'Street Name' conflicto {'SMITH STREET', 'ATLANTIC AVENUE'}, usando 'SMITH STREET'
[COL] BIN 3335928: 'House No' conflicto {'100', '92', '55', '57'}, usando '92'
[COL] BIN 3335928: 'Street Name' conflicto {'CLARK STREET', 'HENRY STREET'}, usando 'HENRY STREET'
[COL] BIN 3335934: 'House No' conflicto {'176', '172', '158'}, usando '158'
[COL] BIN 3335970: 'House No' conflicto {'287', '282'}, usando '282'
[COL] BIN 3335970: 'Street Name' conflicto {'BROADWAY', 'SOUTH    5 STREET'}, usando 'SOUTH    5 STREET'
[COL] BIN 3336054: 'House No' conflicto {'120', '130'}, usando '130'
[COL] BIN 3336054: 'Street Name' conflicto {'3 AVENUE', 'THIRD AVENUE'}, usando '3 AVENUE'
[COL] BIN 3336072: 'House No' conflicto {'238', '420', '235'}, usando '420'
[COL] BIN 3336072: 'Street Name' conflicto {'BALTIC STREET', 'BOND STREET', 'HOYT STREET'}, usando 'BALTIC STREET'
[COL] BIN 3336112: 'House No' conflicto {'576', '565'}, usando '576'
[COL] BIN 3336112: 'Street Name' conflicto {'DEGRAW STREET', 'SACKETT STREET'}, usando 'DEGRAW STREET'
[DUP] BIN 3336148: Job Filing duplicado 'B00735907-A9' eliminado
[COL] BIN 3336349: 'Street Name' conflicto {'SEVENTH AVENUE', '7 AVENUE'}, usando 'SEVENTH AVENUE'
[COL] BIN 3336456: 'House No' conflicto {'1628', '1608'}, usando '1628'
[COL] BIN 3336479: 'House No' conflicto {'5', '19'}, usando '19'
[COL] BIN 3336479: 'Street Name' conflicto {'DELEVAN STREET', 'DELAVAN STREET'}, usando 'DELAVAN STREET'
[COL] BIN 3336655: 'House No' conflicto {'233', '57'}, usando '233'
[COL] BIN 3336655: 'Street Name' conflicto {'EAGLE STREET', 'FRANKLIN STREET'}, usando 'FRANKLIN STREET'
[COL] BIN 3336857: 'House No' conflicto {'754', '756'}, usando '756'
[COL] BIN 3336897: 'House No' conflicto {'892', '33', '51', '90', '68', '67'}, usando '892'
[COL] BIN 3336897: 'Street Name' conflicto {'3 AVENUE', '33 STREET', '34 STREET'}, usando '3 AVENUE'
[COL] BIN 3336900: 'House No' conflicto {'34', '33', '926', '68', '86'}, usando '33'
[COL] BIN 3336900: 'Street Name' conflicto {'3 AVENUE', '34 STREET', '35 STREET'}, usando '35 STREET'
[COL] BIN 3336903: 'House No' conflicto {'934', '68', '34'}, usando '934'
[COL] BIN 3336903: 'Street Name' conflicto {'3 AVENUE', '35 STREET'}, usando '3 AVENUE'
[COL] BIN 3336906: 'House No' conflicto {'201', '241'}, usando '201'
[COL] BIN 3336981: 'House No' conflicto {'2165', '2173'}, usando '2165'
[COL] BIN 3337105: 'House No' conflicto {'148', '168', '3902'}, usando '148'
[COL] BIN 3337105: 'Street Name' conflicto {'39 STREET', '2 AVENUE'}, usando '39 STREET'
[COL] BIN 3337106: 'House No' conflicto {'167', '147', '4002'}, usando '4002'
[COL] BIN 3337106: 'Street Name' conflicto {'2 AVENUE', '41 STREET', 'SECOND AVENUE'}, usando '2 AVENUE'
[COL] BIN 3337150: 'House No' conflicto {'7200', '7202'}, usando '7200'
[COL] BIN 3337255: 'LOT' conflicto {'7501', '6'}, usando '7501'
[COL] BIN 3337435: 'House No' conflicto {'8506', '8524'}, usando '8524'
[COL] BIN 3337628: 'House No' conflicto {'402', '327'}, usando '402'
[COL] BIN 3337628: 'Street Name' conflicto {'5 AVENUE', 'FIFTH AVENUE', '7 STREET'}, usando 'FIFTH AVENUE'
[COL] BIN 3337687: 'House No' conflicto {'1001', '4801', '1002'}, usando '1002'
[COL] BIN 3337687: 'Street Name' conflicto {'48 STREET', '49 STREET', '10 AVENUE'}, usando '48 STREET'
[COL] BIN 3337803: 'House No' conflicto {'312', '322'}, usando '312'
[COL] BIN 3337819: 'House No' conflicto {'235', '241'}, usando '235'
[COL] BIN 3337835: 'House No' conflicto {'111', '305'}, usando '305'
[COL] BIN 3337835: 'Street Name' conflicto {'PROSPECT PLACE', 'FLATBUSH AVENUE'}, usando 'FLATBUSH AVENUE'
[DUP] BIN 3338304: Job Filing duplicado 'B00587567-A3' eliminado
[DUP] BIN 3338304: Job Filing duplicado 'B00587567-A2' eliminado
[COL] BIN 3338402: 'Street Name' conflicto {'TEN EYCK WALK', 'TEN EYCK STREET'}, usando 'TEN EYCK WALK'
[COL] BIN 3338492: 'House No' conflicto {'226', '339'}, usando '339'
[COL] BIN 3338492: 'Street Name' conflicto {'GROVE STREET', 'WILSON AVENUE'}, usando 'WILSON AVENUE'
[COL] BIN 3338493: 'House No' conflicto {'220', '357'}, usando '357'
[COL] BIN 3338493: 'Street Name' conflicto {'LINDEN STREET', 'WILSON AVENUE'}, usando 'WILSON AVENUE'
[COL] BIN 3338599: 'House No' conflicto {'808', '824'}, usando '808'
[COL] BIN 3338728: 'House No' conflicto {'485B', '485'}, usando '485'
[COL] BIN 3338887: 'House No' conflicto {'385', '371'}, usando '385'
[COL] BIN 3339183: 'House No' conflicto {'2960', '2970'}, usando '2970'
[COL] BIN 3339280: 'House No' conflicto {'160', '158'}, usando '158'
[COL] BIN 3339439: 'Street Name' conflicto {'MOTHER GASTON BOULEVARD', 'STONE AVENUE'}, usando 'STONE AVENUE'
[COL] BIN 3340431: 'House No' conflicto {'8120', '8122'}, usando '8122'
[COL] BIN 3341622: 'Street Name' conflicto {'ST MARKS AVENUE', 'SAINT MARKS AVENUE'}, usando 'ST MARKS AVENUE'
[COL] BIN 3341752: 'House No' conflicto {'50', '400'}, usando '50'
[COL] BIN 3341752: 'Street Name' conflicto {'STUYVESANT AVENUE', 'HART STREET'}, usando 'STUYVESANT AVENUE'
[COL] BIN 3341860: 'House No' conflicto {'272', '671'}, usando '671'
[COL] BIN 3341860: 'Street Name' conflicto {'MARCUS GARVEY BOULEVARD', 'GATES AVENUE'}, usando 'GATES AVENUE'
[COL] BIN 3341955: 'House No' conflicto {'369', '373'}, usando '369'
[COL] BIN 3342119: 'House No' conflicto {'1397', '550'}, usando '550'
[COL] BIN 3342119: 'Street Name' conflicto {'KNICKERBOCKER AVENUE', 'GATES AVENUE'}, usando 'KNICKERBOCKER AVENUE'
[COL] BIN 3342213: 'Street Name' conflicto {'5 AVENUE', 'FIFTH AVENUE'}, usando 'FIFTH AVENUE'
[COL] BIN 3342373: 'House No' conflicto {'225', '235', '237', '219'}, usando '225'
[COL] BIN 3342943: 'House No' conflicto {'2253', '2267'}, usando '2267'
[COL] BIN 3343253: 'House No' conflicto {'790', '792'}, usando '790'
[COL] BIN 3343257: 'House No' conflicto {'745', '753'}, usando '753'
[COL] BIN 3343740: 'House No' conflicto {'251', '263'}, usando '251'
[COL] BIN 3344163: 'House No' conflicto {'30', '38'}, usando '30'
[COL] BIN 3344259: 'House No' conflicto {'115', '106', '114'}, usando '114'
[COL] BIN 3344259: 'Street Name' conflicto {'STAGG STREET', 'STAGG WALK', 'SCHOLES STREET'}, usando 'STAGG STREET'
[COL] BIN 3344550: 'House No' conflicto {'2953', '2955'}, usando '2953'
[COL] BIN 3344722: 'Street Name' conflicto {'OSBORN STREET', 'OSBORNE STREET'}, usando 'OSBORNE STREET'
[COL] BIN 3344923: 'House No' conflicto {'5434', '5424'}, usando '5434'
[COL] BIN 3344948: 'House No' conflicto {'186', '180'}, usando '186'
[COL] BIN 3344948: 'Street Name' conflicto {'STAGG STREET', 'STAGG WALK'}, usando 'STAGG STREET'
[COL] BIN 3344974: 'House No' conflicto {'210', '214', '202'}, usando '202'
[COL] BIN 3344982: 'House No' conflicto {'214', '134'}, usando '214'
[COL] BIN 3344982: 'Street Name' conflicto {'MAUJER STREET', 'BUSHWICK AVENUE'}, usando 'MAUJER STREET'
[COL] BIN 3344992: 'Street Name' conflicto {'TEN EYCK WALK', 'TEN EYCK STREET'}, usando 'TEN EYCK WALK'
[COL] BIN 3344998: 'House No' conflicto {'214', '219'}, usando '214'
[COL] BIN 3344998: 'Street Name' conflicto {'STAGG STREET', 'SCHOLES STREET'}, usando 'STAGG STREET'
[COL] BIN 3345008: 'House No' conflicto {'195', '196'}, usando '196'
[COL] BIN 3345008: 'Street Name' conflicto {'STAGG STREET', 'SCHOLES STREET'}, usando 'STAGG STREET'
[COL] BIN 3345565: 'House No' conflicto {'237', '253', '219'}, usando '219'
[COL] BIN 3345607: 'House No' conflicto {'8949', '1684'}, usando '1684'
[COL] BIN 3345607: 'Street Name' conflicto {'BAY PARKWAY', 'SHORE PARKWAY'}, usando 'SHORE PARKWAY'
[COL] BIN 3345673: 'House No' conflicto {'1358', '1364', '1346'}, usando '1346'
[COL] BIN 3345793: 'House No' conflicto {'3043', '3045'}, usando '3045'
[COL] BIN 3346308: 'House No' conflicto {'1201', '1225'}, usando '1225'
[COL] BIN 3346319: 'House No' conflicto {'260', '470'}, usando '470'
[COL] BIN 3346319: 'Street Name' conflicto {'DEKALB AVENUE', 'FRANKLIN AVENUE'}, usando 'DEKALB AVENUE'
[COL] BIN 3346337: 'House No' conflicto {'1003', '1005'}, usando '1005'
[COL] BIN 3346401: 'House No' conflicto {'1662', '1664'}, usando '1664'
[COL] BIN 3346580: 'LOT' conflicto {'3', '1'}, usando '1'
[COL] BIN 3347155: 'House No' conflicto {'398', '402', '376'}, usando '398'
[COL] BIN 3347167: 'House No' conflicto {'1236', '1234'}, usando '1234'
[COL] BIN 3347532: 'House No' conflicto {'140B', '5803', '140 B'}, usando '140B'
[COL] BIN 3347532: 'Street Name' conflicto {'1 AVENUE', '58 STREET'}, usando '58 STREET'
[COL] BIN 3348076: 'House No' conflicto {'224', '229'}, usando '224'
[COL] BIN 3348076: 'Street Name' conflicto {'RYERSON STREET', 'HALL STREET'}, usando 'RYERSON STREET'
[COL] BIN 3348344: 'House No' conflicto {'301', '291'}, usando '291'
[COL] BIN 3348849: 'House No' conflicto {'2', '139'}, usando '2'
[COL] BIN 3348849: 'Street Name' conflicto {'HANSON PLACE', 'FLATBUSH AVENUE'}, usando 'HANSON PLACE'
[COL] BIN 3378187: 'House No' conflicto {'111', '55', '13'}, usando '13'
[COL] BIN 3378187: 'Street Name' conflicto {'LONGSHORE', '42 STREET'}, usando '42 STREET'
[COL] BIN 3378994: 'Street Name' conflicto {'ST MARKS AVENUE', 'SAINT MARKS AVENUE'}, usando 'ST MARKS AVENUE'
[COL] BIN 3379523: 'House No' conflicto {'8', '1342'}, usando '8'
[COL] BIN 3379523: 'Street Name' conflicto {'MONACO PLACE', 'HERKIMER STREET'}, usando 'MONACO PLACE'
[COL] BIN 3379800: 'Street Name' conflicto {'MCGUINESS BOULEVARD', 'MC GUINNESS BOULEVARD', 'MCGUINNESS BOULEVARD'}, usando 'MCGUINNESS BOULEVARD'
[COL] BIN 3382135: 'House No' conflicto {'1035', '1039', '1041'}, usando '1035'
[COL] BIN 3385303: 'House No' conflicto {'2923', '2943'}, usando '2923'
[COL] BIN 3387550: 'House No' conflicto {'11020', '11010'}, usando '11020'
[COL] BIN 3388017: 'Street Name' conflicto {'3 AVENUE', 'THIRD AVENUE'}, usando '3 AVENUE'
[COL] BIN 3388494: 'House No' conflicto {'562', '122', '120', '560'}, usando '120'
[COL] BIN 3388494: 'Street Name' conflicto {'STATE STREET', 'FLATBUSH AVENUE'}, usando 'FLATBUSH AVENUE'
[COL] BIN 3388709: 'House No' conflicto {'556', '557'}, usando '557'
[COL] BIN 3388709: 'Street Name' conflicto {'STATE STREET', 'ATLANTIC AVENUE'}, usando 'ATLANTIC AVENUE'
[COL] BIN 3388734: 'House No' conflicto {'76', '68', '72', '70'}, usando '68'
[COL] BIN 3388734: 'Street Name' conflicto {'WASHINGTON STREET', 'FRONT STREET'}, usando 'WASHINGTON STREET'
[COL] BIN 3388735: 'House No' conflicto {'18', '578'}, usando '18'
[COL] BIN 3388735: 'Street Name' conflicto {'4 AVENUE', 'ATLANTIC AVENUE'}, usando '4 AVENUE'
[COL] BIN 3388854: 'House No' conflicto {'9036', '699'}, usando '699'
[COL] BIN 3388854: 'Street Name' conflicto {'7 AVENUE', '92 STREET'}, usando '92 STREET'
[COL] BIN 3389013: 'House No' conflicto {'239', '235', '231'}, usando '239'
[COL] BIN 3389270: 'House No' conflicto {'182', '184'}, usando '184'
[COL] BIN 3391328: 'House No' conflicto {'32', '34'}, usando '32'
[COL] BIN 3392272: 'House No' conflicto {'85', '83'}, usando '85'
[COL] BIN 3392395: 'House No' conflicto {'87', '295'}, usando '87'
[COL] BIN 3392395: 'Street Name' conflicto {'SMITH STREET', 'ATLANTIC AVENUE'}, usando 'SMITH STREET'
[COL] BIN 3392981: 'House No' conflicto {'200', '189'}, usando '200'
[COL] BIN 3392981: 'Street Name' conflicto {'LIVINGSTON STREET', 'SCHERMERHORN STREET'}, usando 'LIVINGSTON STREET'
[COL] BIN 3395389: 'Street Name' conflicto {'GRAND ARMY PLAZA', 'EASTERN PARKWAY'}, usando 'EASTERN PARKWAY'
[COL] BIN 3395544: 'House No' conflicto {'11', '1'}, usando '1'
[COL] BIN 3395579: 'House No' conflicto {'530', '526'}, usando '526'
[COL] BIN 3395753: 'Street Name' conflicto {'1 PLACE', 'FIRST PLACE'}, usando 'FIRST PLACE'
[COL] BIN 3395991: 'House No' conflicto {'320', '222'}, usando '320'
[COL] BIN 3395991: 'Street Name' conflicto {'4 AVENUE', '1 STREET'}, usando '4 AVENUE'
[COL] BIN 3396292: 'Street Name' conflicto {'ST JOHNS PLACE', "ST JOHN'S PLACE"}, usando 'ST JOHN'S PLACE'
[COL] BIN 3396696: 'House No' conflicto {'2201', '1608'}, usando '2201'
[COL] BIN 3396696: 'Street Name' conflicto {'NOSTRAND AVENUE', 'FLATBUSH AVENUE'}, usando 'NOSTRAND AVENUE'
[COL] BIN 3396713: 'House No' conflicto {'322', '318'}, usando '318'
[COL] BIN 3396715: 'House No' conflicto {'1284', '6502'}, usando '6502'
[COL] BIN 3396715: 'Street Name' conflicto {'13 AVENUE', '65 STREET'}, usando '13 AVENUE'
[COL] BIN 3396741: 'House No' conflicto {'429', '60', '425'}, usando '429'
[COL] BIN 3396741: 'Street Name' conflicto {'SOUTH    8 STREET', 'KENT AVENUE'}, usando 'KENT AVENUE'
[COL] BIN 3396802: 'House No' conflicto {'23', '580'}, usando '23'
[COL] BIN 3396802: 'Street Name' conflicto {'GARFIELD PLACE', 'CARROLL STREET'}, usando 'GARFIELD PLACE'
[COL] BIN 3396883: 'House No' conflicto {'958', '301'}, usando '958'
[COL] BIN 3396883: 'Street Name' conflicto {'NOSTRAND AVENUE', 'SULLIVAN PLACE'}, usando 'NOSTRAND AVENUE'
[COL] BIN 3397264: 'House No' conflicto {'804', '798'}, usando '804'
[COL] BIN 3397395: 'House No' conflicto {'870', '862'}, usando '870'
[COL] BIN 3397396: 'House No' conflicto {'8719', '882B'}, usando '882B'
[COL] BIN 3397396: 'Street Name' conflicto {'AVENUE D', 'REMSEN AVENUE'}, usando 'REMSEN AVENUE'
[COL] BIN 3397443: 'House No' conflicto {'236', '230'}, usando '230'
[COL] BIN 3397577: 'House No' conflicto {'4721', '4719'}, usando '4719'
[COL] BIN 3397861: 'Street Name' conflicto {'ALBEE SQUARE WEST', 'GOLD STREET', 'ALBEE SQUARE'}, usando 'GOLD STREET'
[COL] BIN 3397960: 'House No' conflicto {'1697', '1695'}, usando '1695'
[COL] BIN 3398034: 'LOT' conflicto {'7501', '16'}, usando '7501'
[COL] BIN 3398151: 'Street Name' conflicto {'KOSCIUSZKO STREET', 'KOSCIUSKO STREET'}, usando 'KOSCIUSKO STREET'
[COL] BIN 3398159: 'House No' conflicto {'1184', '516'}, usando '516'
[COL] BIN 3398159: 'Street Name' conflicto {'ELTON STREET', 'VANDALIA AVENUE'}, usando 'VANDALIA AVENUE'
[COL] BIN 3398245: 'House No' conflicto {'2633', '2641'}, usando '2641'
[COL] BIN 3398687: 'House No' conflicto {'268', '220', '202'}, usando '202'
[COL] BIN 3399759: 'LOT' conflicto {'39', '7506'}, usando '39'
[COL] BIN 3399881: 'House No' conflicto {'55', '111', '96', '107', '114'}, usando '55'
[COL] BIN 3399881: 'Street Name' conflicto {'NORTH   13 STREET', 'WYTHE AVENUE', 'NORTH   12 STREET'}, usando 'WYTHE AVENUE'
[COL] BIN 3400287: 'Street Name' conflicto {'MEEKER STREET', 'MEEKER AVENUE'}, usando 'MEEKER AVENUE'
[COL] BIN 3400503: 'LOT' conflicto {'22', '15'}, usando '22'
[COL] BIN 3400889: 'LOT' conflicto {'7504', '3'}, usando '7504'
[COL] BIN 3403492: 'House No' conflicto {'265', '140'}, usando '140'
[COL] BIN 3403492: 'Street Name' conflicto {'STATE STREET', 'SCHERMERHORN STREET'}, usando 'SCHERMERHORN STREET'
[COL] BIN 3404906: 'House No' conflicto {'826GAR', '826 GAR'}, usando '826 GAR'
[COL] BIN 3407075: 'LOT' conflicto {'7503', '61'}, usando '7503'
[COL] BIN 3413788: 'House No' conflicto {'267', '371'}, usando '371'
[COL] BIN 3413788: 'Street Name' conflicto {'4 AVENUE', '6 STREET'}, usando '4 AVENUE'
[COL] BIN 3413964: 'House No' conflicto {'55', '49'}, usando '55'
[COL] BIN 3414035: 'LOT' conflicto {'7503', '27'}, usando '7503'
[COL] BIN 3414096: 'House No' conflicto {'21', '219'}, usando '21'
[COL] BIN 3414096: 'Street Name' conflicto {'BROOME STREET', 'DRIGGS AVENUE'}, usando 'BROOME STREET'
[COL] BIN 3418229: 'House No' conflicto {'608', '1040'}, usando '1040'
[COL] BIN 3418229: 'Street Name' conflicto {'FRANKLIN AVENUE', 'DEAN STREET'}, usando 'DEAN STREET'
[COL] BIN 3421378: 'House No' conflicto {'ONE', '1'}, usando '1'
[COL] BIN 3421476: 'House No' conflicto {'741', '749'}, usando '749'
[COL] BIN 3421592: 'House No' conflicto {'165', '171'}, usando '165'
[COL] BIN 3421829: 'Street Name' conflicto {'RICHARDS STREET', 'RICHARD STREET'}, usando 'RICHARDS STREET'
[COL] BIN 3422112: 'House No' conflicto {'294', '292', '33'}, usando '33'
[COL] BIN 3422112: 'Street Name' conflicto {'LIVINGSTON STREET', 'BOND STREET'}, usando 'BOND STREET'
[COL] BIN 3423914: 'House No' conflicto {'3215', '3225'}, usando '3215'
[COL] BIN 3423993: 'House No' conflicto {'120', '680'}, usando '120'
[COL] BIN 3423993: 'Street Name' conflicto {'BALTIC STREET', '5 AVENUE'}, usando '5 AVENUE'
[COL] BIN 3424287: 'House No' conflicto {'247', '626', '182'}, usando '247'
[COL] BIN 3424287: 'Street Name' conflicto {'METROPOLITAN AVENUE', 'NORTH    4 STREET', 'DRIGGS AVENUE'}, usando 'METROPOLITAN AVENUE'
[COL] BIN 3424451: 'House No' conflicto {'100', '102'}, usando '100'
[COL] BIN 3424452: 'House No' conflicto {'222', '228'}, usando '228'
[COL] BIN 3424459: 'Street Name' conflicto {'HUMBOLT STREET', 'HUMBOLDT STREET'}, usando 'HUMBOLDT STREET'
[COL] BIN 3424471: 'House No' conflicto {'620', '265'}, usando '265'
[COL] BIN 3424471: 'Street Name' conflicto {'ASHLAND PLACE', 'FULTON STREET'}, usando 'ASHLAND PLACE'
[COL] BIN 3424477: 'LOT' conflicto {'18', '7502'}, usando '18'
[COL] BIN 3424482: 'House No' conflicto {'148', '146'}, usando '146'
[COL] BIN 3424484: 'House No' conflicto {'225', '236'}, usando '225'
[COL] BIN 3424484: 'Street Name' conflicto {'PACIFIC STREET', 'ATLANTIC AVENUE'}, usando 'PACIFIC STREET'
[COL] BIN 3424516: 'House No' conflicto {'237', '470'}, usando '470'
[COL] BIN 3424516: 'Street Name' conflicto {'4 AVENUE', '11 STREET'}, usando '4 AVENUE'
[COL] BIN 3424711: 'House No' conflicto {'50', '325'}, usando '50'
[COL] BIN 3424711: 'Street Name' conflicto {'KENT AVENUE', 'SOUTH    3 STREET'}, usando 'SOUTH    3 STREET'
[COL] BIN 3424711: 'LOT' conflicto {'7502', '1'}, usando '7502'
[COL] BIN 3424736: 'House No' conflicto {'143', '149'}, usando '149'
[COL] BIN 3425001: 'House No' conflicto {'497', '491'}, usando '497'
[COL] BIN 3425041: 'House No' conflicto {'505', '509'}, usando '505'
[COL] BIN 3425049: 'LOT' conflicto {'7501', '2'}, usando '2'
[COL] BIN 3425050: 'House No' conflicto {'5', '346'}, usando '5'
[COL] BIN 3425050: 'Street Name' conflicto {'SOUTH    5 STREET', 'KENT AVENUE'}, usando 'SOUTH    5 STREET'
[COL] BIN 3425050: 'LOT' conflicto {'27', '7502'}, usando '7502'
[COL] BIN 3425089: 'House No' conflicto {'1535', '409'}, usando '1535'
[COL] BIN 3425089: 'Street Name' conflicto {'EASTERN PARKWAY', 'BEDFORD AVENUE'}, usando 'BEDFORD AVENUE'
[COL] BIN 3425091: 'House No' conflicto {'151', '79', '115', '95', '85', '121'}, usando '79'
[COL] BIN 3425091: 'Street Name' conflicto {'YORK STREET', 'JAY STREET'}, usando 'JAY STREET'
[COL] BIN 3425134: 'House No' conflicto {'112', '325'}, usando '112'
[COL] BIN 3425134: 'Street Name' conflicto {'HENRY STREET', 'ATLANTIC AVENUE'}, usando 'ATLANTIC AVENUE'
[COL] BIN 3425449: 'House No' conflicto {'952', '6022'}, usando '6022'
[COL] BIN 3425449: 'Street Name' conflicto {'60 STREET', 'FORT HAMILTON PARKWAY'}, usando 'FORT HAMILTON PARKWAY'
[COL] BIN 3425612: 'Street Name' conflicto {'SANDS STREET', 'SAND STREET'}, usando 'SANDS STREET'
[COL] BIN 3425618: 'House No' conflicto {'90', '125'}, usando '90'
[COL] BIN 3425618: 'Street Name' conflicto {'METROPOLITAN AVENUE', 'NORTH    3 STREET'}, usando 'NORTH    3 STREET'
[COL] BIN 3425621: 'House No' conflicto {'56', '89'}, usando '56'
[COL] BIN 3425621: 'Street Name' conflicto {'NORTH    9 STREET', 'KENT AVENUE'}, usando 'NORTH    9 STREET'
[COL] BIN 3425624: 'House No' conflicto {'23', '41', '29'}, usando '23'
[COL] BIN 3425720: 'Street Name' conflicto {'4 AVENUE', 'FOURTH AVENUE'}, usando 'FOURTH AVENUE'
[COL] BIN 3425729: 'House No' conflicto {'430', '436'}, usando '436'
[COL] BIN 3425914: 'House No' conflicto {'356', '360', '62'}, usando '360'
[COL] BIN 3425914: 'Street Name' conflicto {'SOUTH    2 STREET', 'WYTHE AVENUE'}, usando 'WYTHE AVENUE'
[COL] BIN 3425914: 'LOT' conflicto {'7503', '22'}, usando '22'
[COL] BIN 3425955: 'LOT' conflicto {'109', '7501'}, usando '109'
[COL] BIN 3425971: 'House No' conflicto {'415', '117'}, usando '415'
[COL] BIN 3425971: 'Street Name' conflicto {'LIVINGSTON STREET', 'RED HOOK LANE'}, usando 'RED HOOK LANE'
[COL] BIN 3426061: 'House No' conflicto {'23', '19'}, usando '23'
[COL] BIN 3426083: 'House No' conflicto {'172', '180'}, usando '172'
[COL] BIN 3426095: 'House No' conflicto {'7', '1'}, usando '1'
[COL] BIN 3426189: 'House No' conflicto {'1928', '1923', '1921', '1927', '1919'}, usando '1919'
[COL] BIN 3426189: 'Street Name' conflicto {'SURF AVENUE', 'MERMAID AVENUE'}, usando 'SURF AVENUE'
[COL] BIN 3426190: 'House No' conflicto {'424', '420'}, usando '424'
[COL] BIN 3426198: 'House No' conflicto {'486', '532', '542', '540'}, usando '532'
[COL] BIN 3426258: 'House No' conflicto {'100', '400', '396'}, usando '100'
[COL] BIN 3426258: 'Street Name' conflicto {'AINSLIE STREET', 'UNION AVENUE'}, usando 'AINSLIE STREET'
[COL] BIN 3426260: 'House No' conflicto {'444', '66'}, usando '66'
[COL] BIN 3426260: 'Street Name' conflicto {'KEAP STREET', 'AINSLIE STREET'}, usando 'AINSLIE STREET'
[COL] BIN 3426300: 'Street Name' conflicto {'SIXTH AVENUE', '6 AVENUE'}, usando 'SIXTH AVENUE'
[COL] BIN 3426300: 'LOT' conflicto {'4', '7502'}, usando '7502'
[COL] BIN 3426306: 'House No' conflicto {'61', '252'}, usando '61'
[COL] BIN 3426306: 'Street Name' conflicto {'BOND STREET', 'SCHERMERHORN STREET'}, usando 'BOND STREET'
[COL] BIN 3426479: 'House No' conflicto {'502', '500'}, usando '502'
[COL] BIN 3426514: 'LOT' conflicto {'7505', '41'}, usando '7505'
[COL] BIN 3426518: 'House No' conflicto {'810', '475'}, usando '810'
[COL] BIN 3426518: 'Street Name' conflicto {'FULTON STREET', 'CLERMONT AVENUE'}, usando 'FULTON STREET'
[COL] BIN 3426547: 'House No' conflicto {'324', '316', '320'}, usando '324'
[COL] BIN 3426626: 'House No' conflicto {'185', '510'}, usando '185'
[COL] BIN 3426626: 'Street Name' conflicto {'DRIGGS AVENUE', 'NORTH    8 STREET'}, usando 'NORTH    8 STREET'
[COL] BIN 3426628: 'House No' conflicto {'135', '129'}, usando '129'
[COL] BIN 3426645: 'House No' conflicto {'210', '220', '45'}, usando '220'
[COL] BIN 3426645: 'Street Name' conflicto {'LIVINGSTON STREET', 'HOYT STREET'}, usando 'LIVINGSTON STREET'
[COL] BIN 3426661: 'House No' conflicto {'178', '176'}, usando '178'
[COL] BIN 3426817: 'LOT' conflicto {'7505', '1'}, usando '7505'
[COL] BIN 3426873: 'House No' conflicto {'310', '308'}, usando '308'
[COL] BIN 3426897: 'House No' conflicto {'320', '334'}, usando '334'
[COL] BIN 3427328: 'House No' conflicto {'220', '208'}, usando '220'
[COL] BIN 3427336: 'LOT' conflicto {'7', '7501'}, usando '7'
[COL] BIN 3427368: 'LOT' conflicto {'7503', '72'}, usando '72'
[COL] BIN 3427401: 'LOT' conflicto {'7516', '47'}, usando '7516'
[COL] BIN 3427476: 'LOT' conflicto {'101', '102'}, usando '101'
[COL] BIN 3427479: 'House No' conflicto {'612', '600'}, usando '612'
[COL] BIN 3427484: 'Street Name' conflicto {'ST EDWARDS STREET', "ST EDWARD'S STREET"}, usando 'ST EDWARDS STREET'
[COL] BIN 3428521: 'LOT' conflicto {'7501', '1'}, usando '7501'
[COL] BIN 3428525: 'House No' conflicto {'181', '613'}, usando '181'
[COL] BIN 3428525: 'Street Name' conflicto {'4 AVENUE', '18 STREET'}, usando '18 STREET'
[COL] BIN 3428564: 'House No' conflicto {'472', '470'}, usando '472'
[COL] BIN 3428616: 'House No' conflicto {'80', '589'}, usando '589'
[COL] BIN 3428616: 'Street Name' conflicto {'NEW LOTS AVENUE', 'CHRISTOPHER AVENUE'}, usando 'CHRISTOPHER AVENUE'
[COL] BIN 3428616: 'LOT' conflicto {'7501', '1'}, usando '7501'
[COL] BIN 3428666: 'House No' conflicto {'85', '83'}, usando '83'
[COL] BIN 3428706: 'House No' conflicto {'50', '62'}, usando '62'
[COL] BIN 3428712: 'LOT' conflicto {'27', '28'}, usando '27'
[COL] BIN 3428715: 'House No' conflicto {'10', '292', '123'}, usando '10'
[COL] BIN 3428715: 'Street Name' conflicto {'ASHLAND PLACE', 'LAFAYETTE AVENUE', 'FLATBUSH AVENUE'}, usando 'LAFAYETTE AVENUE'
[COL] BIN 3428817: 'House No' conflicto {'268', '2840'}, usando '268'
[COL] BIN 3428817: 'Street Name' conflicto {'BARBEY STREET', 'ATLANTIC AVENUE'}, usando 'BARBEY STREET'
[COL] BIN 3428896: 'LOT' conflicto {'7505', '410'}, usando '7505'
[COL] BIN 3428938: 'House No' conflicto {'4', '2'}, usando '2'
[COL] BIN 3429017: 'House No' conflicto {'1462', '1460'}, usando '1462'
[COL] BIN 3429038: 'House No' conflicto {'11', '1'}, usando '11'
[COL] BIN 3429042: 'LOT' conflicto {'7503', '100'}, usando '100'
[COL] BIN 3429095: 'House No' conflicto {'353', '361'}, usando '353'
[DUP] BIN 3429272: Job Filing duplicado 'B00539478-B3' eliminado
[COL] BIN 3429273: 'House No' conflicto {'310', '308'}, usando '308'
[COL] BIN 3429286: 'House No' conflicto {'449', '445', '451'}, usando '451'
[COL] BIN 3429286: 'LOT' conflicto {'5', '7502'}, usando '5'
[COL] BIN 3429295: 'House No' conflicto {'204', '653', '655'}, usando '655'
[COL] BIN 3429295: 'Street Name' conflicto {'FOURTH AVENUE', 'UNION STREET'}, usando 'UNION STREET'
[COL] BIN 3429317: 'Street Name' conflicto {'DEKALB AVENUE', 'DE KALB AVENUE'}, usando 'DE KALB AVENUE'
[COL] BIN 3429328: 'House No' conflicto {'450', '11'}, usando '450'
[COL] BIN 3429328: 'Street Name' conflicto {'PUTNAM AVENUE', 'GRAND AVENUE'}, usando 'GRAND AVENUE'
[COL] BIN 3429397: 'House No' conflicto {'711', '705'}, usando '705'
[COL] BIN 3429412: 'House No' conflicto {'486', '492'}, usando '492'
[COL] BIN 3429420: 'House No' conflicto {'2503', '2505'}, usando '2505'
[COL] BIN 3429448: 'House No' conflicto {'416', '402'}, usando '416'
[COL] BIN 3429452: 'House No' conflicto {'548', '564'}, usando '548'
[COL] BIN 3429454: 'Street Name' conflicto {'FT HAMILTON PARKWAY', 'FORT HAMILTON PARKWAY'}, usando 'FORT HAMILTON PARKWAY'
[COL] BIN 3429481: 'House No' conflicto {'1074', '1070'}, usando '1070'
[COL] BIN 3429481: 'LOT' conflicto {'47', '44'}, usando '47'
[COL] BIN 3429492: 'LOT' conflicto {'4', '7501'}, usando '4'
[COL] BIN 3429537: 'House No' conflicto {'90', '100'}, usando '90'
[COL] BIN 3429566: 'House No' conflicto {'68', '60'}, usando '68'
[COL] BIN 3429582: 'Street Name' conflicto {'EAST 7 STREET', 'EAST    7 STREET'}, usando 'EAST 7 STREET'
[COL] BIN 3429585: 'House No' conflicto {'424', '420'}, usando '420'
[COL] BIN 3429605: 'LOT' conflicto {'39', '40'}, usando '40'
[COL] BIN 3429621: 'House No' conflicto {'959', '875', '6'}, usando '959'
[COL] BIN 3429621: 'Street Name' conflicto {'VITAL AVENUE', 'ERSKINE STREET'}, usando 'ERSKINE STREET'
[COL] BIN 3429621: 'LOT' conflicto {'495', '7506'}, usando '7506'
[DUP] BIN 3429623: Job Filing duplicado 'B00852545-P8' eliminado
[COL] BIN 3429662: 'House No' conflicto {'237', '210'}, usando '237'
[COL] BIN 3429662: 'Street Name' conflicto {'GREENPOINT AVENUE', 'MCGUINNESS BOULEVARD'}, usando 'MCGUINNESS BOULEVARD'
[COL] BIN 3429686: 'House No' conflicto {'805', '432'}, usando '805'
[COL] BIN 3429686: 'Street Name' conflicto {'ROCKAWAY AVENUE', 'THATFORD AVENUE'}, usando 'ROCKAWAY AVENUE'
[COL] BIN 3429687: 'House No' conflicto {'508', '500'}, usando '500'
[COL] BIN 3429688: 'House No' conflicto {'510', '504'}, usando '504'
[COL] BIN 3429691: 'House No' conflicto {'15', '17'}, usando '17'
[COL] BIN 3429717: 'LOT' conflicto {'7501', '10'}, usando '7501'
[COL] BIN 3429734: 'LOT' conflicto {'43', '44'}, usando '44'
[COL] BIN 3429740: 'House No' conflicto {'447', '624'}, usando '624'
[COL] BIN 3429740: 'Street Name' conflicto {'NEW YORK AVENUE', 'FENIMORE STREET'}, usando 'NEW YORK AVENUE'
[DUP] BIN 3429743: Job Filing duplicado 'B00600073-A6' eliminado
[COL] BIN 3429743: 'House No' conflicto {'343', '335'}, usando '335'
[COL] BIN 3429780: 'Street Name' conflicto {'EAST   28 STREET', 'EAST 28 STREET'}, usando 'EAST   28 STREET'
[DUP] BIN 3429813: Job Filing duplicado 'B00712795-B4' eliminado
[COL] BIN 3429817: 'LOT' conflicto {'4', '7506'}, usando '4'
[COL] BIN 3429819: 'Street Name' conflicto {'3 AVENUE', '3RD AVENUE'}, usando '3 AVENUE'
[COL] BIN 3429840: 'Street Name' conflicto {'EAST    1 STREET', 'EAST FIRST STREET'}, usando 'EAST    1 STREET'
[DUP] BIN 3429873: Job Filing duplicado 'B00561184-A4' eliminado
[COL] BIN 3429873: 'Street Name' conflicto {'WEST   17 STREET', 'WEST 17 STREET'}, usando 'WEST   17 STREET'
[COL] BIN 3429886: 'House No' conflicto {'80', '378', '485'}, usando '80'
[COL] BIN 3429886: 'Street Name' conflicto {'SCHERMERHORN STREET', 'STATE STREET', 'FLATBUSH AVENUE'}, usando 'FLATBUSH AVENUE'
[COL] BIN 3429886: 'LOT' conflicto {'7501', '13'}, usando '7501'
[COL] BIN 3429921: 'House No' conflicto {'480', '476'}, usando '476'
[COL] BIN 3429922: 'House No' conflicto {'482', '476'}, usando '476'
[COL] BIN 3429924: 'House No' conflicto {'11', '13'}, usando '11'
[COL] BIN 3429971: 'LOT' conflicto {'7501', '6'}, usando '7501'
[COL] BIN 3429982: 'House No' conflicto {'200', '192'}, usando '200'
[COL] BIN 3429995: 'Street Name' conflicto {'BRIGHTON    6 STREET', 'BRIGHTON SIXTH STREET'}, usando 'BRIGHTON    6 STREET'
[COL] BIN 3430030: 'Street Name' conflicto {'BAY   25 STREET', 'BAY 25 STREET'}, usando 'BAY   25 STREET'
[COL] BIN 3430031: 'Street Name' conflicto {'BAY   25 STREET', 'BAY 25 STREET'}, usando 'BAY 25 STREET'
[COL] BIN 3430032: 'House No' conflicto {'499', '532'}, usando '499'
[COL] BIN 3430032: 'Street Name' conflicto {'PRESIDENT STREET', 'UNION STREET'}, usando 'PRESIDENT STREET'
[COL] BIN 3430060: 'LOT' conflicto {'15', '7502'}, usando '7502'
[DUP] BIN 3430085: Job Filing duplicado 'B00698051-P9' eliminado
[COL] BIN 3430112: 'House No' conflicto {'303', '3'}, usando '3'
[COL] BIN 3430112: 'Street Name' conflicto {'COZINE AVENUE', 'LOUISIANA AVENUE'}, usando 'COZINE AVENUE'
[COL] BIN 3430148: 'House No' conflicto {'111', '130'}, usando '130'
[COL] BIN 3430148: 'Street Name' conflicto {'BERRY STREET', 'NORTH    6 STREET'}, usando 'BERRY STREET'
[COL] BIN 3430186: 'Street Name' conflicto {'EAST 14 STREET', 'EAST   14 STREET'}, usando 'EAST 14 STREET'
[COL] BIN 3430223: 'LOT' conflicto {'9', '13'}, usando '9'
[COL] BIN 3430284: 'Street Name' conflicto {'FARRAGUT ROAD', 'Farragut Road'}, usando 'Farragut Road'
[COL] BIN 3430308: 'House No' conflicto {'55', '51'}, usando '55'
[DUP] BIN 3430353: Job Filing duplicado 'B01170890-P6' eliminado
[COL] BIN 3430371: 'House No' conflicto {'241', '621'}, usando '241'
[COL] BIN 3430371: 'Street Name' conflicto {'THIRD AVENUE', 'UNION STREET'}, usando 'THIRD AVENUE'
[COL] BIN 3430371: 'LOT' conflicto {'12', '13'}, usando '13'
[DUP] BIN 3430428: Job Filing duplicado 'B00893028-P4' eliminado
[DUP] BIN 3430428: Job Filing duplicado 'B00893028-P4' eliminado
[DUP] BIN 3430428: Job Filing duplicado 'B00893028-P4' eliminado
[COL] BIN 3811137: 'Street Name' conflicto {'DOUGLASS STREET', 'DOUGLAS STREET'}, usando 'DOUGLAS STREET'
[COL] BIN 4000019: 'House No' conflicto {'4-74', '474', '4-78'}, usando '4-74'
[COL] BIN 4000091: 'House No' conflicto {'5-33', '5-31', '5-27'}, usando '5-31'
[COL] BIN 4000225: 'House No' conflicto {'10-27', '10-25'}, usando '10-25'
[COL] BIN 4000248: 'House No' conflicto {'10-64', '1064'}, usando '10-64'
[COL] BIN 4000248: 'LOT' conflicto {'7501', '2'}, usando '7501'
[COL] BIN 4000366: 'House No' conflicto {'10040', '10-40'}, usando '10-40'
[COL] BIN 4000508: 'House No' conflicto {'12-15', '1215'}, usando '1215'
[COL] BIN 4000525: 'House No' conflicto {'53-01 REAR', '53-01'}, usando '53-01 REAR'
[COL] BIN 4000539: 'House No' conflicto {'2100', '21-00', '49-01'}, usando '49-01'
[COL] BIN 4000539: 'Street Name' conflicto {'21 STREET', '49 AVENUE'}, usando '21 STREET'
[COL] BIN 4000548: 'House No' conflicto {'46-01', '21-01'}, usando '46-01'
[COL] BIN 4000548: 'Street Name' conflicto {'46 ROAD', '21 STREET'}, usando '21 STREET'
[COL] BIN 4000561: 'House No' conflicto {'2243', '22-43'}, usando '22-43'
[COL] BIN 4000575: 'House No' conflicto {'21-16', '2116'}, usando '2116'
[COL] BIN 4000581: 'House No' conflicto {'45-15', '45-17'}, usando '45-15'
[COL] BIN 4000694: 'LOT' conflicto {'7502', '1'}, usando '1'
[COL] BIN 4000697: 'House No' conflicto {'2728', '27-28'}, usando '27-28'
[COL] BIN 4000697: 'Street Name' conflicto {'THOMPSON AVENUE', 'THOMSON AVENUE'}, usando 'THOMSON AVENUE'
[COL] BIN 4000699: 'Street Name' conflicto {'COURT SQUARE', 'ANABLE STREET'}, usando 'ANABLE STREET'
[COL] BIN 4000708: 'House No' conflicto {'45-06', '23-20'}, usando '23-20'
[COL] BIN 4000708: 'Street Name' conflicto {'JACKSON AVENUE', 'PEARSON STREET'}, usando 'JACKSON AVENUE'
[COL] BIN 4000742: 'House No' conflicto {'47-10', '47-16'}, usando '47-10'
[COL] BIN 4000822: 'House No' conflicto {'34-03', '34-51', '34-41', '48-18'}, usando '48-18'
[COL] BIN 4000822: 'Street Name' conflicto {'48 STREET', 'NORTHERN BOULEVARD'}, usando 'NORTHERN BOULEVARD'
[COL] BIN 4000979: 'House No' conflicto {'41-24', '41-26'}, usando '41-26'
[COL] BIN 4001163: 'House No' conflicto {'49-20', '49-22'}, usando '49-20'
[COL] BIN 4001315: 'House No' conflicto {'47-21', '47-11'}, usando '47-21'
[COL] BIN 4001742: 'House No' conflicto {'4105', '41-05'}, usando '41-05'
[COL] BIN 4001949: 'House No' conflicto {'42-02', '43-01'}, usando '43-01'
[COL] BIN 4001949: 'Street Name' conflicto {'43 AVENUE', '42 STREET'}, usando '42 STREET'
[COL] BIN 4001953: 'House No' conflicto {'45-10', '4521', '45-18', '45-16', '45-14'}, usando '45-16'
[COL] BIN 4001953: 'Street Name' conflicto {'GREENPOINT AVENUE', 'QUEENS BOULEVARD', '46 STREET'}, usando 'QUEENS BOULEVARD'
[COL] BIN 4001962: 'House No' conflicto {'45-04', '45-06'}, usando '45-04'
[COL] BIN 4001963: 'House No' conflicto {'4526', '45-50', '45-12'}, usando '45-12'
[COL] BIN 4001963: 'Street Name' conflicto {'GREENPOINT AVENUE', '46 STREET'}, usando 'GREENPOINT AVENUE'
[COL] BIN 4001993: 'House No' conflicto {'43-10', '43-16'}, usando '43-16'
[COL] BIN 4002027: 'House No' conflicto {'47-37', '4737'}, usando '47-37'
[COL] BIN 4002099: 'House No' conflicto {'4304', '43-09', '43-04', '43-11'}, usando '43-09'
[COL] BIN 4002099: 'Street Name' conflicto {'GREENPOINT AVENUE', '47 AVENUE'}, usando 'GREENPOINT AVENUE'
[COL] BIN 4002418: 'House No' conflicto {'3949', '41-48'}, usando '3949'
[COL] BIN 4002418: 'Street Name' conflicto {'40 STREET', '43 AVENUE'}, usando '43 AVENUE'
[COL] BIN 4002473: 'House No' conflicto {'40-05', '40-11', '43-45', '40-01', '43-47'}, usando '40-01'
[COL] BIN 4002473: 'Street Name' conflicto {'40 STREET', 'QUEENS BOULEVARD'}, usando 'QUEENS BOULEVARD'
[COL] BIN 4002492: 'House No' conflicto {'40-13', '43-46', '40-15'}, usando '40-13'
[COL] BIN 4002492: 'Street Name' conflicto {'QUEENS BOULEVARD', '41 STREET'}, usando 'QUEENS BOULEVARD'
[COL] BIN 4002571: 'House No' conflicto {'40-08', '40-02'}, usando '40-08'
[COL] BIN 4002572: 'Block' conflicto {'193', '0'}, usando '0'
[COL] BIN 4002596: 'House No' conflicto {'45-02', '45-08', '39-24'}, usando '45-08'
[COL] BIN 4002596: 'Street Name' conflicto {'40 STREET', 'QUEENS BOULEVARD'}, usando '40 STREET'
[COL] BIN 4002625: 'House No' conflicto {'45-06', '39-20'}, usando '45-06'
[COL] BIN 4002625: 'Street Name' conflicto {'39 PLACE', 'QUEENS BOULEVARD'}, usando '39 PLACE'
[COL] BIN 4003103: 'House No' conflicto {'37-18', '37-02'}, usando '37-18'
[COL] BIN 4003128: 'House No' conflicto {'41-38', '41-30'}, usando '41-30'
[COL] BIN 4003411: 'House No' conflicto {'3030', '30-30'}, usando '30-30'
[COL] BIN 4003434: 'House No' conflicto {'43-34', '3200'}, usando '3200'
[COL] BIN 4003434: 'Street Name' conflicto {'32 PLACE', 'SKILLMAN AVENUE'}, usando 'SKILLMAN AVENUE'
[COL] BIN 4003443: 'House No' conflicto {'32-01', '45-55'}, usando '45-55'
[COL] BIN 4003443: 'Street Name' conflicto {'VAN DAM STREET', '47 AVENUE'}, usando 'VAN DAM STREET'
[COL] BIN 4003445: 'House No' conflicto {'47-25', '47-35'}, usando '47-35'
[COL] BIN 4003516: 'Street Name' conflicto {'THOMPSON AVENUE', 'THOMSON AVENUE'}, usando 'THOMSON AVENUE'
[COL] BIN 4003533: 'House No' conflicto {'3030', '30-30'}, usando '3030'
[COL] BIN 4003535: 'Street Name' conflicto {'THOMPSON AVENUE', 'THOMSON AVENUE'}, usando 'THOMSON AVENUE'
[COL] BIN 4003727: 'House No' conflicto {'38-20', '3820'}, usando '38-20'
[COL] BIN 4003749: 'House No' conflicto {'11-06', '11-12'}, usando '11-06'
[COL] BIN 4004140: 'House No' conflicto {'29-14', '29-16', '36-06', '3606'}, usando '36-06'
[COL] BIN 4004140: 'Street Name' conflicto {'30 STREET', '36 AVENUE'}, usando '30 STREET'
[COL] BIN 4004426: 'House No' conflicto {'37-20', '37-24'}, usando '37-20'
[COL] BIN 4004439: 'House No' conflicto {'37-45', '24-09'}, usando '24-09'
[COL] BIN 4004439: 'Street Name' conflicto {'38 AVENUE', '24 STREET'}, usando '38 AVENUE'
[COL] BIN 4004530: 'House No' conflicto {'37-31', '3731'}, usando '3731'
[COL] BIN 4004582: 'House No' conflicto {'38-11', '38-18', '38-12'}, usando '38-12'
[COL] BIN 4004582: 'Street Name' conflicto {'33 STREET', '32 STREET'}, usando '33 STREET'
[COL] BIN 4004694: 'House No' conflicto {'38-35', '3835'}, usando '3835'
[COL] BIN 4004757: 'House No' conflicto {'39-50', '39-44'}, usando '39-50'
[COL] BIN 4004874: 'House No' conflicto {'2801', '28-01'}, usando '2801'
[COL] BIN 4004967: 'House No' conflicto {'40-33', '21-01', '40-35'}, usando '21-01'
[COL] BIN 4004967: 'Street Name' conflicto {'41 AVENUE', '21 STREET'}, usando '41 AVENUE'
[COL] BIN 4004968: 'House No' conflicto {'40-09', '40-11'}, usando '40-09'
[COL] BIN 4005043: 'House No' conflicto {'29-28', '41-15'}, usando '29-28'
[COL] BIN 4005043: 'Street Name' conflicto {'29 STREET', '41 AVENUE'}, usando '41 AVENUE'
[COL] BIN 4005054: 'House No' conflicto {'27-14', '2714'}, usando '2714'
[COL] BIN 4005144: 'LOT' conflicto {'8', '6'}, usando '8'
[COL] BIN 4005200: 'House No' conflicto {'13-08', '43-10'}, usando '13-08'
[COL] BIN 4005200: 'Street Name' conflicto {'43 AVENUE', '21 STREET'}, usando '43 AVENUE'
[COL] BIN 4005221: 'House No' conflicto {'11-49', '13-02', '11-39'}, usando '11-49'
[COL] BIN 4005221: 'Street Name' conflicto {'44 ROAD', '44 AVENUE'}, usando '44 ROAD'
[COL] BIN 4005252: 'House No' conflicto {'09-03', '9-03', '903'}, usando '903'
[COL] BIN 4005284: 'House No' conflicto {'11-01', '42-45'}, usando '42-45'
[COL] BIN 4005284: 'Street Name' conflicto {'11 STREET', '43 AVENUE'}, usando '11 STREET'
[COL] BIN 4005293: 'House No' conflicto {'10-09', '10-01'}, usando '10-09'
[COL] BIN 4005484: 'House No' conflicto {'30-55', '11-08'}, usando '11-08'
[COL] BIN 4005484: 'Street Name' conflicto {'VERNON BOULEVARD', '30 ROAD'}, usando '30 ROAD'
[COL] BIN 4005624: 'House No' conflicto {'11-16', '29-30'}, usando '29-30'
[COL] BIN 4005624: 'Street Name' conflicto {'12 STREET', 'MAIN AVENUE'}, usando '12 STREET'
[COL] BIN 4006266: 'House No' conflicto {'23-37', '23-33'}, usando '23-37'
[COL] BIN 4006383: 'House No' conflicto {'21-03A', '21-11', '21-03'}, usando '21-03'
[COL] BIN 4006384: 'House No' conflicto {'21-19', '21-17'}, usando '21-19'
[COL] BIN 4006436: 'House No' conflicto {'24-14', '24-02'}, usando '24-02'
[COL] BIN 4006778: 'House No' conflicto {'23-40', '23-38', '30-10'}, usando '30-10'
[COL] BIN 4006778: 'Street Name' conflicto {'CRESCENT STREET', '30 AVENUE'}, usando 'CRESCENT STREET'
[COL] BIN 4006897: 'House No' conflicto {'2737', '27-37'}, usando '27-37'
[COL] BIN 4006920: 'House No' conflicto {'29-02', '29-04'}, usando '29-02'
[COL] BIN 4007156: 'House No' conflicto {'25-12', '25-08 A', '25-10'}, usando '25-08 A'
[COL] BIN 4007619: 'House No' conflicto {'30-25', '30-15'}, usando '30-25'
[COL] BIN 4007843: 'House No' conflicto {'28-18', '30-15'}, usando '28-18'
[COL] BIN 4007843: 'Street Name' conflicto {'NEWTOWN AVENUE', '31 STREET'}, usando '31 STREET'
[COL] BIN 4007861: 'House No' conflicto {'36-11', '36 11'}, usando '36 11'
[COL] BIN 4007868: 'House No' conflicto {'3018', '30-18'}, usando '3018'
[COL] BIN 4007950: 'House No' conflicto {'33-11', '33-17'}, usando '33-11'
[COL] BIN 4007997: 'House No' conflicto {'35-50', '3550'}, usando '35-50'
[COL] BIN 4008014: 'House No' conflicto {'31-06', '35-03'}, usando '31-06'
[COL] BIN 4008014: 'Street Name' conflicto {'35 AVENUE', '31 STREET'}, usando '35 AVENUE'
[COL] BIN 4008174: 'House No' conflicto {'3444', '34-44'}, usando '3444'
[COL] BIN 4008354: 'LOT' conflicto {'7501', '69'}, usando '7501'
[COL] BIN 4008368: 'House No' conflicto {'31-29', '31-35'}, usando '31-35'
[COL] BIN 4008551: 'House No' conflicto {'32-10', '3210'}, usando '3210'
[COL] BIN 4008604: 'House No' conflicto {'32-07', '32-01'}, usando '32-07'
[COL] BIN 4008767: 'House No' conflicto {'33-10', '3310'}, usando '33-10'
[COL] BIN 4008770: 'House No' conflicto {'3318', '33-18'}, usando '33-18'
[COL] BIN 4009030: 'House No' conflicto {'3302', '33-02'}, usando '33-02'
[COL] BIN 4010262: 'House No' conflicto {'2465', '24-65'}, usando '2465'
[COL] BIN 4010264: 'House No' conflicto {'2439', '24-39'}, usando '24-39'
[COL] BIN 4010541: 'House No' conflicto {'31-70', '31-72'}, usando '31-70'
[COL] BIN 4010655: 'House No' conflicto {'30-16', '3016'}, usando '3016'
[COL] BIN 4010684: 'House No' conflicto {'30-98 C', '30-98C'}, usando '30-98 C'
[COL] BIN 4010684: 'Street Name' conflicto {'STEINWAY AVENUE', 'STEINWAY STREET'}, usando 'STEINWAY STREET'
[COL] BIN 4010764: 'House No' conflicto {'28-42', '28-44'}, usando '28-42'
[COL] BIN 4010883: 'House No' conflicto {'35-48', '40-11'}, usando '40-11'
[COL] BIN 4010883: 'Street Name' conflicto {'36 AVENUE', '41 STREET'}, usando '36 AVENUE'
[COL] BIN 4010909: 'House No' conflicto {'34-19', '34-23'}, usando '34-23'
[COL] BIN 4011004: 'House No' conflicto {'32-86', '3286', '40-11'}, usando '40-11'
[COL] BIN 4011004: 'Street Name' conflicto {'34 AVENUE', '41 STREET'}, usando '34 AVENUE'
[COL] BIN 4011007: 'House No' conflicto {'32-49', '32-43', '32-47'}, usando '32-43'
[COL] BIN 4011098: 'House No' conflicto {'3181', '31-81'}, usando '31-81'
[COL] BIN 4011252: 'House No' conflicto {'3013', '30-13'}, usando '30-13'
[COL] BIN 4011370: 'House No' conflicto {'25-81', '25-79'}, usando '25-79'
[COL] BIN 4011504: 'House No' conflicto {'24-09', '2411', '24-17'}, usando '24-17'
[COL] BIN 4011506: 'House No' conflicto {'40 - 06', '40-06'}, usando '40-06'
[COL] BIN 4011506: 'Street Name' conflicto {'ASTORIA BOULEVARD SOUTH', 'ASTORIA BOULEVARD'}, usando 'ASTORIA BOULEVARD'
[COL] BIN 4012404: 'House No' conflicto {'32 88', '3288'}, usando '32 88'
[COL] BIN 4013655: 'House No' conflicto {'48-02', '48-10'}, usando '48-02'
[COL] BIN 4014060: 'House No' conflicto {'24-64', '24-70'}, usando '24-64'
[COL] BIN 4015026: 'House No' conflicto {'43-15', '43-19'}, usando '43-19'
[COL] BIN 4016106: 'House No' conflicto {'37-01', '3701'}, usando '37-01'
[COL] BIN 4016596: 'House No' conflicto {'2146', '21-46'}, usando '2146'
[COL] BIN 4017619: 'House No' conflicto {'2230', '22-32', '22-36'}, usando '2230'
[COL] BIN 4017620: 'House No' conflicto {'22-38', '22-36A'}, usando '22-36A'
[COL] BIN 4017623: 'House No' conflicto {'22-54', '22-56'}, usando '22-54'
[COL] BIN 4017713: 'House No' conflicto {'29-25', '29-29'}, usando '29-25'
[COL] BIN 4017784: 'House No' conflicto {'21-63', '2163'}, usando '21-63'
[COL] BIN 4019005: 'House No' conflicto {'21-38', '2138'}, usando '2138'
[COL] BIN 4019321: 'LOT' conflicto {'7501', '15'}, usando '15'
[COL] BIN 4019902: 'House No' conflicto {'18-38', '18-43'}, usando '18-38'
[COL] BIN 4019902: 'Street Name' conflicto {'26 ROAD', '26 AVENUE'}, usando '26 AVENUE'
[COL] BIN 4019940: 'House No' conflicto {'18-17', '1817'}, usando '1817'
[COL] BIN 4020675: 'House No' conflicto {'3-19', '3-13'}, usando '3-13'
[COL] BIN 4021463: 'House No' conflicto {'77-20', '77-16'}, usando '77-20'
[COL] BIN 4021642: 'House No' conflicto {'79-14', '79-02', '79-08'}, usando '79-14'
[COL] BIN 4022499: 'Street Name' conflicto {'BROOKLYN QUEENS EXPRESSWAY WEST', 'BROOKLYN QUEENS EXPRESSWAY'}, usando 'BROOKLYN QUEENS EXPRESSWAY'
[COL] BIN 4022501: 'House No' conflicto {'26-15', '26-01'}, usando '26-01'
[COL] BIN 4022555: 'Street Name' conflicto {'BQE WEST', 'BQE'}, usando 'BQE'
[COL] BIN 4022646: 'House No' conflicto {'75-20', '7520'}, usando '75-20'
[COL] BIN 4022646: 'Street Name' conflicto {'ASTORIA BLVD SOUTH', 'ASTORIA BOULEVARD'}, usando 'ASTORIA BOULEVARD'
[COL] BIN 4026292: 'House No' conflicto {'69-01', '69-15'}, usando '69-15'
[COL] BIN 4026843: 'House No' conflicto {'79-19', '79-11'}, usando '79-19'
[COL] BIN 4026901: 'House No' conflicto {'80-05', '8005'}, usando '8005'
[COL] BIN 4027255: 'House No' conflicto {'51-06', '5124'}, usando '5124'
[COL] BIN 4027810: 'House No' conflicto {'61-01', '61-05'}, usando '61-05'
[COL] BIN 4028400: 'House No' conflicto {'63-01', '63-17'}, usando '63-01'
[COL] BIN 4029562: 'House No' conflicto {'35-40', '35-44', '35-29', '35-38'}, usando '35-38'
[COL] BIN 4029562: 'Street Name' conflicto {'75 STREET', '74 STREET'}, usando '75 STREET'
[COL] BIN 4029563: 'House No' conflicto {'74-15', '74-23', '74-09'}, usando '74-09'
[COL] BIN 4029568: 'House No' conflicto {'35-35', '3535'}, usando '35-35'
[COL] BIN 4029578: 'House No' conflicto {'76-01', '76-27', '76-21', '76-05', '76-03'}, usando '76-01'
[COL] BIN 4029655: 'House No' conflicto {'78-09', '78-07'}, usando '78-09'
[COL] BIN 4029684: 'House No' conflicto {'81-02', '81-10'}, usando '81-02'
[COL] BIN 4029806: 'House No' conflicto {'37-44', '37-40'}, usando '37-44'
[COL] BIN 4029820: 'House No' conflicto {'37-23', '37-25'}, usando '37-23'
[COL] BIN 4029839: 'House No' conflicto {'74-13', '74-11'}, usando '74-13'
[COL] BIN 4029851: 'House No' conflicto {'75-28', '75-14'}, usando '75-14'
[COL] BIN 4029939: 'House No' conflicto {'78-19', '7819'}, usando '7819'
[COL] BIN 4030000: 'House No' conflicto {'80-05', '8005'}, usando '80-05'
[COL] BIN 4030021: 'House No' conflicto {'3762', '37-66'}, usando '37-66'
[COL] BIN 4030037: 'House No' conflicto {'60-15', '39-74'}, usando '60-15'
[COL] BIN 4030037: 'Street Name' conflicto {'61 STREET', 'WOODSIDE AVENUE'}, usando 'WOODSIDE AVENUE'
[COL] BIN 4030090: 'House No' conflicto {'3951', '39-51'}, usando '39-51'
[COL] BIN 4030212: 'House No' conflicto {'40-10', '40-06', '4002', '40-04', '40-08', '65-20'}, usando '40-04'
[COL] BIN 4030212: 'Street Name' conflicto {'67 STREET', 'ROOSEVELT AVENUE'}, usando '67 STREET'
[COL] BIN 4030459: 'House No' conflicto {'40-10', '40-14'}, usando '40-10'
[COL] BIN 4030485: 'House No' conflicto {'6714', '67-14'}, usando '67-14'
[COL] BIN 4030676: 'House No' conflicto {'41-61', '4161'}, usando '4161'
[COL] BIN 4030841: 'House No' conflicto {'41-21', '54-05'}, usando '54-05'
[COL] BIN 4030841: 'Street Name' conflicto {'ROOSEVELT AVENUE', '54 STREET'}, usando 'ROOSEVELT AVENUE'
[COL] BIN 4030922: 'House No' conflicto {'53-04', '5304'}, usando '53-04'
[COL] BIN 4033549: 'House No' conflicto {'30-57', '90-09'}, usando '30-57'
[COL] BIN 4033549: 'Street Name' conflicto {'31 AVENUE', '90 STREET'}, usando '90 STREET'
[COL] BIN 4034063: 'House No' conflicto {'91-10', '31-01'}, usando '91-10'
[COL] BIN 4034063: 'Street Name' conflicto {'91 STREET', '31 AVENUE'}, usando '31 AVENUE'
[COL] BIN 4035427: 'House No' conflicto {'89-01', '89-07'}, usando '89-01'
[COL] BIN 4035809: 'House No' conflicto {'34-60', '34-64', '34-50'}, usando '34-64'
[COL] BIN 4035828: 'House No' conflicto {'83-01', '35-64'}, usando '83-01'
[COL] BIN 4035828: 'Street Name' conflicto {'37 AVENUE', '84 STREET'}, usando '37 AVENUE'
[COL] BIN 4036193: 'House No' conflicto {'82-08', '82-10', '82-06B', '82-06', '37-03', '37-01B', '82-06A', '37-01', '82-02'}, usando '82-08'
[COL] BIN 4036193: 'Street Name' conflicto {'37 AVENUE', '82 STREET'}, usando '37 AVENUE'
[COL] BIN 4036213: 'House No' conflicto {'37-65', '37-67'}, usando '37-67'
[COL] BIN 4036222: 'House No' conflicto {'3741', '37-41'}, usando '3741'
[COL] BIN 4036223: 'House No' conflicto {'37-15', '37-33'}, usando '37-15'
[COL] BIN 4036228: 'House No' conflicto {'84-10', '84-28', '84-06'}, usando '84-10'
[COL] BIN 4036231: 'House No' conflicto {'37-34', '3734'}, usando '37-34'
[COL] BIN 4036240: 'House No' conflicto {'85-08', '85-30'}, usando '85-08'
[COL] BIN 4036257: 'House No' conflicto {'86-14', '86-12'}, usando '86-12'
[COL] BIN 4036331: 'House No' conflicto {'37-62', '37-54'}, usando '37-62'
[COL] BIN 4036347: 'House No' conflicto {'90-02', '37-05'}, usando '90-02'
[COL] BIN 4036347: 'Street Name' conflicto {'37 AVENUE', '90 STREET'}, usando '37 AVENUE'
[COL] BIN 4036514: 'House No' conflicto {'37-69', '37-61'}, usando '37-61'
[COL] BIN 4036660: 'House No' conflicto {'37-38A', '37-42', '37-38', '37-46'}, usando '37-42'
[COL] BIN 4036661: 'House No' conflicto {'37-56', '37-58'}, usando '37-58'
[COL] BIN 4036729: 'House No' conflicto {'75-12', '75-08'}, usando '75-08'
[COL] BIN 4036730: 'House No' conflicto {'75-01', '40-15'}, usando '75-01'
[COL] BIN 4036730: 'Street Name' conflicto {'BROADWAY', '75 STREET'}, usando 'BROADWAY'
[COL] BIN 4036734: 'House No' conflicto {'75-16', '7516'}, usando '75-16'
[COL] BIN 4036761: 'House No' conflicto {'40-36', '4036'}, usando '40-36'
[COL] BIN 4036807: 'House No' conflicto {'78-14', '7814'}, usando '7814'
[COL] BIN 4036868: 'House No' conflicto {'8120', '81-20'}, usando '81-20'
[COL] BIN 4036879: 'House No' conflicto {'40-36', '40-32'}, usando '40-36'
[COL] BIN 4036894: 'House No' conflicto {'40-09', '40-07'}, usando '40-07'
[COL] BIN 4037038: 'House No' conflicto {'41-39', '41-41'}, usando '41-41'
[COL] BIN 4037049: 'House No' conflicto {'87-37', '86-22', '87-27'}, usando '87-27'
[COL] BIN 4037049: 'Street Name' conflicto {'ROOSEVELT AVENUE', 'BRITTON AVENUE'}, usando 'BRITTON AVENUE'
[COL] BIN 4037274: 'House No' conflicto {'42-01', '80-40'}, usando '42-01'
[COL] BIN 4037274: 'Street Name' conflicto {'BAXTER AVENUE', 'LAYTON STREET'}, usando 'LAYTON STREET'
[COL] BIN 4038193: 'House No' conflicto {'81-18', '81-04', '8108', '8120', '42-15', '81-10', '81-08'}, usando '81-10'
[COL] BIN 4038193: 'Street Name' conflicto {'BROADWAY', '81 STREET'}, usando 'BROADWAY'
[COL] BIN 4038194: 'House No' conflicto {'42-10', '81-26', '81-30'}, usando '81-30'
[COL] BIN 4038194: 'Street Name' conflicto {'BROADWAY', '82 STREET'}, usando 'BROADWAY'
[COL] BIN 4038767: 'House No' conflicto {'8622', '86-22'}, usando '86-22'
[COL] BIN 4038862: 'House No' conflicto {'4142', '41-42'}, usando '4142'
[COL] BIN 4039028: 'House No' conflicto {'44-30', '85-15'}, usando '44-30'
[COL] BIN 4039028: 'Street Name' conflicto {'MACNISH STREET', 'WHITNEY AVENUE'}, usando 'MACNISH STREET'
[COL] BIN 4039029: 'House No' conflicto {'82-85', '85-07'}, usando '85-07'
[COL] BIN 4039029: 'Street Name' conflicto {'BROADWAY', 'WHITNEY AVENUE'}, usando 'WHITNEY AVENUE'
[COL] BIN 4039242: 'House No' conflicto {'4229', '42-29'}, usando '42-29'
[COL] BIN 4039787: 'House No' conflicto {'95-58', '95-40'}, usando '95-40'
[COL] BIN 4039836: 'House No' conflicto {'95-48', '40-18A'}, usando '40-18A'
[COL] BIN 4039836: 'Street Name' conflicto {'JUNCTION BOULEVARD', '40 ROAD'}, usando 'JUNCTION BOULEVARD'
[COL] BIN 4043099: 'House No' conflicto {'96-15', '35-58'}, usando '96-15'
[COL] BIN 4043099: 'Street Name' conflicto {'37 AVENUE', '97 STREET'}, usando '37 AVENUE'
[COL] BIN 4044657: 'House No' conflicto {'104-01', '39-11'}, usando '104-01'
[COL] BIN 4044657: 'Street Name' conflicto {'ROOSEVELT AVENUE', '104 STREET'}, usando 'ROOSEVELT AVENUE'
[COL] BIN 4044891: 'House No' conflicto {'3710', '37-10'}, usando '37-10'
[COL] BIN 4045999: 'House No' conflicto {'9001', '90-15'}, usando '90-15'
[COL] BIN 4045999: 'Street Name' conflicto {'QUEENS BOULEVARD', 'QUEENS CENTER MALL'}, usando 'QUEENS BOULEVARD'
[COL] BIN 4046000: 'House No' conflicto {'9131', '91-31'}, usando '91-31'
[COL] BIN 4046361: 'House No' conflicto {'9454', '94-54'}, usando '9454'
[COL] BIN 4046834: 'House No' conflicto {'98-50', '9850'}, usando '9850'
[COL] BIN 4046844: 'House No' conflicto {'5036', '50-36'}, usando '50-36'
[COL] BIN 4047218: 'House No' conflicto {'54-06', '54-05'}, usando '54-06'
[COL] BIN 4047218: 'Street Name' conflicto {'99 STREET', '100 STREET'}, usando '100 STREET'
[COL] BIN 4047258: 'House No' conflicto {'94-30', '94-31'}, usando '94-30'
[COL] BIN 4047258: 'Street Name' conflicto {'59 AVENUE', '58 AVENUE'}, usando '58 AVENUE'
[COL] BIN 4047310: 'House No' conflicto {'95-15', '59-17'}, usando '59-17'
[COL] BIN 4047310: 'Street Name' conflicto {'JUNCTION BOULEVARD', 'HORACE HARDING EXPRESSWAY'}, usando 'JUNCTION BOULEVARD'
[COL] BIN 4047314: 'House No' conflicto {'57-01', '96-02'}, usando '57-01'
[COL] BIN 4047314: 'Street Name' conflicto {'JUNCTION BOULEVARD', '57 AVENUE'}, usando 'JUNCTION BOULEVARD'
[COL] BIN 4047316: 'House No' conflicto {'96-08', '9608'}, usando '9608'
[COL] BIN 4047326: 'House No' conflicto {'59-10', '5906', '59-08'}, usando '5906'
[COL] BIN 4047329: 'House No' conflicto {'57-10', '57-16', '58-08', '58-28'}, usando '57-10'
[COL] BIN 4048555: 'House No' conflicto {'103-06', '103-02'}, usando '103-06'
[COL] BIN 4048557: 'House No' conflicto {'103-14', '103-24', '103-12', '103-18'}, usando '103-24'
[COL] BIN 4048567: 'House No' conflicto {'4121', '41-21'}, usando '41-21'
[COL] BIN 4049888: 'House No' conflicto {'111-08', '111-06'}, usando '111-06'
[COL] BIN 4050410: 'House No' conflicto {'9525', '95-25'}, usando '95-25'
[COL] BIN 4050425: 'House No' conflicto {'97-10', '97-1'}, usando '97-10'
[COL] BIN 4050425: 'Street Name' conflicto {'63 ROAD', '63 DRIVE'}, usando '63 ROAD'
[COL] BIN 4050457: 'House No' conflicto {'97-25', '9725'}, usando '97-25'
[COL] BIN 4050457: 'LOT' conflicto {'7502', '47'}, usando '47'
[COL] BIN 4050482: 'House No' conflicto {'97-77', '97-85'}, usando '97-77'
[COL] BIN 4050957: 'LOT' conflicto {'56', '7502'}, usando '7502'
[COL] BIN 4051274: 'House No' conflicto {'10325', '103-25'}, usando '103-25'
[COL] BIN 4051287: 'House No' conflicto {'104-21', '104-39', '104-23', '104-15'}, usando '104-21'
[COL] BIN 4051424: 'House No' conflicto {'63-44', '63-32'}, usando '63-44'
[COL] BIN 4051447: 'House No' conflicto {'64-46', '64-38'}, usando '64-38'
[COL] BIN 4051602: 'House No' conflicto {'63-71', '63-57'}, usando '63-57'
[COL] BIN 4051638: 'House No' conflicto {'64-03', '64-01'}, usando '64-01'
[COL] BIN 4051678: 'House No' conflicto {'64-35', '64-49', '64-51', '64-37'}, usando '64-51'
[COL] BIN 4052143: 'House No' conflicto {'66-55', '67-01'}, usando '66-55'
[COL] BIN 4052234: 'House No' conflicto {'6911', '69-01'}, usando '69-01'
[COL] BIN 4052235: 'House No' conflicto {'69-10', '6910'}, usando '69-10'
[COL] BIN 4052241: 'House No' conflicto {'107-21', '70-20'}, usando '107-21'
[COL] BIN 4052241: 'Street Name' conflicto {'108 STREET', 'QUEENS BOULEVARD'}, usando 'QUEENS BOULEVARD'
[COL] BIN 4052243: 'House No' conflicto {'6837', '68-37'}, usando '68-37'
[COL] BIN 4052782: 'House No' conflicto {'7636', '76-36'}, usando '76-36'
[COL] BIN 4052804: 'House No' conflicto {'77-14', '77-02'}, usando '77-14'
[COL] BIN 4052806: 'House No' conflicto {'116-33', '116-63'}, usando '116-33'
[COL] BIN 4052809: 'House No' conflicto {'118-15', '118-21'}, usando '118-21'
[COL] BIN 4055019: 'House No' conflicto {'52-73', '52-75'}, usando '52-75'
[COL] BIN 4056444: 'House No' conflicto {'73-00', '73-04'}, usando '73-04'
[COL] BIN 4058131: 'House No' conflicto {'74-17', '7417', '74-25'}, usando '74-17'
[COL] BIN 4061366: 'House No' conflicto {'61-22', '6122G', '61-12'}, usando '6122G'
[COL] BIN 4061370: 'House No' conflicto {'61-03', '6101'}, usando '61-03'
[COL] BIN 4063004: 'House No' conflicto {'57-64', '57-65'}, usando '57-65'
[COL] BIN 4063004: 'Street Name' conflicto {'73 PLACE', '74 STREET'}, usando '73 PLACE'
[COL] BIN 4067887: 'House No' conflicto {'82-36', '8236'}, usando '8236'
[COL] BIN 4068664: 'House No' conflicto {'62-96', '62-98'}, usando '62-98'
[COL] BIN 4070122: 'House No' conflicto {'63-112', '63-104', '63-98'}, usando '63-98'
[COL] BIN 4070125: 'House No' conflicto {'64-54', '64-62', '64-60'}, usando '64-60'
[COL] BIN 4070126: 'House No' conflicto {'64-76', '64-64'}, usando '64-76'
[COL] BIN 4072076: 'House No' conflicto {'95-56', '95-58'}, usando '95-56'
[COL] BIN 4072128: 'House No' conflicto {'96-08', '96-16', '96-14'}, usando '96-08'
[COL] BIN 4072141: 'House No' conflicto {'97-12', '97-04'}, usando '97-12'
[COL] BIN 4072164: 'House No' conflicto {'97-01', '65-61'}, usando '65-61'
[COL] BIN 4072164: 'Street Name' conflicto {'66 AVENUE', 'SAUNDERS STREET'}, usando 'SAUNDERS STREET'
[COL] BIN 4072691: 'Street Name' conflicto {'WOODHAVEN BOULEVARD', 'ALDERTON STREET'}, usando 'ALDERTON STREET'
[COL] BIN 4072830: 'LOT' conflicto {'7503', '16'}, usando '7503'
[COL] BIN 4074783: 'House No' conflicto {'97-12', '98-76'}, usando '97-12'
[COL] BIN 4074783: 'Street Name' conflicto {'66 AVENUE', 'QUEENS BOULEVARD'}, usando '66 AVENUE'
[COL] BIN 4074784: 'House No' conflicto {'98100', '98-88', '9898'}, usando '98100'
[COL] BIN 4075055: 'House No' conflicto {'6776', '67-76'}, usando '67-76'
[COL] BIN 4075137: 'House No' conflicto {'100-26', '100-30'}, usando '100-26'
[COL] BIN 4075226: 'House No' conflicto {'68-09', '67-87'}, usando '68-09'
[COL] BIN 4075866: 'House No' conflicto {'71-49', '71-55'}, usando '71-55'
[COL] BIN 4076630: 'Street Name' conflicto {'BURNS STREET', 'BURN STREET'}, usando 'BURNS STREET'
[COL] BIN 4077469: 'House No' conflicto {'69-46', '69-32', '69-40', '69-60'}, usando '69-32'
[COL] BIN 4077473: 'House No' conflicto {'106-15', '106-11', '70-38', '70-50', '70-34', '70-40', '70-52'}, usando '70-40'
[COL] BIN 4077473: 'Street Name' conflicto {'71 AVENUE', 'AUSTIN STREET'}, usando 'AUSTIN STREET'
[COL] BIN 4077483: 'House No' conflicto {'107-10', '107-02'}, usando '107-02'
[COL] BIN 4077483: 'LOT' conflicto {'7505', '44'}, usando '7505'
[COL] BIN 4077487: 'House No' conflicto {'107-35', '107-33'}, usando '107-33'
[COL] BIN 4077492: 'LOT' conflicto {'7502', '21'}, usando '21'
[COL] BIN 4077497: 'House No' conflicto {'107-12', '107-18'}, usando '107-12'
[COL] BIN 4077913: 'House No' conflicto {'106-20', '71-14'}, usando '71-14'
[COL] BIN 4077913: 'Street Name' conflicto {'71 AVENUE', 'AUSTIN STREET'}, usando 'AUSTIN STREET'
[COL] BIN 4077914: 'House No' conflicto {'106-24', '71-02'}, usando '106-24'
[COL] BIN 4077914: 'Street Name' conflicto {'71 AVENUE', 'AUSTIN STREET'}, usando '71 AVENUE'
[COL] BIN 4077915: 'House No' conflicto {'71-24', '71-22'}, usando '71-22'
[COL] BIN 4077920: 'House No' conflicto {'71-40', '71-36'}, usando '71-40'
[COL] BIN 4077921: 'House No' conflicto {'71-46', '71-48'}, usando '71-46'
[COL] BIN 4077931: 'House No' conflicto {'72-48', '72-50'}, usando '72-48'
[COL] BIN 4077993: 'House No' conflicto {'107-22', '108-18', '107-18', '107-28', '107-34'}, usando '108-18'
[COL] BIN 4077993: 'Street Name' conflicto {'71 AVENUE', 'QUEENS BOULEVARD', 'CONTINENTAL AVENUE'}, usando 'QUEENS BOULEVARD'
[COL] BIN 4077994: 'House No' conflicto {'108-22', '107-15'}, usando '107-15'
[COL] BIN 4077994: 'Street Name' conflicto {'71 ROAD', 'QUEENS BOULEVARD'}, usando '71 ROAD'
[COL] BIN 4077995: 'House No' conflicto {'71-27', '107-23', '71-21'}, usando '71-21'
[COL] BIN 4077995: 'Street Name' conflicto {'71 ROAD', 'AUSTIN STREET'}, usando 'AUSTIN STREET'
[COL] BIN 4078003: 'House No' conflicto {'108-36', '108-40', '108-50', '107-30'}, usando '107-30'
[COL] BIN 4078003: 'Street Name' conflicto {'71 ROAD', 'QUEENS BOULEVARD'}, usando '71 ROAD'
[COL] BIN 4078797: 'House No' conflicto {'73-05', '73-01', '109-14'}, usando '109-14'
[COL] BIN 4078797: 'Street Name' conflicto {'ASCAN AVENUE', 'AUSTIN STREET'}, usando 'ASCAN AVENUE'
[COL] BIN 4078828: 'House No' conflicto {'111-06', '111-20'}, usando '111-06'
[COL] BIN 4079521: 'House No' conflicto {'83-07', '119-01'}, usando '83-07'
[COL] BIN 4079521: 'Street Name' conflicto {'83 AVENUE', 'ABINGDON ROAD'}, usando 'ABINGDON ROAD'
[COL] BIN 4079568: 'House No' conflicto {'81-40', '81-46'}, usando '81-40'
[COL] BIN 4079746: 'House No' conflicto {'84-03', '8403'}, usando '8403'
[COL] BIN 4079984: 'House No' conflicto {'117-20', '117-16', '117-18'}, usando '117-16'
[COL] BIN 4080026: 'Street Name' conflicto {'KEW GARDEN ROAD', 'KEW GARDENS ROAD'}, usando 'KEW GARDENS ROAD'
[COL] BIN 4080123: 'House No' conflicto {'83-09', '8309'}, usando '83-09'
[COL] BIN 4080149: 'House No' conflicto {'80-45', '12010', '120-10'}, usando '12010'
[COL] BIN 4080149: 'Street Name' conflicto {'QUEENS BOULEVARD', 'KEW GARDENS ROAD'}, usando 'QUEENS BOULEVARD'
[COL] BIN 4080169: 'House No' conflicto {'125-10', '125-28'}, usando '125-10'
[COL] BIN 4080429: 'House No' conflicto {'19-62', '19-49'}, usando '19-49'
[COL] BIN 4080429: 'Street Name' conflicto {'FLUSHING AVENUE', 'TROUTMAN STREET'}, usando 'TROUTMAN STREET'
[COL] BIN 4082184: 'House No' conflicto {'17-33', '1733'}, usando '17-33'
[COL] BIN 4082307: 'House No' conflicto {'1685', '16-85'}, usando '16-85'
[COL] BIN 4082442: 'House No' conflicto {'772', '55-27'}, usando '55-27'
[COL] BIN 4082442: 'Street Name' conflicto {'CYPRESS AVENUE', 'MYRTLE AVENUE'}, usando 'MYRTLE AVENUE'
[COL] BIN 4082690: 'House No' conflicto {'17-01', '793'}, usando '17-01'
[COL] BIN 4082690: 'Street Name' conflicto {'CYPRESS AVENUE', 'PUTNAM AVENUE'}, usando 'PUTNAM AVENUE'
[COL] BIN 4082806: 'House No' conflicto {'56-27', '56-23'}, usando '56-23'
[COL] BIN 4083287: 'House No' conflicto {'19-34', '1934'}, usando '19-34'
[COL] BIN 4084786: 'House No' conflicto {'65-22', '60-73', '6073'}, usando '65-22'
[COL] BIN 4084786: 'Street Name' conflicto {'GATES AVENUE', 'FRESH POND ROAD'}, usando 'FRESH POND ROAD'
[COL] BIN 4085276: 'House No' conflicto {'6062', '60-62'}, usando '60-62'
[COL] BIN 4085390: 'House No' conflicto {'54-04', '54-02'}, usando '54-02'
[COL] BIN 4085665: 'House No' conflicto {'16-59', '1659'}, usando '1659'
[COL] BIN 4085670: 'House No' conflicto {'1647', '16-47'}, usando '1647'
[COL] BIN 4085867: 'House No' conflicto {'867', '56-18', '56-26', '56-30', '56-16', '56-22'}, usando '56-26'
[COL] BIN 4085867: 'Street Name' conflicto {'CYPRESS AVENUE', 'MYRTLE AVENUE'}, usando 'MYRTLE AVENUE'
[COL] BIN 4085924: 'House No' conflicto {'1705', '17-05'}, usando '1705'
[COL] BIN 4086332: 'House No' conflicto {'7202', '72-04'}, usando '72-04'
[COL] BIN 4087482: 'House No' conflicto {'61-63', '63-57'}, usando '63-57'
[COL] BIN 4087482: 'Street Name' conflicto {'GROVE STREET', 'FRESH POND ROAD'}, usando 'FRESH POND ROAD'
[COL] BIN 4087917: 'House No' conflicto {'67-09', '6709'}, usando '67-09'
[COL] BIN 4089243: 'House No' conflicto {'64-65', '64-45'}, usando '64-45'
[COL] BIN 4090101: 'House No' conflicto {'7309', '73-09'}, usando '7309'
[COL] BIN 4090229: 'House No' conflicto {'66-48', '6648'}, usando '66-48'
[COL] BIN 4090233: 'House No' conflicto {'6656', '66-56'}, usando '6656'
[COL] BIN 4090330: 'House No' conflicto {'68-20', '68-14'}, usando '68-14'
[COL] BIN 4091486: 'House No' conflicto {'7505', '75-05'}, usando '7505'
[COL] BIN 4094777: 'House No' conflicto {'89-44', '89-40'}, usando '89-44'
[COL] BIN 4094825: 'House No' conflicto {'89-04', '8904'}, usando '8904'
[COL] BIN 4094962: 'House No' conflicto {'90-60', '90-50'}, usando '90-50'
[COL] BIN 4095246: 'House No' conflicto {'100-20', '100-02'}, usando '100-20'
[COL] BIN 4096491: 'House No' conflicto {'6-07', '607'}, usando '6-07'
[COL] BIN 4097123: 'House No' conflicto {'13-46', '1346'}, usando '1346'
[COL] BIN 4098565: 'House No' conflicto {'132-22', '132-10', '132-12'}, usando '132-22'
[COL] BIN 4099328: 'House No' conflicto {'2007', '20-07'}, usando '20-07'
[COL] BIN 4100730: 'House No' conflicto {'29-08', '2902'}, usando '29-08'
[COL] BIN 4100747: 'House No' conflicto {'30-33', '30-01'}, usando '30-33'
[COL] BIN 4105232: 'House No' conflicto {'147-01', '147-27'}, usando '147-27'
[COL] BIN 4108020: 'House No' conflicto {'2547', '25-17', '25-03'}, usando '2547'
[COL] BIN 4109018: 'House No' conflicto {'150-09', '150-07'}, usando '150-09'
[COL] BIN 4111870: 'House No' conflicto {'132-29', '132-29C'}, usando '132-29'
[COL] BIN 4112007: 'House No' conflicto {'34-20', '33-37'}, usando '34-20'
[COL] BIN 4112007: 'Street Name' conflicto {'LINDEN PLACE', 'FARRINGTON STREET'}, usando 'LINDEN PLACE'
[COL] BIN 4112117: 'House No' conflicto {'34-24', '139-29'}, usando '34-24'
[COL] BIN 4112117: 'Street Name' conflicto {'34 ROAD', 'UNION STREET'}, usando 'UNION STREET'
[COL] BIN 4112216: 'House No' conflicto {'36-07', '36-05'}, usando '36-05'
[COL] BIN 4112232: 'LOT' conflicto {'7505', '10'}, usando '7505'
[COL] BIN 4112252: 'House No' conflicto {'36-50', '36-54'}, usando '36-50'
[COL] BIN 4112293: 'House No' conflicto {'37-14', '135-39'}, usando '135-39'
[COL] BIN 4112293: 'Street Name' conflicto {'38 AVENUE', 'MAIN STREET'}, usando '38 AVENUE'
[COL] BIN 4112310: 'House No' conflicto {'135-45', '135-41'}, usando '135-41'
[COL] BIN 4112311: 'House No' conflicto {'39-12', '39-16'}, usando '39-12'
[COL] BIN 4112312: 'House No' conflicto {'135-29', '135-31'}, usando '135-31'
[COL] BIN 4112330: 'House No' conflicto {'136-05', '36-63'}, usando '36-63'
[COL] BIN 4112330: 'Street Name' conflicto {'37 AVENUE', 'MAIN STREET'}, usando 'MAIN STREET'
[COL] BIN 4112332: 'LOT' conflicto {'4', '1'}, usando '1'
[COL] BIN 4112375: 'House No' conflicto {'136-17', '136-13'}, usando '136-17'
[COL] BIN 4112473: 'House No' conflicto {'3711', '37-11'}, usando '37-11'
[COL] BIN 4112492: 'House No' conflicto {'136-18', '136-21', '13621'}, usando '13621'
[COL] BIN 4112492: 'Street Name' conflicto {'39 AVENUE', 'ROOSEVELT AVENUE'}, usando 'ROOSEVELT AVENUE'
[COL] BIN 4112495: 'House No' conflicto {'136-52', '136-60'}, usando '136-52'
[COL] BIN 4112510: 'House No' conflicto {'136-55', '136-57'}, usando '136-55'
[COL] BIN 4112511: 'House No' conflicto {'136-51', '136-53'}, usando '136-51'
[COL] BIN 4112512: 'House No' conflicto {'136-45', '136-47'}, usando '136-47'
[COL] BIN 4113262: 'House No' conflicto {'149-45', '149-35'}, usando '149-45'
[COL] BIN 4113347: 'House No' conflicto {'37-13', '37-11'}, usando '37-13'
[COL] BIN 4113355: 'House No' conflicto {'3704', '37-04'}, usando '3704'
[COL] BIN 4113530: 'House No' conflicto {'147-34A', '147-34B', '14738'}, usando '147-34B'
[COL] BIN 4113551: 'House No' conflicto {'136-50', '136-32', '13650'}, usando '136-50'
[COL] BIN 4113557: 'House No' conflicto {'136-86', '136-84'}, usando '136-86'
[COL] BIN 4113559: 'House No' conflicto {'40-10', '40-04'}, usando '40-10'
[COL] BIN 4113631: 'House No' conflicto {'142-40', '142-40GAR'}, usando '142-40'
[COL] BIN 4113693: 'House No' conflicto {'144-77', '144-75'}, usando '144-75'
[COL] BIN 4114122: 'House No' conflicto {'4012', '40-12'}, usando '40-12'
[COL] BIN 4114123: 'House No' conflicto {'40-16', '40-14'}, usando '40-16'
[COL] BIN 4114125: 'House No' conflicto {'40-22', '13537'}, usando '40-22'
[COL] BIN 4114125: 'Street Name' conflicto {'MAIN STREET', '40 ROAD'}, usando 'MAIN STREET'
[COL] BIN 4114203: 'House No' conflicto {'13209', '132-09'}, usando '13209'
[COL] BIN 4114237: 'House No' conflicto {'41-22', '41-20', '41-16', '41-18'}, usando '41-22'
[COL] BIN 4114281: 'House No' conflicto {'41-31', '41-31A'}, usando '41-31'
[COL] BIN 4114293: 'House No' conflicto {'41-59', '41-61', '138-50', '140-15'}, usando '140-15'
[COL] BIN 4114293: 'Street Name' conflicto {'BARCLAY AVENUE', 'KISSENA BOULEVARD', 'SANFORD AVENUE'}, usando 'SANFORD AVENUE'
[COL] BIN 4114787: 'House No' conflicto {'147-02', '147-10'}, usando '147-10'
[COL] BIN 4114864: 'House No' conflicto {'149-24', '149-22'}, usando '149-22'
[COL] BIN 4114916: 'House No' conflicto {'4113', '41-13'}, usando '41-13'
[COL] BIN 4115155: 'House No' conflicto {'132-33', '132-31'}, usando '132-31'
[COL] BIN 4115369: 'House No' conflicto {'133-38', '13338'}, usando '133-38'
[COL] BIN 4115400: 'House No' conflicto {'42-02', '134-54'}, usando '42-02'
[COL] BIN 4115400: 'Street Name' conflicto {'MAIN STREET', 'MAPLE AVENUE'}, usando 'MAIN STREET'
[COL] BIN 4115673: 'House No' conflicto {'4220', '42-20'}, usando '42-20'
[COL] BIN 4115869: 'House No' conflicto {'42-57', '42-10'}, usando '42-10'
[COL] BIN 4115869: 'Street Name' conflicto {'MAIN STREET', 'COLDEN STREET'}, usando 'COLDEN STREET'
[COL] BIN 4115907: 'House No' conflicto {'44-04', '44-10'}, usando '44-10'
[COL] BIN 4116333: 'LOT' conflicto {'7501', '6'}, usando '7501'
[COL] BIN 4116427: 'House No' conflicto {'45-10', '137-75'}, usando '45-10'
[COL] BIN 4116427: 'Street Name' conflicto {'KISSENA BOULEVARD', 'GERANIUM AVENUE'}, usando 'KISSENA BOULEVARD'
[COL] BIN 4117042: 'House No' conflicto {'142-41', '41-94'}, usando '41-94'
[COL] BIN 4117042: 'Street Name' conflicto {'FRANKLIN AVENUE', 'BOWNE STREET'}, usando 'BOWNE STREET'
[COL] BIN 4117051: 'House No' conflicto {'142-20', '14220'}, usando '14220'
[COL] BIN 4117219: 'House No' conflicto {'44-39', '44-35', '44-29B'}, usando '44-29B'
[COL] BIN 4117221: 'House No' conflicto {'44-03', '44-09', '44-05', '4409'}, usando '4409'
[COL] BIN 4117564: 'Street Name' conflicto {'HAWTHORNE AVENUE', 'HAWTHORN AVENUE'}, usando 'HAWTHORNE AVENUE'
[COL] BIN 4117584: 'Street Name' conflicto {'HAWTHORNE AVENUE', 'HAWTHORN AVENUE'}, usando 'HAWTHORNE AVENUE'
[COL] BIN 4118539: 'House No' conflicto {'33-82', '3382'}, usando '33-82'
[COL] BIN 4119278: 'House No' conflicto {'156-09', '156-13'}, usando '156-13'
[COL] BIN 4119306: 'House No' conflicto {'158-23', '158-17', '35-74', '158-25', '158-21', '158-19'}, usando '35-74'
[COL] BIN 4119306: 'Street Name' conflicto {'NORTHERN BOULEVARD', '159 STREET'}, usando '159 STREET'
[COL] BIN 4119373: 'House No' conflicto {'159-15', '159-21', '159-01', '159-27'}, usando '159-01'
[COL] BIN 4119544: 'House No' conflicto {'3601', '162-07'}, usando '3601'
[COL] BIN 4119544: 'Street Name' conflicto {'162 STREET', 'DEPOT ROAD'}, usando '162 STREET'
[COL] BIN 4119568: 'House No' conflicto {'36-09A', '164-10'}, usando '36-09A'
[COL] BIN 4119568: 'Street Name' conflicto {'CROCHERON AVENUE', '164 STREET'}, usando '164 STREET'
[COL] BIN 4120240: 'House No' conflicto {'192-25', '192-07', '192-23'}, usando '192-23'
[COL] BIN 4120470: 'House No' conflicto {'162-02', '162-04'}, usando '162-04'
[COL] BIN 4120494: 'House No' conflicto {'163-30', '163-28'}, usando '163-28'
[COL] BIN 4120500: 'House No' conflicto {'163-08', '163-02'}, usando '163-02'
[COL] BIN 4121140: 'House No' conflicto {'194-11', '194-15'}, usando '194-15'
[COL] BIN 4121765: 'House No' conflicto {'42-09', '4209'}, usando '42-09'
[COL] BIN 4121969: 'House No' conflicto {'147-05', '147-07'}, usando '147-07'
[COL] BIN 4124341: 'House No' conflicto {'191-22', '191-32'}, usando '191-32'
[COL] BIN 4124424: 'House No' conflicto {'192-22', '192-14', '192-20'}, usando '192-14'
[COL] BIN 4125217: 'House No' conflicto {'202-22', '202-28'}, usando '202-28'
[COL] BIN 4128231: 'House No' conflicto {'5637', '56-37'}, usando '5637'
[COL] BIN 4129316: 'House No' conflicto {'21-36', '21-64', '21-38'}, usando '21-64'
[COL] BIN 4129459: 'House No' conflicto {'25-71', '25-79', '25-75', '2567'}, usando '25-79'
[COL] BIN 4129769: 'House No' conflicto {'19-03', '19-09'}, usando '19-03'
[COL] BIN 4130110: 'House No' conflicto {'208-02', '208-30'}, usando '208-02'
[COL] BIN 4135117: 'House No' conflicto {'34-03', '34-01'}, usando '34-03'
[COL] BIN 4135397: 'House No' conflicto {'34-16', '3416'}, usando '3416'
[COL] BIN 4135975: 'House No' conflicto {'214-33', '214-43'}, usando '214-33'
[COL] BIN 4136569: 'House No' conflicto {'36-41', '36-49', '36-45', '36-51'}, usando '36-45'
[COL] BIN 4137558: 'House No' conflicto {'4004A', '40-04A'}, usando '40-04A'
[COL] BIN 4137572: 'House No' conflicto {'213-41', '38-35', '213-33', '38-39', '213-37'}, usando '213-41'
[COL] BIN 4137572: 'Street Name' conflicto {'39 AVENUE', 'BELL BOULEVARD'}, usando '39 AVENUE'
[COL] BIN 4137574: 'House No' conflicto {'38-15', '38-17'}, usando '38-15'
[COL] BIN 4138178: 'House No' conflicto {'209-01', '43-31', '43-30'}, usando '209-01'
[COL] BIN 4138178: 'Street Name' conflicto {'CORPORAL KENNEDY STREET', 'NORTHERN BOULEVARD', '209 STREET'}, usando 'NORTHERN BOULEVARD'
[COL] BIN 4138185: 'House No' conflicto {'210-21', '210-15'}, usando '210-15'
[COL] BIN 4138320: 'House No' conflicto {'42-15', '42-11'}, usando '42-15'
[COL] BIN 4138358: 'House No' conflicto {'43-23', '4323'}, usando '4323'
[COL] BIN 4138360: 'House No' conflicto {'43-17', '43-13', '43-09'}, usando '43-09'
[COL] BIN 4138709: 'House No' conflicto {'220-05', '220-15'}, usando '220-15'
[COL] BIN 4139433: 'House No' conflicto {'136-02', '57-05'}, usando '136-02'
[COL] BIN 4139433: 'Street Name' conflicto {'136 STREET', 'BOOTH MEMORIAL AVENUE'}, usando 'BOOTH MEMORIAL AVENUE'
[COL] BIN 4140073: 'House No' conflicto {'57-11', '57-05'}, usando '57-05'
[COL] BIN 4141486: 'House No' conflicto {'59-16', '59-14'}, usando '59-14'
[COL] BIN 4141570: 'House No' conflicto {'6818', '68-14'}, usando '68-14'
[COL] BIN 4143376: 'House No' conflicto {'71-24', '71-34'}, usando '71-34'
[COL] BIN 4144134: 'House No' conflicto {'73-01', '73-09'}, usando '73-09'
[COL] BIN 4144378: 'House No' conflicto {'79-15', '79-27', '79-23'}, usando '79-15'
[COL] BIN 4146188: 'House No' conflicto {'59-25', '5925'}, usando '59-25'
[COL] BIN 4146991: 'House No' conflicto {'70-09', '70-63', '70-11', '70-39', '70-43'}, usando '70-11'
[COL] BIN 4148338: 'House No' conflicto {'78-34', '78-40'}, usando '78-34'
[DUP] BIN 4148923: Job Filing duplicado 'Q00699362-P3' eliminado
[COL] BIN 4149719: 'House No' conflicto {'68-12', '68-22'}, usando '68-12'
[COL] BIN 4151767: 'House No' conflicto {'168-11', '168-01'}, usando '168-11'
[COL] BIN 4152001: 'House No' conflicto {'176-19', '176-35'}, usando '176-35'
[COL] BIN 4152768: 'House No' conflicto {'61-04', '61-10'}, usando '61-10'
[COL] BIN 4153294: 'House No' conflicto {'6111', '61-11'}, usando '61-11'
[COL] BIN 4154571: 'House No' conflicto {'176-71', '176-67', '176-61'}, usando '176-61'
[COL] BIN 4154722: 'House No' conflicto {'179-01', '179-03A', '179-03'}, usando '179-03'
[COL] BIN 4155125: 'House No' conflicto {'190-21', '190-11'}, usando '190-11'
[COL] BIN 4155336: 'House No' conflicto {'75-15', '7515'}, usando '75-15'
[COL] BIN 4155424: 'House No' conflicto {'80-12', '80-02'}, usando '80-02'
[COL] BIN 4155495: 'House No' conflicto {'181-08', '181-22'}, usando '181-22'
[COL] BIN 4156125: 'House No' conflicto {'187-06', '186-16'}, usando '186-16'
[COL] BIN 4156312: 'House No' conflicto {'188-18', '188-16'}, usando '188-16'
[COL] BIN 4157332: 'House No' conflicto {'47-02', '47-04', '47-16'}, usando '47-16'
[COL] BIN 4157334: 'House No' conflicto {'47-40', '47-36'}, usando '47-36'
[COL] BIN 4157337: 'House No' conflicto {'45-63', '45-61'}, usando '45-61'
[COL] BIN 4162112: 'House No' conflicto {'61-39', '217-03'}, usando '61-39'
[COL] BIN 4162112: 'Street Name' conflicto {'64 AVENUE', '217 STREET'}, usando '217 STREET'
[COL] BIN 4162211: 'House No' conflicto {'220-10', '220-06'}, usando '220-10'
[COL] BIN 4162212: 'House No' conflicto {'220-18', '6128', '61-02'}, usando '220-18'
[COL] BIN 4162212: 'Street Name' conflicto {'HORACE HARDING EXPRESSWAY', 'SPRINGFIELD BOULEVARD'}, usando 'HORACE HARDING EXPRESSWAY'
[COL] BIN 4163156: 'House No' conflicto {'61-17', '61-13', '61-21', '61-03'}, usando '61-21'
[COL] BIN 4163157: 'House No' conflicto {'221-16', '221-06', '221-28', '221-04'}, usando '221-06'
[COL] BIN 4164950: 'House No' conflicto {'222-20', '222-02'}, usando '222-02'
[COL] BIN 4165244: 'House No' conflicto {'219-11', '21911'}, usando '21911'
[COL] BIN 4165627: 'House No' conflicto {'224-01', '7835'}, usando '224-01'
[COL] BIN 4165627: 'Street Name' conflicto {'UNION TURNPIKE', 'SPRINGFIELD BOULEVARD'}, usando 'UNION TURNPIKE'
[COL] BIN 4165857: 'House No' conflicto {'220-09', '220-05'}, usando '220-09'
[COL] BIN 4168148: 'House No' conflicto {'237', '237-37'}, usando '237'
[COL] BIN 4169059: 'House No' conflicto {'248-27', '248-25'}, usando '248-25'
[COL] BIN 4169387: 'House No' conflicto {'251-07', '251-09'}, usando '251-09'
[COL] BIN 4169409: 'House No' conflicto {'253-11', '25311'}, usando '253-11'
[COL] BIN 4170873: 'House No' conflicto {'251-18', '251-20'}, usando '251-20'
[DUP] BIN 4171423: Job Filing duplicado 'Q00620631-P6' eliminado
[COL] BIN 4171502: 'House No' conflicto {'254-57', '254-41', '254-21', '254-55'}, usando '254-57'
[COL] BIN 4171502: 'Street Name' conflicto {'NASSAU BOULEVARD', 'HORACE HARDING EXPRESSWAY'}, usando 'HORACE HARDING EXPRESSWAY'
[COL] BIN 4171529: 'House No' conflicto {'253-16', '253-20'}, usando '253-16'
[COL] BIN 4171647: 'House No' conflicto {'47-27', '4727'}, usando '47-27'
[COL] BIN 4171723: 'House No' conflicto {'245-24', '245-02', '245-34'}, usando '245-02'
[COL] BIN 4172803: 'House No' conflicto {'249-04', '5611', '249-10', '249-26'}, usando '5611'
[COL] BIN 4172803: 'Street Name' conflicto {'HORACE HARDING EXPRESSWAY', 'MARATHON PARKWAY'}, usando 'MARATHON PARKWAY'
[COL] BIN 4173780: 'House No' conflicto {'248-15', '248-27', '248-21', '248-01', '248-05'}, usando '248-27'
[COL] BIN 4175485: 'House No' conflicto {'249-02', '249-20', '249-12'}, usando '249-20'
[COL] BIN 4176886: 'Street Name' conflicto {'JAMAICA AVENUE', 'JERICHO TURNPIKE'}, usando 'JERICHO TURNPIKE'
[COL] BIN 4176971: 'Street Name' conflicto {'JAMAICA AVENUE', 'JERICHO TURNPIKE'}, usando 'JAMAICA AVENUE'
[COL] BIN 4177259: 'House No' conflicto {'271-18', '271-20', '271-02', '271-06'}, usando '271-02'
[COL] BIN 4179553: 'House No' conflicto {'83 23', '83-23'}, usando '83 23'
[COL] BIN 4179626: 'House No' conflicto {'268-03', '268-01'}, usando '268-01'
[COL] BIN 4179641: 'House No' conflicto {'270-07', '270-03'}, usando '270-07'
[COL] BIN 4179814: 'House No' conflicto {'8411', '84-11'}, usando '84-11'
[COL] BIN 4180720: 'Street Name' conflicto {'JAMAICA AVENUE', 'JERICHO TURNPIKE'}, usando 'JERICHO TURNPIKE'
[COL] BIN 4183829: 'House No' conflicto {'8607', '86-07'}, usando '8607'
[COL] BIN 4184428: 'House No' conflicto {'87-03', '87-05'}, usando '87-05'
[COL] BIN 4187907: 'House No' conflicto {'7511', '75-11'}, usando '75-11'
[COL] BIN 4188713: 'Street Name' conflicto {'Liberty Avenue', 'LIBERTY AVENUE'}, usando 'LIBERTY AVENUE'
[COL] BIN 4188969: 'House No' conflicto {'8409', '84-09'}, usando '84-09'
[COL] BIN 4191033: 'House No' conflicto {'9424', '94-24'}, usando '9424'
[COL] BIN 4191192: 'House No' conflicto {'106-02', '97-08'}, usando '97-08'
[COL] BIN 4191192: 'Street Name' conflicto {'ROCKAWAY BOULEVARD', '98 STREET'}, usando 'ROCKAWAY BOULEVARD'
[COL] BIN 4194032: 'House No' conflicto {'133-15', '132-40'}, usando '132-40'
[COL] BIN 4194032: 'Street Name' conflicto {'JAMAICA AVENUE', 'METROPOLITAN AVENUE'}, usando 'METROPOLITAN AVENUE'
[COL] BIN 4195217: 'House No' conflicto {'92-01', '9201'}, usando '9201'
[COL] BIN 4195396: 'House No' conflicto {'91-28', '9128'}, usando '9128'
[COL] BIN 4195688: 'House No' conflicto {'113 -02', '89-30'}, usando '89-30'
[COL] BIN 4195688: 'Street Name' conflicto {'114 STREET', '89 AVENUE'}, usando '114 STREET'
[COL] BIN 4195899: 'House No' conflicto {'87-67', '8767'}, usando '8767'
[COL] BIN 4196595: 'House No' conflicto {'9133', '91-33'}, usando '9133'
[COL] BIN 4197020: 'House No' conflicto {'102-34', '102-20', '102-14', '102-02'}, usando '102-20'
[COL] BIN 4197086: 'House No' conflicto {'104-08', '104-10'}, usando '104-10'
[COL] BIN 4198431: 'House No' conflicto {'101-17', '104-06', '101-20'}, usando '104-06'
[COL] BIN 4198431: 'Street Name' conflicto {'105 STREET', '104 STREET', '101 AVENUE'}, usando '101 AVENUE'
[COL] BIN 4202599: 'House No' conflicto {'113-18', '113-14'}, usando '113-18'
[COL] BIN 4204455: 'House No' conflicto {'123-02', '123-06'}, usando '123-06'
[COL] BIN 4206515: 'House No' conflicto {'138-52', '138-01'}, usando '138-52'
[COL] BIN 4206515: 'Street Name' conflicto {'84 DRIVE', 'QUEENS BOULEVARD'}, usando '84 DRIVE'
[COL] BIN 4206535: 'House No' conflicto {'82-34', '82-30'}, usando '82-34'
[COL] BIN 4206748: 'House No' conflicto {'89-02', '8900'}, usando '8900'
[COL] BIN 4207072: 'House No' conflicto {'87-81', '147-03'}, usando '147-03'
[COL] BIN 4207072: 'Street Name' conflicto {'SUTPHIN BOULEVARD', '88 AVENUE'}, usando '88 AVENUE'
[COL] BIN 4207319: 'House No' conflicto {'14401', '144-01'}, usando '144-01'
[COL] BIN 4207478: 'House No' conflicto {'87-52 A', '153-33'}, usando '153-33'
[COL] BIN 4207478: 'Street Name' conflicto {'HILLSIDE AVENUE', 'PARSONS BOULEVARD'}, usando 'HILLSIDE AVENUE'
[COL] BIN 4208040: 'House No' conflicto {'85 15', '85-15'}, usando '85-15'
[COL] BIN 4208820: 'House No' conflicto {'155-33', '155-27'}, usando '155-27'
[COL] BIN 4208831: 'House No' conflicto {'89-14', '153-30'}, usando '89-14'
[COL] BIN 4208831: 'Street Name' conflicto {'PARSONS BOULEVARD', '89 AVENUE'}, usando 'PARSONS BOULEVARD'
[COL] BIN 4208839: 'House No' conflicto {'159-27', '159-29'}, usando '159-29'
[COL] BIN 4208939: 'House No' conflicto {'88-13', '88-33'}, usando '88-13'
[COL] BIN 4209597: 'House No' conflicto {'165-13', '165-25', '91-14', '165-19'}, usando '165-13'
[COL] BIN 4209597: 'Street Name' conflicto {'JAMAICA AVENUE', 'MERRICK BOULEVARD'}, usando 'JAMAICA AVENUE'
[COL] BIN 4209605: 'House No' conflicto {'89-01', '89-15'}, usando '89-15'
[COL] BIN 4209605: 'LOT' conflicto {'65', '7501'}, usando '65'
[COL] BIN 4209627: 'House No' conflicto {'90-03', '90-01'}, usando '90-01'
[COL] BIN 4209641: 'House No' conflicto {'168-23', '168-46'}, usando '168-23'
[COL] BIN 4209641: 'Street Name' conflicto {'JAMAICA AVENUE', '91 AVENUE'}, usando 'JAMAICA AVENUE'
[COL] BIN 4209740: 'House No' conflicto {'170-09', '170-07'}, usando '170-07'
[COL] BIN 4210455: 'House No' conflicto {'87-50', '166-01'}, usando '87-50'
[COL] BIN 4210455: 'Street Name' conflicto {'167 STREET', 'HILLSIDE AVENUE'}, usando '167 STREET'
[COL] BIN 4210573: 'House No' conflicto {'169-09', '169-01'}, usando '169-01'
[COL] BIN 4210593: 'House No' conflicto {'172-27', '172-41'}, usando '172-41'
[COL] BIN 4212376: 'House No' conflicto {'180-04', '180-02'}, usando '180-04'
[COL] BIN 4212419: 'House No' conflicto {'181-02', '181-14'}, usando '181-14'
[COL] BIN 4212425: 'House No' conflicto {'88-15', '8815'}, usando '8815'
[COL] BIN 4213687: 'House No' conflicto {'138-42', '138-50'}, usando '138-50'
[COL] BIN 4213976: 'House No' conflicto {'9053', '90-53'}, usando '9053'
[COL] BIN 4215611: 'House No' conflicto {'94-36', '94-50'}, usando '94-36'
[COL] BIN 4215612: 'House No' conflicto {'159-26', '159-02', '92-21'}, usando '159-02'
[COL] BIN 4215612: 'Street Name' conflicto {'JAMAICA AVENUE', 'PARSONS BOULEVARD'}, usando 'JAMAICA AVENUE'
[COL] BIN 4215630: 'House No' conflicto {'9420', '94-20'}, usando '94-20'
[COL] BIN 4216202: 'House No' conflicto {'163-40', '163-34'}, usando '163-40'
[COL] BIN 4216231: 'House No' conflicto {'165-25', '162-25'}, usando '165-25'
[COL] BIN 4218175: 'House No' conflicto {'10517', '105-17'}, usando '105-17'
[COL] BIN 4219703: 'LOT' conflicto {'31', '33'}, usando '33'
[COL] BIN 4219736: 'House No' conflicto {'110-60', '110-80'}, usando '110-80'
[COL] BIN 4220121: 'House No' conflicto {'104-03', '10403'}, usando '104-03'
[COL] BIN 4222062: 'House No' conflicto {'112-20', '112-12'}, usando '112-20'
[COL] BIN 4222137: 'House No' conflicto {'90-11', '191-2'}, usando '191-2'
[COL] BIN 4222137: 'Street Name' conflicto {'191 STREET', '90 AVENUE'}, usando '90 AVENUE'
[COL] BIN 4223840: 'Street Name' conflicto {'MC LAUGHLIN AVENUE', 'MCLAUGHLIN AVENUE'}, usando 'MC LAUGHLIN AVENUE'
[COL] BIN 4224180: 'Street Name' conflicto {'MC LAUGHLIN AVENUE', 'MCLAUGHLIN AVENUE'}, usando 'MC LAUGHLIN AVENUE'
[COL] BIN 4224410: 'House No' conflicto {'202-15', '204-13', '205-03', '202-21', '204-11', '205-07'}, usando '202-15'
[COL] BIN 4227995: 'House No' conflicto {'8992', '89-92'}, usando '89-92'
[COL] BIN 4234385: 'House No' conflicto {'206-10', '206-04'}, usando '206-04'
[COL] BIN 4238003: 'House No' conflicto {'20701', '207-01'}, usando '207-01'
[COL] BIN 4238205: 'House No' conflicto {'189-05', '189-01'}, usando '189-05'
[COL] BIN 4238593: 'House No' conflicto {'116-23', '11623'}, usando '11623'
[COL] BIN 4244380: 'House No' conflicto {'221-15', '221-19'}, usando '221-19'
[COL] BIN 4245690: 'House No' conflicto {'135-32', '135-26'}, usando '135-32'
[COL] BIN 4246916: 'House No' conflicto {'82-43', '82-17', '82-09', '82-11'}, usando '82-43'
[COL] BIN 4247860: 'House No' conflicto {'107-06', '107-08'}, usando '107-08'
[COL] BIN 4257165: 'House No' conflicto {'117-18', '150-06'}, usando '117-18'
[COL] BIN 4257165: 'Street Name' conflicto {'150 AVENUE', '118 STREET'}, usando '150 AVENUE'
[COL] BIN 4261207: 'House No' conflicto {'120-25', '120-27'}, usando '120-27'
[COL] BIN 4262729: 'House No' conflicto {'149-04', '149-20'}, usando '149-04'
[COL] BIN 4263103: 'House No' conflicto {'150-10', '150-14'}, usando '150-14'
[COL] BIN 4264545: 'LOT' conflicto {'52', '51'}, usando '51'
[COL] BIN 4265258: 'House No' conflicto {'119-43', '119 - 43'}, usando '119 - 43'
[COL] BIN 4268328: 'House No' conflicto {'122-05', '122-15'}, usando '122-15'
[COL] BIN 4268835: 'House No' conflicto {'177-01', '117-05'}, usando '117-05'
[COL] BIN 4268835: 'Street Name' conflicto {'BAISLEY BOULEVARD', 'MERRICK BOULEVARD'}, usando 'MERRICK BOULEVARD'
[COL] BIN 4268896: 'House No' conflicto {'187-16', '187-18'}, usando '187-18'
[COL] BIN 4271964: 'House No' conflicto {'201-06', '201-02'}, usando '201-02'
[COL] BIN 4272242: 'House No' conflicto {'20502', '205-02'}, usando '20502'
[COL] BIN 4276382: 'House No' conflicto {'120-13', '120-45'}, usando '120-45'
[COL] BIN 4279521: 'House No' conflicto {'234-01', '234-21'}, usando '234-01'
[COL] BIN 4279935: 'House No' conflicto {'134-66', '134-40', '184-04'}, usando '134-40'
[COL] BIN 4279935: 'Street Name' conflicto {'MERRICK BOULEVARD', 'SPRINGFIELD BOULEVARD'}, usando 'SPRINGFIELD BOULEVARD'
[COL] BIN 4282609: 'House No' conflicto {'230-14', '230-22'}, usando '230-22'
[COL] BIN 4286164: 'House No' conflicto {'147-09', '147-04'}, usando '147-04'
[COL] BIN 4286164: 'Street Name' conflicto {'182 STREET', '183 STREET'}, usando '183 STREET'
[COL] BIN 4287997: 'House No' conflicto {'144-02', '144-04'}, usando '144-04'
[COL] BIN 4288433: 'House No' conflicto {'144-15', '144-11'}, usando '144-15'
[COL] BIN 4293775: 'Street Name' conflicto {'CROSS BAY BOULEVARD', 'CROSSBAY BOULEVARD'}, usando 'CROSS BAY BOULEVARD'
[COL] BIN 4298255: 'House No' conflicto {'10-06', '1006', '1002'}, usando '1006'
[COL] BIN 4298257: 'House No' conflicto {'1024', '1028', '1026'}, usando '1028'
[COL] BIN 4298257: 'Street Name' conflicto {'B   20 STREET', 'BEACH   20 STREET'}, usando 'BEACH   20 STREET'
[COL] BIN 4298263: 'House No' conflicto {'19-33', '1931'}, usando '19-33'
[COL] BIN 4298968: 'House No' conflicto {'7-11D', '711', '711D'}, usando '7-11D'
[COL] BIN 4300145: 'House No' conflicto {'20-17', '1063'}, usando '1063'
[COL] BIN 4300145: 'Street Name' conflicto {'MOTT AVENUE', 'BEACH   20 STREET'}, usando 'BEACH   20 STREET'
[COL] BIN 4300150: 'House No' conflicto {'10-27', '1027'}, usando '1027'
[COL] BIN 4300166: 'House No' conflicto {'21-01', '21-07'}, usando '21-01'
[COL] BIN 4300730: 'House No' conflicto {'25-03', '821', '8-21'}, usando '821'
[COL] BIN 4300730: 'Street Name' conflicto {'BAY   25 STREET', 'CORNAGA AVENUE'}, usando 'BAY   25 STREET'
[COL] BIN 4300869: 'House No' conflicto {'3212', '701'}, usando '701'
[COL] BIN 4300869: 'Street Name' conflicto {'BAY   32 STREET', 'BEACH CHANNEL DRIVE'}, usando 'BAY   32 STREET'
[COL] BIN 4300870: 'House No' conflicto {'32-11', '32-29'}, usando '32-11'
[COL] BIN 4300884: 'House No' conflicto {'22-10', '2210'}, usando '22-10'
[COL] BIN 4301264: 'House No' conflicto {'235', '229', '231'}, usando '235'
[COL] BIN 4301622: 'House No' conflicto {'125', '135'}, usando '135'
[COL] BIN 4301925: 'House No' conflicto {'3-50', '350'}, usando '350'
[COL] BIN 4303429: 'House No' conflicto {'8714', '87-14B'}, usando '8714'
[COL] BIN 4303596: 'House No' conflicto {'86-09', '8615', '88-07', '87-15', '86-11'}, usando '8615'
[COL] BIN 4303685: 'House No' conflicto {'9618', '96-18'}, usando '9618'
[COL] BIN 4303699: 'House No' conflicto {'99-02B', '9904A'}, usando '99-02B'
[COL] BIN 4303700: 'House No' conflicto {'100-16', '100-12'}, usando '100-12'
[COL] BIN 4303731: 'House No' conflicto {'2-02', '202'}, usando '202'
[COL] BIN 4303820: 'House No' conflicto {'105-20', '105-02'}, usando '105-20'
[COL] BIN 4303853: 'House No' conflicto {'190', '1-90'}, usando '1-90'
[COL] BIN 4303901: 'House No' conflicto {'1-40', '140'}, usando '1-40'
[COL] BIN 4304878: 'Street Name' conflicto {'BEACH 120 STREET', 'BEACH  120 STREET'}, usando 'BEACH 120 STREET'
[COL] BIN 4305214: 'LOT' conflicto {'42', '40'}, usando '42'
[COL] BIN 4307241: 'House No' conflicto {'42-27', '4227'}, usando '42-27'
[COL] BIN 4307915: 'House No' conflicto {'111-29', '111-01', '111-15', '111-20'}, usando '111-20'
[COL] BIN 4307915: 'Street Name' conflicto {'73 AVENUE', 'QUEENS BOULEVARD'}, usando '73 AVENUE'
[COL] BIN 4308252: 'House No' conflicto {'11078', '110-34', '110-76'}, usando '11078'
[COL] BIN 4308252: 'Street Name' conflicto {'73 ROAD', 'QUEENS BOULEVARD'}, usando 'QUEENS BOULEVARD'
[COL] BIN 4308413: 'House No' conflicto {'132-17', '132-19'}, usando '132-19'
[COL] BIN 4308806: 'House No' conflicto {'3617', '136-08', '36-17', '36-09'}, usando '136-08'
[COL] BIN 4308806: 'Street Name' conflicto {'MAIN STREET', 'NORTHERN BOULEVARD'}, usando 'NORTHERN BOULEVARD'
[COL] BIN 4309523: 'House No' conflicto {'41-53', '136-05', '41-45', '41-41'}, usando '41-41'
[COL] BIN 4309523: 'Street Name' conflicto {'MAIN STREET', 'SANFORD AVENUE'}, usando 'MAIN STREET'
[COL] BIN 4309526: 'House No' conflicto {'41-25', '41-19', '41-01', '41-09', '41-21B', '41-21A', '41-39'}, usando '41-19'
[COL] BIN 4311314: 'House No' conflicto {'40-35', '40-23'}, usando '40-35'
[COL] BIN 4311538: 'House No' conflicto {'25-30', '2530'}, usando '2530'
[COL] BIN 4311899: 'House No' conflicto {'33-05', '21-77', '3307', '33-01'}, usando '21-77'
[COL] BIN 4311899: 'Street Name' conflicto {'33 STREET', 'DITMARS BOULEVARD'}, usando '33 STREET'
[COL] BIN 4311947: 'House No' conflicto {'82-51', '82-35'}, usando '82-51'
[COL] BIN 4312087: 'House No' conflicto {'119-45', '118-30', '119-49'}, usando '118-30'
[COL] BIN 4312087: 'Street Name' conflicto {'UNION TURNPIKE', 'QUEENS BOULEVARD'}, usando 'QUEENS BOULEVARD'
[COL] BIN 4312090: 'House No' conflicto {'123-25', '120-80'}, usando '120-80'
[COL] BIN 4312090: 'Street Name' conflicto {'QUEENS BOULEVARD', '82 AVENUE'}, usando 'QUEENS BOULEVARD'
[COL] BIN 4312189: 'House No' conflicto {'142-53', '142-41'}, usando '142-41'
[COL] BIN 4312614: 'House No' conflicto {'85-15', '8515'}, usando '85-15'
[COL] BIN 4314649: 'House No' conflicto {'70-15', '70-17'}, usando '70-15'
[COL] BIN 4315205: 'House No' conflicto {'83-55', '8355'}, usando '83-55'
[COL] BIN 4315343: 'House No' conflicto {'8315', '83-15'}, usando '83-15'
[COL] BIN 4430172: 'House No' conflicto {'43-40', '44-02'}, usando '43-40'
[COL] BIN 4430185: 'House No' conflicto {'40-08', '34-17', '34-15'}, usando '34-17'
[COL] BIN 4430185: 'Street Name' conflicto {'34 AVENUE', 'STEINWAY STREET'}, usando 'STEINWAY STREET'
[COL] BIN 4430690: 'House No' conflicto {'12-50', '35-20'}, usando '35-20'
[COL] BIN 4430690: 'Street Name' conflicto {'35 AVENUE', '21 STREET'}, usando '21 STREET'
[COL] BIN 4430693: 'House No' conflicto {'35-32', '35-40'}, usando '35-32'
[COL] BIN 4430704: 'House No' conflicto {'21-10', '35-05'}, usando '21-10'
[COL] BIN 4430704: 'Street Name' conflicto {'35 AVENUE', '21 STREET'}, usando '35 AVENUE'
[COL] BIN 4430708: 'House No' conflicto {'21-20', '21-30'}, usando '21-20'
[COL] BIN 4430711: 'House No' conflicto {'35-06', '35-02'}, usando '35-06'
[COL] BIN 4430780: 'House No' conflicto {'3-04', '3-02'}, usando '3-04'
[COL] BIN 4430811: 'House No' conflicto {'33-64', '33-68'}, usando '33-64'
[COL] BIN 4430879: 'House No' conflicto {'21-25', '21-15'}, usando '21-15'
[COL] BIN 4430908: 'House No' conflicto {'50-43', '31-76'}, usando '31-76'
[COL] BIN 4430908: 'Street Name' conflicto {'BROADWAY', '51 STREET'}, usando '51 STREET'
[COL] BIN 4430914: 'House No' conflicto {'30-02', '30-08'}, usando '30-02'
[COL] BIN 4430993: 'House No' conflicto {'50-37', '50-25'}, usando '50-25'
[COL] BIN 4430995: 'House No' conflicto {'31-42', '31-46'}, usando '31-42'
[COL] BIN 4431002: 'House No' conflicto {'50-01', '50-03'}, usando '50-01'
[COL] BIN 4431053: 'House No' conflicto {'5523', '55-23'}, usando '55-23'
[COL] BIN 4431231: 'House No' conflicto {'2446', '24-46'}, usando '24-46'
[COL] BIN 4431251: 'House No' conflicto {'55-01', '55-03'}, usando '55-03'
[COL] BIN 4431256: 'House No' conflicto {'3045', '30-45'}, usando '30-45'
[COL] BIN 4431369: 'House No' conflicto {'88-09', '88-01'}, usando '88-01'
[COL] BIN 4431717: 'House No' conflicto {'41-46', '41-48'}, usando '41-48'
[COL] BIN 4431969: 'House No' conflicto {'98-19', '9819'}, usando '98-19'
[COL] BIN 4432046: 'House No' conflicto {'102-30', '102-10'}, usando '102-10'
[COL] BIN 4432055: 'House No' conflicto {'103-39', '103-27'}, usando '103-39'
[COL] BIN 4432063: 'House No' conflicto {'105-24', '105-25'}, usando '105-25'
[COL] BIN 4432063: 'Street Name' conflicto {'64 ROAD', '65 AVENUE'}, usando '65 AVENUE'
[COL] BIN 4432065: 'House No' conflicto {'64-35', '105-01'}, usando '64-35'
[COL] BIN 4432065: 'Street Name' conflicto {'YELLOWSTONE BOULEVARD', '65 AVENUE'}, usando 'YELLOWSTONE BOULEVARD'
[COL] BIN 4432104: 'House No' conflicto {'67-07', '67-11'}, usando '67-11'
[COL] BIN 4432220: 'House No' conflicto {'52-54', '52-60'}, usando '52-60'
[COL] BIN 4432406: 'House No' conflicto {'6111', '61-11'}, usando '6111'
[COL] BIN 4433108: 'House No' conflicto {'94-31', '94-27'}, usando '94-31'
[COL] BIN 4433142: 'House No' conflicto {'35-57', '11-01'}, usando '11-01'
[COL] BIN 4433142: 'Street Name' conflicto {'36 AVENUE', '11 STREET'}, usando '36 AVENUE'
[COL] BIN 4433296: 'House No' conflicto {'141-10', '141-16'}, usando '141-10'
[COL] BIN 4433297: 'House No' conflicto {'141-15', '141-09'}, usando '141-09'
[COL] BIN 4433299: 'House No' conflicto {'25-18', '25-12'}, usando '25-12'
[COL] BIN 4433858: 'House No' conflicto {'104-40', '10440'}, usando '104-40'
[COL] BIN 4433884: 'House No' conflicto {'117-01', '117-01A'}, usando '117-01'
[COL] BIN 4435198: 'House No' conflicto {'62-05', '6207'}, usando '62-05'
[COL] BIN 4435868: 'House No' conflicto {'221', '2-21 A'}, usando '221'
[COL] BIN 4436085: 'House No' conflicto {'20-49', '20-51'}, usando '20-51'
[COL] BIN 4436086: 'House No' conflicto {'20-57', '20-53', '20-55'}, usando '20-55'
[COL] BIN 4436087: 'House No' conflicto {'20-45', '20-43'}, usando '20-45'
[COL] BIN 4436342: 'House No' conflicto {'170-40', '170-44'}, usando '170-40'
[COL] BIN 4436343: 'House No' conflicto {'172-14', '172-10'}, usando '172-10'
[COL] BIN 4436346: 'House No' conflicto {'172-44', '172-40'}, usando '172-44'
[COL] BIN 4436347: 'House No' conflicto {'169-47', '169-27'}, usando '169-47'
[COL] BIN 4436354: 'House No' conflicto {'165-02', '165-68', '165-20', '165-40'}, usando '165-68'
[COL] BIN 4436439: 'House No' conflicto {'444', '434'}, usando '444'
[COL] BIN 4436471: 'House No' conflicto {'316E', '312E'}, usando '312E'
[COL] BIN 4436586: 'House No' conflicto {'4746', '47-46'}, usando '4746'
[COL] BIN 4436725: 'House No' conflicto {'32-50', '3250'}, usando '32-50'
[DUP] BIN 4436744: Job Filing duplicado 'Q00650506-A3' eliminado
[COL] BIN 4437073: 'House No' conflicto {'71-06', '72-02'}, usando '72-02'
[COL] BIN 4437281: 'House No' conflicto {'8801', '88-01'}, usando '88-01'
[COL] BIN 4437481: 'House No' conflicto {'50-05', '51-05'}, usando '51-05'
[COL] BIN 4437481: 'Street Name' conflicto {'FLUSHING AVENUE', 'METROPOLITAN AVENUE'}, usando 'FLUSHING AVENUE'
[COL] BIN 4437579: 'Street Name' conflicto {'MT OLIVET CRESCENT', 'MOUNT OLIVET CRESCENT'}, usando 'MT OLIVET CRESCENT'
[COL] BIN 4437746: 'House No' conflicto {'62-22', '60-51'}, usando '62-22'
[COL] BIN 4437746: 'Street Name' conflicto {'61 STREET', 'BLEECKER STREET'}, usando '61 STREET'
[COL] BIN 4437786: 'House No' conflicto {'16-23', '16-25'}, usando '16-25'
[COL] BIN 4438111: 'House No' conflicto {'136-08', '38-03'}, usando '38-03'
[COL] BIN 4438111: 'Street Name' conflicto {'38 AVENUE', 'MAIN STREET'}, usando 'MAIN STREET'
[COL] BIN 4438267: 'House No' conflicto {'209-27', '209-35'}, usando '209-35'
[COL] BIN 4438268: 'House No' conflicto {'213-05', '213-07', '213-03', '213-11', '213-01'}, usando '213-07'
[COL] BIN 4438405: 'House No' conflicto {'87-45', '87-43'}, usando '87-45'
[COL] BIN 4438536: 'House No' conflicto {'98-31', '98-25'}, usando '98-31'
[DUP] BIN 4438629: Job Filing duplicado 'Q00989961-P1' eliminado
[COL] BIN 4438878: 'House No' conflicto {'66-87', '66-93'}, usando '66-87'
[COL] BIN 4438969: 'House No' conflicto {'156-36', '156-40', '156-40E'}, usando '156-40'
[COL] BIN 4438969: 'Street Name' conflicto {'CROSS BAY BOULEVARD', 'CROSSBAY BOULEVARD'}, usando 'CROSSBAY BOULEVARD'
[COL] BIN 4439033: 'House No' conflicto {'4-75', '4731'}, usando '4731'
[COL] BIN 4439033: 'Street Name' conflicto {'48 AVENUE', 'CENTER BOULEVARD'}, usando 'CENTER BOULEVARD'
[COL] BIN 4439095: 'House No' conflicto {'82-78', '82-72'}, usando '82-72'
[COL] BIN 4439390: 'House No' conflicto {'195-05', '195-13', '195-15'}, usando '195-13'
[COL] BIN 4439453: 'House No' conflicto {'257-01', '257-07'}, usando '257-07'
[COL] BIN 4439455: 'House No' conflicto {'259-21', '259-01', '259-15', '259-25'}, usando '259-01'
[COL] BIN 4439463: 'House No' conflicto {'212-45', '212-47', '212-49'}, usando '212-47'
[COL] BIN 4439472: 'House No' conflicto {'212-07', '212-09', '211-35', '212-01', '211-13', '211-01'}, usando '211-35'
[COL] BIN 4439481: 'House No' conflicto {'61-24', '61-34', '61-16', '61-26', '61-18'}, usando '61-26'
[COL] BIN 4439482: 'House No' conflicto {'61-40', '61-42', '61-48'}, usando '61-40'
[COL] BIN 4439602: 'House No' conflicto {'75-67', '75-35', '75-79', '76-18', '75-37'}, usando '76-18'
[COL] BIN 4439602: 'Street Name' conflicto {'31 AVENUE', '30 AVENUE'}, usando '30 AVENUE'
[COL] BIN 4439703: 'House No' conflicto {'73-16', '73-08', '215-22'}, usando '73-16'
[COL] BIN 4439703: 'Street Name' conflicto {'BELL BOULEVARD', '73 AVENUE'}, usando 'BELL BOULEVARD'
[COL] BIN 4440321: 'House No' conflicto {'29-20', '29-22A'}, usando '29-20'
[COL] BIN 4440535: 'House No' conflicto {'89-08', '8900', '89-10'}, usando '8900'
[COL] BIN 4440874: 'House No' conflicto {'82-06', '8226'}, usando '8226'
[COL] BIN 4440956: 'House No' conflicto {'255-01B', '256-03', '255-03'}, usando '256-03'
[COL] BIN 4441059: 'House No' conflicto {'4518', '45-18'}, usando '4518'
[COL] BIN 4441124: 'House No' conflicto {'47-01', '4701'}, usando '47-01'
[COL] BIN 4441757: 'House No' conflicto {'41-02', '4102'}, usando '4102'
[COL] BIN 4442229: 'House No' conflicto {'139-01', '139-07'}, usando '139-07'
[COL] BIN 4442258: 'House No' conflicto {'92-10', '9210'}, usando '9210'
[COL] BIN 4442336: 'House No' conflicto {'150', '109-30'}, usando '109-30'
[COL] BIN 4442336: 'Street Name' conflicto {'OCEAN PROMENADE', 'BEACH  110 STREET'}, usando 'OCEAN PROMENADE'
[COL] BIN 4442342: 'House No' conflicto {'9620', '96-20'}, usando '9620'
[COL] BIN 4442400: 'House No' conflicto {'43-01', '4301'}, usando '4301'
[COL] BIN 4442503: 'House No' conflicto {'30-44', '30-45'}, usando '30-44'
[COL] BIN 4442503: 'Street Name' conflicto {'42 STREET', '43 STREET'}, usando '43 STREET'
[COL] BIN 4443817: 'House No' conflicto {'39-27', '213-33', '39-35', '39-33'}, usando '39-27'
[COL] BIN 4443817: 'Street Name' conflicto {'BELL BOULEVARD', '40 AVENUE'}, usando 'BELL BOULEVARD'
[COL] BIN 4443831: 'House No' conflicto {'210-02', '210-04'}, usando '210-02'
[COL] BIN 4443857: 'House No' conflicto {'215-40', '215-42'}, usando '215-42'
[COL] BIN 4444049: 'House No' conflicto {'61-51', '61-45', '61-49'}, usando '61-49'
[COL] BIN 4444050: 'House No' conflicto {'61-17', '61-23', '61-09'}, usando '61-23'
[COL] BIN 4444191: 'House No' conflicto {'216-04', '216-02'}, usando '216-02'
[COL] BIN 4444457: 'House No' conflicto {'7303', '73-03'}, usando '73-03'
[COL] BIN 4445407: 'House No' conflicto {'320', '319'}, usando '320'
[COL] BIN 4445407: 'Street Name' conflicto {'BEACH  100 STREET', 'BEACH   98 STREET'}, usando 'BEACH  100 STREET'
[COL] BIN 4446209: 'House No' conflicto {'61-38', '61-32', '61-34', '61-36', '61-18'}, usando '61-38'
[COL] BIN 4447038: 'House No' conflicto {'2570', '25-70'}, usando '25-70'
[COL] BIN 4447305: 'House No' conflicto {'85-02 GAR', '85-02GAR'}, usando '85-02GAR'
[COL] BIN 4448758: 'House No' conflicto {'90-40', '90-36'}, usando '90-40'
[COL] BIN 4448849: 'House No' conflicto {'94-43', '94-27'}, usando '94-27'
[COL] BIN 4449393: 'House No' conflicto {'154-19 A', '154-19A'}, usando '154-19 A'
[COL] BIN 4449490: 'House No' conflicto {'79-15', '35-64'}, usando '79-15'
[COL] BIN 4449490: 'Street Name' conflicto {'80 STREET', '37 AVENUE'}, usando '37 AVENUE'
[COL] BIN 4449959: 'House No' conflicto {'142-21', '142-15'}, usando '142-15'
[COL] BIN 4450423: 'House No' conflicto {'117-01 C', '117-01C'}, usando '117-01 C'
[COL] BIN 4450809: 'House No' conflicto {'216-24', '216-26'}, usando '216-24'
[COL] BIN 4450813: 'House No' conflicto {'216-42', '216-40'}, usando '216-42'
[COL] BIN 4454120: 'LOT' conflicto {'5', '7501'}, usando '5'
[COL] BIN 4454471: 'House No' conflicto {'37-08', '37-08A'}, usando '37-08A'
[COL] BIN 4454650: 'House No' conflicto {'17-85', '1785'}, usando '1785'
[COL] BIN 4456885: 'House No' conflicto {'270-10', '272-40'}, usando '272-40'
[COL] BIN 4457114: 'House No' conflicto {'75-21B', '75-21A'}, usando '75-21B'
[COL] BIN 4457759: 'House No' conflicto {'19-12', '1912'}, usando '1912'
[COL] BIN 4458024: 'House No' conflicto {'45-00', '44-14'}, usando '44-14'
[COL] BIN 4458042: 'House No' conflicto {'179-19', '179-15'}, usando '179-19'
[COL] BIN 4458108: 'House No' conflicto {'10-19', '1019'}, usando '10-19'
[COL] BIN 4458518: 'LOT' conflicto {'130', '134'}, usando '134'
[COL] BIN 4458629: 'House No' conflicto {'62-06', '6202'}, usando '62-06'
[COL] BIN 4458765: 'Street Name' conflicto {'CROSS BAY BOULEVARD', 'CROSSBAY BOULEVARD'}, usando 'CROSSBAY BOULEVARD'
[COL] BIN 4458851: 'House No' conflicto {'126', '52-01'}, usando '126'
[COL] BIN 4458851: 'Street Name' conflicto {'GRAND CENTRAL PARKWAY', 'MERIDIAN ROAD'}, usando 'MERIDIAN ROAD'
[COL] BIN 4459394: 'House No' conflicto {'23-58', '23-60'}, usando '23-58'
[COL] BIN 4459868: 'House No' conflicto {'216-06', '216-08'}, usando '216-06'
[COL] BIN 4459879: 'House No' conflicto {'67-03', '67-01'}, usando '67-03'
[COL] BIN 4459976: 'House No' conflicto {'216-33', '216-35'}, usando '216-35'
[COL] BIN 4459977: 'House No' conflicto {'216-29', '216-31'}, usando '216-31'
[COL] BIN 4459983: 'House No' conflicto {'216-17', '216-15'}, usando '216-15'
[COL] BIN 4459984: 'House No' conflicto {'216-09', '216-11'}, usando '216-11'
[COL] BIN 4459985: 'House No' conflicto {'216-05', '216-07'}, usando '216-07'
[COL] BIN 4459988: 'House No' conflicto {'69-17', '69-15'}, usando '69-15'
[COL] BIN 4459989: 'House No' conflicto {'69-21', '69-19'}, usando '69-21'
[COL] BIN 4459990: 'House No' conflicto {'69-23', '69-25'}, usando '69-25'
[COL] BIN 4459997: 'House No' conflicto {'69-11', '69-09'}, usando '69-09'
[COL] BIN 4460002: 'House No' conflicto {'68-71', '68-73'}, usando '68-73'
[COL] BIN 4460011: 'House No' conflicto {'68-39', '68-41'}, usando '68-39'
[COL] BIN 4460018: 'House No' conflicto {'68-17', '68-15'}, usando '68-15'
[COL] BIN 4460020: 'House No' conflicto {'68-07', '68-05'}, usando '68-05'
[COL] BIN 4462248: 'House No' conflicto {'94-45', '94-23'}, usando '94-45'
[COL] BIN 4462248: 'Street Name' conflicto {'GUY BREWER BOULEVARD', 'GUY R BREWER BOULEVARD'}, usando 'GUY R BREWER BOULEVARD'
[COL] BIN 4463782: 'House No' conflicto {'69-60', '69-76'}, usando '69-60'
[COL] BIN 4464161: 'House No' conflicto {'214', '2-14'}, usando '214'
[COL] BIN 4467591: 'House No' conflicto {'41-60', '41-78'}, usando '41-78'
[COL] BIN 4467829: 'House No' conflicto {'40-08', '61-08'}, usando '40-08'
[COL] BIN 4467829: 'Street Name' conflicto {'61 STREET', 'WOODSIDE AVENUE'}, usando '61 STREET'
[COL] BIN 4474797: 'House No' conflicto {'60-71 GAR', '60-71GAR'}, usando '60-71GAR'
[COL] BIN 4490811: 'House No' conflicto {'81-25GAR', '81-25 GAR'}, usando '81-25 GAR'
[COL] BIN 4518525: 'House No' conflicto {'240-22', '240-24'}, usando '240-24'
[COL] BIN 4530080: 'House No' conflicto {'213-04', '212-20'}, usando '213-04'
[COL] BIN 4530553: 'House No' conflicto {'149-32', '14932'}, usando '14932'
[COL] BIN 4533648: 'House No' conflicto {'202-20', '202-24'}, usando '202-20'
[COL] BIN 4533961: 'House No' conflicto {'25-44', '25-46'}, usando '25-44'
[COL] BIN 4534020: 'Street Name' conflicto {'40th ROAD', '40 ROAD'}, usando '40 ROAD'
[COL] BIN 4534370: 'House No' conflicto {'97-01', '103-71'}, usando '97-01'
[COL] BIN 4534370: 'Street Name' conflicto {'97 STREET', 'LIBERTY AVENUE'}, usando 'LIBERTY AVENUE'
[COL] BIN 4534600: 'House No' conflicto {'164-04', '164-12'}, usando '164-04'
[COL] BIN 4534604: 'House No' conflicto {'4-76', '47-09', '47-05'}, usando '47-09'
[COL] BIN 4534604: 'Street Name' conflicto {'47 AVENUE', 'CENTER BOULEVARD'}, usando 'CENTER BOULEVARD'
[COL] BIN 4534816: 'House No' conflicto {'38-19', '136-17', '136-20', '3819'}, usando '136-20'
[COL] BIN 4534816: 'Street Name' conflicto {'38 AVENUE', 'MAIN STREET', '39 AVENUE'}, usando '38 AVENUE'
[COL] BIN 4534920: 'House No' conflicto {'36-36', '133-53'}, usando '133-53'
[COL] BIN 4534920: 'Street Name' conflicto {'37 AVENUE', 'PRINCE STREET'}, usando '37 AVENUE'
[COL] BIN 4536693: 'House No' conflicto {'133-60', '13360'}, usando '13360'
[COL] BIN 4536739: 'House No' conflicto {'3109', '31-09'}, usando '31-09'
[COL] BIN 4536844: 'House No' conflicto {'41', '123-01'}, usando '41'
[COL] BIN 4536844: 'Street Name' conflicto {'ROOSEVELT AVENUE', 'SEAVER WAY'}, usando 'SEAVER WAY'
[COL] BIN 4536962: 'House No' conflicto {'5-09', '526'}, usando '526'
[COL] BIN 4536962: 'Street Name' conflicto {'47 ROAD', '48 AVENUE'}, usando '47 ROAD'
[COL] BIN 4537589: 'House No' conflicto {'66-83', '70-01'}, usando '70-01'
[COL] BIN 4537589: 'Street Name' conflicto {'METROPOLITAN AVENUE', '70 STREET'}, usando 'METROPOLITAN AVENUE'
[COL] BIN 4537661: 'House No' conflicto {'137-08', '13708'}, usando '137-08'
[COL] BIN 4537937: 'House No' conflicto {'212-65', '212-67', '212-81', '212-71', '212-55', '212-51', '212-59', '212-97'}, usando '212-97'
[COL] BIN 4537938: 'House No' conflicto {'23-90', '23-94', '23-96', '23-88A', '23-70', '23-86', '23-54'}, usando '23-86'
[COL] BIN 4538610: 'House No' conflicto {'4-12', '4-02'}, usando '4-12'
[COL] BIN 4539244: 'House No' conflicto {'3916', '39-16'}, usando '39-16'
[COL] BIN 4539326: 'House No' conflicto {'42-18', '4218'}, usando '4218'
[COL] BIN 4539937: 'House No' conflicto {'25-01', '44-71'}, usando '44-71'
[COL] BIN 4539937: 'Street Name' conflicto {'JACKSON AVENUE', '23 STREET'}, usando '23 STREET'
[COL] BIN 4540003: 'House No' conflicto {'75-03', '75-05', '75-01', '75-09', '75-07'}, usando '75-09'
[COL] BIN 4540156: 'House No' conflicto {'50-09', '2-17'}, usando '2-17'
[COL] BIN 4540156: 'Street Name' conflicto {'51 AVENUE', '2 STREET'}, usando '51 AVENUE'
[COL] BIN 4541252: 'House No' conflicto {'64-73', '6473'}, usando '64-73'
[COL] BIN 4541446: 'House No' conflicto {'34-60', '3500'}, usando '34-60'
[COL] BIN 4541460: 'House No' conflicto {'84-23', '35-64', '84-17', '84-11'}, usando '84-23'
[COL] BIN 4541460: 'Street Name' conflicto {'37 AVENUE', '85 STREET'}, usando '37 AVENUE'
[COL] BIN 4541673: 'House No' conflicto {'68-20', '6820'}, usando '68-20'
[COL] BIN 4541700: 'House No' conflicto {'36-03', '3616', '36-18'}, usando '36-18'
[COL] BIN 4541700: 'Street Name' conflicto {'MAIN STREET', 'PRINCE STREET'}, usando 'MAIN STREET'
[COL] BIN 4541713: 'House No' conflicto {'4545', '45-45'}, usando '4545'
[COL] BIN 4542099: 'House No' conflicto {'29-38', '3002'}, usando '3002'
[COL] BIN 4542099: 'Street Name' conflicto {'30 STREET', '30 AVENUE'}, usando '30 STREET'
[COL] BIN 4545780: 'House No' conflicto {'37-43', '37-45'}, usando '37-43'
[COL] BIN 4546655: 'House No' conflicto {'1540', '15-40'}, usando '1540'
[COL] BIN 4547055: 'House No' conflicto {'93-16A', '93-16'}, usando '93-16A'
[COL] BIN 4549093: 'House No' conflicto {'104-38REAR', '104-38 REA'}, usando '104-38 REA'
[COL] BIN 4549352: 'House No' conflicto {'9719', '97-19'}, usando '9719'
[COL] BIN 4555034: 'House No' conflicto {'104-14', '126-14'}, usando '104-14'
[COL] BIN 4555034: 'Street Name' conflicto {'127 STREET', 'LIBERTY AVENUE'}, usando '127 STREET'
[COL] BIN 4570298: 'House No' conflicto {'51-35', '85-15'}, usando '85-15'
[COL] BIN 4570298: 'Street Name' conflicto {'REEDER STREET', 'QUEENS BOULEVARD'}, usando 'QUEENS BOULEVARD'
[COL] BIN 4573539: 'House No' conflicto {'4235', '42-35'}, usando '4235'
[COL] BIN 4588563: 'House No' conflicto {'2002', '20-02', '1005'}, usando '20-02'
[COL] BIN 4588563: 'Street Name' conflicto {'CORNAGA AVENUE', 'BEACH   20 STREET'}, usando 'CORNAGA AVENUE'
[COL] BIN 4592673: 'House No' conflicto {'133-16', '133-20', '133-26'}, usando '133-26'
[COL] BIN 4593411: 'Street Name' conflicto {'VAN WYCK EXPRESSWAY SR WEST', 'VAN WYCK EXPRESSWAY'}, usando 'VAN WYCK EXPRESSWAY'
[COL] BIN 4594411: 'House No' conflicto {'90-11', '90-14'}, usando '90-14'
[COL] BIN 4594411: 'Street Name' conflicto {'161 STREET', '160 STREET'}, usando '161 STREET'
[COL] BIN 4595606: 'House No' conflicto {'25-83', '31-09'}, usando '31-09'
[COL] BIN 4595606: 'Street Name' conflicto {'28 AVENUE', '31 STREET'}, usando '28 AVENUE'
[COL] BIN 4595606: 'LOT' conflicto {'2', '7502'}, usando '2'
[COL] BIN 4596242: 'House No' conflicto {'102-14', '102-18'}, usando '102-18'
[COL] BIN 4596418: 'House No' conflicto {'218-12', '218-14'}, usando '218-12'
[COL] BIN 4596492: 'House No' conflicto {'67-76', '67-74'}, usando '67-76'
[COL] BIN 4596605: 'House No' conflicto {'69-57', '69-55'}, usando '69-55'
[COL] BIN 4596665: 'House No' conflicto {'67-83', '67-85'}, usando '67-83'
[COL] BIN 4597011: 'LOT' conflicto {'1308', '1307'}, usando '1307'
[COL] BIN 4597012: 'LOT' conflicto {'1309', '1308'}, usando '1308'
[COL] BIN 4597014: 'LOT' conflicto {'1312', '1310'}, usando '1312'
[COL] BIN 4597144: 'House No' conflicto {'133-36', '13336'}, usando '133-36'
[COL] BIN 4607310: 'House No' conflicto {'138-35', '38-08'}, usando '138-35'
[COL] BIN 4607310: 'Street Name' conflicto {'39 AVENUE', 'UNION STREET'}, usando '39 AVENUE'
[COL] BIN 4607809: 'House No' conflicto {'43-02', '136-30'}, usando '43-02'
[COL] BIN 4607809: 'Street Name' conflicto {'COLDEN STREET', 'CHERRY AVENUE'}, usando 'COLDEN STREET'
[COL] BIN 4610095: 'House No' conflicto {'22-18 REAR', '2218 REAR'}, usando '2218 REAR'
[COL] BIN 4610367: 'House No' conflicto {'13-26', '132-29'}, usando '13-26'
[COL] BIN 4610367: 'Street Name' conflicto {'133 PLACE', '14 AVENUE'}, usando '133 PLACE'
[COL] BIN 4610805: 'House No' conflicto {'136-46', '136-44'}, usando '136-46'
[COL] BIN 4614981: 'House No' conflicto {'37-04', '37-02', '37-10'}, usando '37-02'
[COL] BIN 4615628: 'House No' conflicto {'2803', '28-33', '28-07'}, usando '28-33'
[COL] BIN 4615634: 'House No' conflicto {'61-01', '6115', '61-35'}, usando '6115'
[COL] BIN 4616477: 'House No' conflicto {'45-64', '4564'}, usando '4564'
[COL] BIN 4617191: 'House No' conflicto {'4325', '43-25'}, usando '43-25'
[COL] BIN 4618337: 'House No' conflicto {'37-14', '37-26'}, usando '37-14'
[COL] BIN 4618345: 'House No' conflicto {'133-49', '133-47'}, usando '133-49'
[COL] BIN 4618349: 'House No' conflicto {'13327', '133-27'}, usando '133-27'
[COL] BIN 4618361: 'House No' conflicto {'4015', '40-15'}, usando '40-15'
[COL] BIN 4618361: 'LOT' conflicto {'7502', '19'}, usando '7502'
[COL] BIN 4618544: 'LOT' conflicto {'7502', '25'}, usando '25'
[COL] BIN 4618575: 'House No' conflicto {'33-70', '134-37', '134-23'}, usando '134-37'
[COL] BIN 4618575: 'Street Name' conflicto {'35 AVENUE', 'FARRINGTON STREET'}, usando '35 AVENUE'
[COL] BIN 4618853: 'House No' conflicto {'3520', '35-20'}, usando '3520'
[COL] BIN 4618853: 'LOT' conflicto {'7503', '39'}, usando '7503'
[COL] BIN 4619102: 'House No' conflicto {'132-25', '132-27'}, usando '132-25'
[COL] BIN 4619386: 'House No' conflicto {'98-32', '98-36', '97-12', '98-08'}, usando '98-36'
[COL] BIN 4619386: 'Street Name' conflicto {'65 ROAD', 'QUEENS BOULEVARD'}, usando 'QUEENS BOULEVARD'
[COL] BIN 4619734: 'LOT' conflicto {'7501', '34'}, usando '7501'
[COL] BIN 4619736: 'LOT' conflicto {'39', '7501'}, usando '7501'
[COL] BIN 4619856: 'House No' conflicto {'1-15', '1-17'}, usando '1-15'
[COL] BIN 4619918: 'House No' conflicto {'164-01', '40-15'}, usando '40-15'
[COL] BIN 4619918: 'Street Name' conflicto {'NORTHERN BOULEVARD', '164 STREET'}, usando '164 STREET'
[COL] BIN 4620008: 'LOT' conflicto {'7501', '25'}, usando '25'
[COL] BIN 4620816: 'House No' conflicto {'22-11', '22-21', '22-15'}, usando '22-11'
[COL] BIN 4620870: 'House No' conflicto {'25-40', '25-34'}, usando '25-34'
[COL] BIN 4620900: 'House No' conflicto {'72-01', '7201'}, usando '72-01'
[COL] BIN 4620991: 'House No' conflicto {'44-01', '34-35'}, usando '44-01'
[COL] BIN 4620991: 'Street Name' conflicto {'NORTHERN BOULEVARD', '44 STREET'}, usando 'NORTHERN BOULEVARD'
[COL] BIN 4622929: 'House No' conflicto {'1047', '1061'}, usando '1061'
[COL] BIN 4623050: 'House No' conflicto {'4114', '41-14'}, usando '4114'
[COL] BIN 4623252: 'House No' conflicto {'59-03', '59-01', '59-05', '59-07', '59-11'}, usando '59-01'
[COL] BIN 4623262: 'House No' conflicto {'21-27', '21-21'}, usando '21-27'
[COL] BIN 4623326: 'House No' conflicto {'1725', '20-24'}, usando '1725'
[COL] BIN 4623326: 'Street Name' conflicto {'VILLAGE LANE', 'MOTT AVENUE'}, usando 'VILLAGE LANE'
[COL] BIN 4623357: 'House No' conflicto {'5119', '51-19'}, usando '51-19'
[COL] BIN 4623504: 'House No' conflicto {'28-16', '28-18', '27-49'}, usando '27-49'
[COL] BIN 4623504: 'Street Name' conflicto {'JACKSON AVENUE', '42 ROAD'}, usando 'JACKSON AVENUE'
[COL] BIN 4623504: 'LOT' conflicto {'7503', '3'}, usando '7503'
[COL] BIN 4623683: 'LOT' conflicto {'7502', '62'}, usando '62'
[COL] BIN 4623723: 'House No' conflicto {'163-07', '92-33', '163-05', '92-25'}, usando '163-05'
[COL] BIN 4623723: 'Street Name' conflicto {'GUY R BREWER BOULEVARD', 'ARCHER AVENUE'}, usando 'ARCHER AVENUE'
[COL] BIN 4623738: 'House No' conflicto {'2-05', '2-20'}, usando '2-20'
[COL] BIN 4623802: 'House No' conflicto {'114-16', '114-18'}, usando '114-16'
[COL] BIN 4623806: 'Street Name' conflicto {'COLLEGE POINT BOULEVARD', 'COLLEGE POINT BLVD'}, usando 'COLLEGE POINT BOULEVARD'
[COL] BIN 4623812: 'House No' conflicto {'27-05', '25-30'}, usando '27-05'
[COL] BIN 4623812: 'Street Name' conflicto {'JACKSON AVENUE', 'THOMSON AVENUE'}, usando 'THOMSON AVENUE'
[COL] BIN 4623859: 'House No' conflicto {'2720', '27-20'}, usando '2720'
[COL] BIN 4624109: 'House No' conflicto {'258-18', '258-14'}, usando '258-18'
[COL] BIN 4624110: 'House No' conflicto {'258-06', '258-02'}, usando '258-06'
[DUP] BIN 4624116: Job Filing duplicado 'Q00657653-A9' eliminado
[DUP] BIN 4624116: Job Filing duplicado 'Q00657653-A9' eliminado
[COL] BIN 4624116: 'House No' conflicto {'94 -15', '94-15'}, usando '94-15'
[COL] BIN 4624119: 'LOT' conflicto {'39', '7501'}, usando '39'
[COL] BIN 4624268: 'House No' conflicto {'204-20 GAR', '204-20'}, usando '204-20'
[DUP] BIN 4624284: Job Filing duplicado 'Q00718151-B1' eliminado
[COL] BIN 4624340: 'House No' conflicto {'34-40', '34-32'}, usando '34-32'
[DUP] BIN 4624384: Job Filing duplicado 'Q08051255-P8' eliminado
[COL] BIN 4624439: 'House No' conflicto {'25-27', '31-90'}, usando '31-90'
[COL] BIN 4624439: 'Street Name' conflicto {'BROADWAY', '29 STREET'}, usando '29 STREET'
[COL] BIN 4624439: 'LOT' conflicto {'7505', '1'}, usando '1'
[DUP] BIN 4624538: Job Filing duplicado 'Q08048612-P2' eliminado
[COL] BIN 4624568: 'LOT' conflicto {'42', '41'}, usando '42'
[COL] BIN 4624770: 'LOT' conflicto {'91', '90'}, usando '91'
[COL] BIN 4624797: 'House No' conflicto {'38-19', '38-15'}, usando '38-15'
[COL] BIN 4624797: 'LOT' conflicto {'151', '143'}, usando '143'
[COL] BIN 4624804: 'LOT' conflicto {'7502', '1'}, usando '1'
[COL] BIN 4624843: 'House No' conflicto {'25-01', '41-46'}, usando '41-46'
[COL] BIN 4624843: 'Street Name' conflicto {'QUEENS PLAZA NORTH', '27 STREET'}, usando '27 STREET'
[COL] BIN 4625097: 'Street Name' conflicto {'Glenwood Street', 'GLENWOOD STREET'}, usando 'Glenwood Street'
[COL] BIN 4625162: 'Street Name' conflicto {'115 STREET', '115 Street'}, usando '115 STREET'
[DUP] BIN 4625171: Job Filing duplicado 'Q00516098-B6' eliminado
[COL] BIN 4625206: 'House No' conflicto {'2-33', '2-25', '2-13', '49-02'}, usando '2-33'
[COL] BIN 4625206: 'Street Name' conflicto {'5 STREET', '50 AVENUE'}, usando '50 AVENUE'
[COL] BIN 4625213: 'House No' conflicto {'98-75', '98-14', '98-69', '98-81'}, usando '98-81'
[COL] BIN 4625213: 'Street Name' conflicto {'66 AVENUE', 'QUEENS BOULEVARD'}, usando 'QUEENS BOULEVARD'
[COL] BIN 4625349: 'Street Name' conflicto {'BEACH 116 STREET', 'BEACH  116 STREET'}, usando 'BEACH  116 STREET'
[COL] BIN 4625391: 'House No' conflicto {'88-11', '179-36'}, usando '179-36'
[COL] BIN 4625391: 'Street Name' conflicto {'179 PLACE', 'HILLSIDE AVENUE'}, usando 'HILLSIDE AVENUE'
[COL] BIN 4625391: 'LOT' conflicto {'7501', '28'}, usando '7501'
[COL] BIN 4625393: 'Street Name' conflicto {'BEACH  142 STREET', 'BEACH 142 STREET'}, usando 'BEACH  142 STREET'
[COL] BIN 4625396: 'House No' conflicto {'45-07', '248-06', '248-04'}, usando '45-07'
[COL] BIN 4625396: 'Street Name' conflicto {'248 STREET', 'NORTHERN BOULEVARD'}, usando '248 STREET'
[COL] BIN 4625490: 'House No' conflicto {'43-10', '27-34'}, usando '27-34'
[COL] BIN 4625490: 'Street Name' conflicto {'JACKSON AVENUE', 'QUEENS STREET'}, usando 'JACKSON AVENUE'
[COL] BIN 4625553: 'House No' conflicto {'218-08', '218-09'}, usando '218-09'
[COL] BIN 4625553: 'Street Name' conflicto {'HEMPSTEAD AVENUE', '101 AVENUE'}, usando 'HEMPSTEAD AVENUE'
[COL] BIN 4625899: 'House No' conflicto {'34-20', '94-18'}, usando '94-18'
[COL] BIN 4625899: 'Street Name' conflicto {'JUNCTION BOULEVARD', '34 AVENUE'}, usando '34 AVENUE'
[COL] BIN 4626156: 'Street Name' conflicto {'BEACH 40 STREET', 'BEACH   40 STREET'}, usando 'BEACH 40 STREET'
[COL] BIN 4825900: 'House No' conflicto {'217-38', '217-76'}, usando '217-38'
[COL] BIN 5000068: 'House No' conflicto {'91', '85'}, usando '85'
[COL] BIN 5000296: 'House No' conflicto {'17', '19'}, usando '19'
[COL] BIN 5000314: 'House No' conflicto {'290', '101'}, usando '101'
[COL] BIN 5000314: 'Street Name' conflicto {'ST MARKS PLACE', 'BELMONT PLACE'}, usando 'BELMONT PLACE'
[COL] BIN 5000956: 'House No' conflicto {'405', '403'}, usando '403'
[COL] BIN 5001442: 'Street Name' conflicto {'VAN BUREN STREET', 'VANBUREN STREET'}, usando 'VAN BUREN STREET'
[COL] BIN 5001762: 'House No' conflicto {'115', '125', '135'}, usando '115'
[COL] BIN 5003118: 'House No' conflicto {'221', '797'}, usando '221'
[COL] BIN 5003118: 'Street Name' conflicto {'BRIGHTON AVENUE', 'FOREST AVENUE'}, usando 'FOREST AVENUE'
[COL] BIN 5003447: 'House No' conflicto {'708', '714'}, usando '714'
[COL] BIN 5004691: 'House No' conflicto {'633', '647'}, usando '647'
[COL] BIN 5006981: 'House No' conflicto {'424', '422'}, usando '424'
[COL] BIN 5008971: 'LOT' conflicto {'35', '7502'}, usando '7502'
[COL] BIN 5013235: 'House No' conflicto {'661', '663'}, usando '661'
[COL] BIN 5013382: 'House No' conflicto {'98', '155'}, usando '98'
[COL] BIN 5013382: 'Street Name' conflicto {'ST PAULS AVENUE', 'GRANT STREET'}, usando 'GRANT STREET'
[COL] BIN 5013390: 'House No' conflicto {'24', '4'}, usando '24'
[COL] BIN 5016025: 'Street Name' conflicto {'WANDEL AVENUE', 'WANDELL AVENUE'}, usando 'WANDEL AVENUE'
[COL] BIN 5016997: 'House No' conflicto {'1450', '1460'}, usando '1450'
[COL] BIN 5022787: 'Street Name' conflicto {'HIGH POINT ROAD', 'HIGHPOINT ROAD'}, usando 'HIGHPOINT ROAD'
[COL] BIN 5022930: 'House No' conflicto {'1743', '1739', '1735'}, usando '1739'
[COL] BIN 5026076: 'House No' conflicto {'39', '85'}, usando '39'
[COL] BIN 5026076: 'Street Name' conflicto {'ST JOSEPHS AVENUE', 'INNIS STREET'}, usando 'INNIS STREET'
[COL] BIN 5027888: 'Street Name' conflicto {'NETHERLANDS AVENUE', 'NETHERLAND AVENUE'}, usando 'NETHERLAND AVENUE'
[COL] BIN 5029207: 'House No' conflicto {'933', '939'}, usando '933'
[COL] BIN 5043856: 'Street Name' conflicto {'ST MARY AVENUE', 'ST MARYS AVENUE'}, usando 'ST MARYS AVENUE'
[COL] BIN 5045156: 'House No' conflicto {'1453', '6'}, usando '6'
[COL] BIN 5045156: 'Street Name' conflicto {'BAY STREET', 'SHORE ACRES ROAD'}, usando 'SHORE ACRES ROAD'
[COL] BIN 5045476: 'Street Name' conflicto {'PICKERSGIL AVENUE', 'PICKERSGILL AVENUE'}, usando 'PICKERSGILL AVENUE'
[COL] BIN 5052593: 'House No' conflicto {'201', '235'}, usando '235'
[COL] BIN 5052791: 'House No' conflicto {'206', '216'}, usando '216'
[COL] BIN 5052860: 'House No' conflicto {'357A', '357'}, usando '357A'
[COL] BIN 5052957: 'House No' conflicto {'1832', '1828'}, usando '1832'
[COL] BIN 5057559: 'House No' conflicto {'276', '278'}, usando '278'
[COL] BIN 5057603: 'House No' conflicto {'324', '326'}, usando '324'
[COL] BIN 5065854: 'House No' conflicto {'225', '750'}, usando '225'
[COL] BIN 5065854: 'Street Name' conflicto {'CLEVELAND AVENUE', 'DURANT AVENUE'}, usando 'CLEVELAND AVENUE'
[COL] BIN 5073068: 'House No' conflicto {'690', '680'}, usando '690'
[COL] BIN 5073190: 'House No' conflicto {'4359', '4343'}, usando '4359'
[COL] BIN 5073227: 'House No' conflicto {'3831', '3833'}, usando '3831'
[COL] BIN 5073737: 'House No' conflicto {'3279', '3257', '3285'}, usando '3285'
[COL] BIN 5073738: 'House No' conflicto {'3275', '3267', '3245', '3247', '3249', '3251', '3271', '3261'}, usando '3247'
[COL] BIN 5095817: 'House No' conflicto {'810', '814'}, usando '810'
[COL] BIN 5104123: 'House No' conflicto {'1775', '1779', '1777'}, usando '1777'
[COL] BIN 5104124: 'House No' conflicto {'989', '985'}, usando '989'
[COL] BIN 5106523: 'House No' conflicto {'345', '355'}, usando '355'
[COL] BIN 5107289: 'House No' conflicto {'2800 E', '2800E'}, usando '2800 E'
[COL] BIN 5107291: 'House No' conflicto {'2800 J', '2800J'}, usando '2800J'
[COL] BIN 5107297: 'House No' conflicto {'2800Y', '2800 Y'}, usando '2800Y'
[COL] BIN 5107370: 'House No' conflicto {'2327', '2327A', '2305'}, usando '2305'
[COL] BIN 5107585: 'House No' conflicto {'2706', '2704', '2712'}, usando '2712'
[COL] BIN 5107589: 'House No' conflicto {'2734', '2742', '2728', '2722', '2720', '2744'}, usando '2728'
[COL] BIN 5107641: 'House No' conflicto {'3155', '3161'}, usando '3155'
[COL] BIN 5107723: 'House No' conflicto {'240', '230'}, usando '230'
[COL] BIN 5107725: 'House No' conflicto {'262', '260'}, usando '262'
[COL] BIN 5107886: 'House No' conflicto {'7321', '7323'}, usando '7321'
[COL] BIN 5108960: 'Street Name' conflicto {'LAGUARDIA AVENUE', 'LA GUARDIA AVENUE'}, usando 'LA GUARDIA AVENUE'
[COL] BIN 5109124: 'House No' conflicto {'240', '110'}, usando '110'
[COL] BIN 5109124: 'Street Name' conflicto {'BRABANT STREET', 'LOCKMAN AVENUE'}, usando 'BRABANT STREET'
[COL] BIN 5109778: 'House No' conflicto {'475', '485'}, usando '485'
[COL] BIN 5110055: 'House No' conflicto {'1507', '1501'}, usando '1501'
[COL] BIN 5110060: 'House No' conflicto {'1541', '1545'}, usando '1545'
[COL] BIN 5110428: 'House No' conflicto {'35', '19', '25'}, usando '35'
[COL] BIN 5110507: 'House No' conflicto {'1006', '1002', '990', '994', '1022'}, usando '994'
[COL] BIN 5110512: 'House No' conflicto {'6400', '6410'}, usando '6400'
[COL] BIN 5112218: 'Street Name' conflicto {'SAINT MARKS PLACE', 'ST MARKS PLACE'}, usando 'ST MARKS PLACE'
[COL] BIN 5115422: 'House No' conflicto {'2005', '965'}, usando '2005'
[COL] BIN 5115422: 'Street Name' conflicto {'VICTORY BOULEVARD', 'JEWETT AVENUE'}, usando 'VICTORY BOULEVARD'
[COL] BIN 5123970: 'House No' conflicto {'6451', '6581'}, usando '6581'
[COL] BIN 5130986: 'House No' conflicto {'1323', '1000'}, usando '1000'
[COL] BIN 5132232: 'House No' conflicto {'2535', '2505'}, usando '2535'
[COL] BIN 5133954: 'House No' conflicto {'4326', '4310'}, usando '4326'
[COL] BIN 5141706: 'House No' conflicto {'2', '1'}, usando '2'
[COL] BIN 5141706: 'Street Name' conflicto {'BOROUGH PLACE', 'BAY STREET'}, usando 'BOROUGH PLACE'
[COL] BIN 5150290: 'House No' conflicto {'985', '965'}, usando '965'
[COL] BIN 5155012: 'LOT' conflicto {'62', '59'}, usando '59'
[COL] BIN 5158313: 'Street Name' conflicto {'EDGEWATER STREET', 'EDGEWATER PLAZA'}, usando 'EDGEWATER PLAZA'
[COL] BIN 5158444: 'House No' conflicto {'1780', '1900'}, usando '1780'
[COL] BIN 5164940: 'Street Name' conflicto {'PUTNAM STREET', 'PUTNAM AVENUE'}, usando 'PUTNAM STREET'
[COL] BIN 5170676: 'House No' conflicto {'2800', '2800X'}, usando '2800'
[COL] BIN 5171390: 'LOT' conflicto {'310', '325'}, usando '325'
[COL] BIN 5171653: 'House No' conflicto {'2656', '2600'}, usando '2656'
[COL] BIN 5175150: 'House No' conflicto {'39', '41'}, usando '41'
[COL] BIN 5175273: 'House No' conflicto {'428 GAR', '428GAR'}, usando '428 GAR'
[COL] BIN 5176222: 'House No' conflicto {'30', '30 GAR'}, usando '30'
[COL] BIN 5176711: 'LOT' conflicto {'22', '20'}, usando '22'
[COL] BIN 5176712: 'LOT' conflicto {'23', '21'}, usando '21'
